threshold,precision,recall,specificity,f1,f2,balanced_accuracy,mcc,tp,fp,tn,fn
0.07032914459705353,0.020007621951219513,1.0,0.0,0.03923033812815244,0.09262526464361327,0.5,0.0,105,5143,0,0
0.07038769870996475,0.020011435105774727,1.0,0.00019443904335990667,0.03923766816143498,0.092641609317099,0.50009721952168,0.001972562875607693,105,5142,1,0
0.07061244547367096,0.020015249714067863,1.0,0.00038887808671981335,0.039245000934404785,0.09265795975997176,0.5001944390433599,0.002789891039812487,105,5141,2,0
0.07162308692932129,0.02001906577693041,1.0,0.00058331713007972,0.03925233644859813,0.09267431597528684,0.5002916585650399,0.0034172304569455346,105,5140,3,0
0.07230021059513092,0.02002288329519451,1.0,0.0007777561734396267,0.03925967470555244,0.0926906779661017,0.5003888780867198,0.00394625405833161,105,5139,4,0
0.07267755270004272,0.020026702269692925,1.0,0.0009721952167995333,0.03926701570680628,0.09270704573547589,0.5004860976083998,0.004412466901276861,105,5138,5,0
0.07667502760887146,0.02003052270125906,1.0,0.00116663426015944,0.039274359453899385,0.09272341928647121,0.5005833171300798,0.004834076337025537,105,5137,6,0
0.07703847438097,0.02003434459072696,1.0,0.0013610733035193468,0.03928170594837262,0.09273979862215156,0.5006805366517597,0.005221897315722103,105,5136,7,0
0.07725562155246735,0.020038167938931296,1.0,0.0015555123468792534,0.03928905519176801,0.09275618374558305,0.5007777561734397,0.0055829756974079365,105,5135,8,0
0.07890885323286057,0.02004199274670739,1.0,0.00174995139023916,0.03929640718562874,0.09277257465983389,0.5008749756951196,0.005922205085123593,105,5134,9,0
0.07911284267902374,0.02004581901489118,1.0,0.0019443904335990666,0.039303761931499155,0.09278897136797455,0.5009721952167996,0.006243148142260655,105,5133,10,0
0.07975952327251434,0.020049646744319267,1.0,0.0021388294769589733,0.039311119430924746,0.0928053738730776,0.5010694147384794,0.0065484941367740844,105,5132,11,0
0.0827663317322731,0.020053475935828877,1.0,0.00233326852031888,0.039318479685452164,0.09282178217821782,0.5011666342601594,0.006840332164744759,105,5131,12,0
0.08366277068853378,0.02005730659025788,1.0,0.0025277075636787865,0.03932584269662921,0.09283819628647215,0.5012638537818394,0.007120323417880625,105,5130,13,0
0.08383766561746597,0.020061138708444785,1.0,0.0027221466070386936,0.03933320846600487,0.0928546162009197,0.5013610733035193,0.007389814657251261,105,5129,14,0
0.08554920554161072,0.02006497229122874,1.0,0.0029165856503986,0.03934057699512926,0.09287104192464178,0.5014582928251993,0.007649915702819428,105,5128,15,0
0.08588840067386627,0.020068807339449542,1.0,0.003111024693758507,0.03934794828555368,0.09288747346072186,0.5015555123468792,0.007901553974207193,105,5127,16,0
0.08596652746200562,0.02007264385394762,1.0,0.0033054637371184134,0.03935532233883059,0.09290391081224562,0.5016527318685592,0.008145513879879933,105,5126,17,0
0.08635678142309189,0.020076481835564052,1.0,0.00349990278047832,0.03936269915651359,0.09292035398230089,0.5017499513902391,0.008382465902019114,105,5125,18,0
0.08649671077728271,0.020080321285140562,1.0,0.0036943418238382267,0.03937007874015748,0.09293680297397769,0.5018471709119191,0.008612988491795618,105,5124,19,0
0.08666763454675674,0.02008416220351951,1.0,0.0038887808671981333,0.039377461091318205,0.09295325779036827,0.5019443904335991,0.008837584834713077,105,5123,20,0
0.08671972155570984,0.020088004591543907,1.0,0.00408321991055804,0.03938484621155289,0.09296971843456703,0.502041609955279,0.009056695882692176,105,5122,21,0
0.08686666190624237,0.020091848450057407,1.0,0.0042776589539179465,0.03939223410241981,0.09298618490967056,0.502138829476959,0.009270710621260404,105,5121,22,0
0.0871010571718216,0.020095693779904306,1.0,0.004472097997277854,0.039399624765478425,0.09300265721877768,0.5022360489986389,0.009479974256664364,105,5120,23,0
0.08718237280845642,0.020099540581929556,1.0,0.00466653704063776,0.03940701820228936,0.09301913536498937,0.5023332685203189,0.00968479481586348,105,5119,24,0
0.08721355348825455,0.020103388856978748,1.0,0.004860976083997667,0.039414414414414414,0.09303561935140882,0.5024304880419989,0.00988544851997515,105,5118,25,0
0.08730711787939072,0.020107238605898123,1.0,0.005055415127357573,0.03942181340341656,0.09305210918114144,0.5025277075636788,0.01008218419875602,105,5117,26,0
0.08740933984518051,0.02011108982953457,1.0,0.00524985417071748,0.039429215170859934,0.0930686048572948,0.5026249270853588,0.010275226947335809,105,5116,27,0
0.08806832134723663,0.020114942528735632,1.0,0.005444293214077387,0.03943661971830986,0.09308510638297872,0.5027221466070387,0.010464781178350174,105,5115,28,0
0.08809549361467361,0.020118796704349493,1.0,0.005638732257437293,0.03944402704733283,0.0931016137613052,0.5028193661287187,0.010651033187331575,105,5114,29,0
0.08818469941616058,0.02012265235722499,1.0,0.0058331713007972,0.039451437159496526,0.09311812699538843,0.5029165856503987,0.010834153322991324,105,5113,30,0
0.0885203555226326,0.020126509488211614,1.0,0.0060276103441571065,0.03945885005636979,0.09313464608834486,0.5030138051720785,0.011014297834311569,105,5112,31,0
0.0887717753648758,0.020130368098159507,1.0,0.006222049387517014,0.039466265739522645,0.09315117104329311,0.5031110246937585,0.011191610451389262,105,5111,32,0
0.08908405154943466,0.020134228187919462,1.0,0.00641648843087692,0.039473684210526314,0.09316770186335403,0.5032082442154384,0.011366223745484743,105,5110,33,0
0.08994325250387192,0.020138089758342925,1.0,0.006610927474236827,0.03948110547095319,0.09318423855165069,0.5033054637371184,0.011538260304832635,105,5109,34,0
0.09010031819343567,0.02014195281028199,1.0,0.006805366517596733,0.03948852952237683,0.09320078111130836,0.5034026832587983,0.011707833755828038,105,5108,35,0
0.09067920595407486,0.02014581734458941,1.0,0.00699980556095664,0.039495956366372015,0.09321732954545454,0.5034999027804783,0.011875049653735082,105,5107,36,0
0.09077253192663193,0.020149683362118594,1.0,0.007194244604316547,0.039503386004514675,0.09323388385721897,0.5035971223021583,0.012040006262731285,105,5106,37,0
0.09116001427173615,0.02015355086372361,1.0,0.007388683647676453,0.03951081843838194,0.09325044404973357,0.5036943418238382,0.012202795241640755,105,5105,38,0
0.09149905294179916,0.020157419850259168,1.0,0.00758312269103636,0.039518253669552125,0.09326701012613253,0.5037915613455182,0.012363502248927972,105,5104,39,0
0.09164194017648697,0.020161290322580645,1.0,0.0077775617343962666,0.039525691699604744,0.09328358208955224,0.5038887808671981,0.012522207478274625,105,5103,40,0
0.09181708842515945,0.020165162281544077,1.0,0.007972000777756174,0.03953313253012048,0.09330015994313133,0.5039860003888781,0.012678986134232061,105,5102,41,0
0.09185386449098587,0.020169035728006147,1.0,0.00816643982111608,0.03954057616268123,0.09331674369001067,0.504083219910558,0.012833908855944954,105,5101,42,0
0.09241785109043121,0.020172910662824207,1.0,0.008360878864475986,0.03954802259887006,0.09333333333333334,0.504180439432238,0.012987042095710985,105,5100,43,0
0.09293793141841888,0.020176787086856263,1.0,0.008555317907835893,0.039555471840271236,0.09334992887624466,0.504277658953918,0.013138448458123715,105,5099,44,0
0.09310421347618103,0.020180665000960985,1.0,0.0087497569511958,0.039562923888470235,0.09336653032189222,0.5043748784755979,0.013288187004701286,105,5098,45,0
0.09330330044031143,0.020184544405997693,1.0,0.008944195994555707,0.0395703787450537,0.09338313767342583,0.5044720979972779,0.013436313528198735,105,5097,46,0
0.09349309653043747,0.020188425302826378,1.0,0.009138635037915614,0.0395778364116095,0.09339975093399751,0.5045693175189578,0.013582880800211392,105,5096,47,0
0.09359395503997803,0.020192307692307693,1.0,0.00933307408127552,0.03958529688972667,0.09341637010676157,0.5046665370406378,0.013727938795180333,105,5095,48,0
0.09368085861206055,0.020196191575302943,1.0,0.009527513124635427,0.03959276018099547,0.09343299519487454,0.5047637565623178,0.013871534893491428,105,5094,49,0
0.0938885509967804,0.020200076952674107,1.0,0.009721952167995334,0.03960022628700736,0.09344962620149519,0.5048609760839977,0.014013714066004152,105,5093,50,0
0.0939430445432663,0.02020396382528382,1.0,0.00991639121135524,0.03960769520935496,0.09346626312978458,0.5049581956056777,0.014154519042043909,105,5092,51,0
0.09445437043905258,0.02020785219399538,1.0,0.010110830254715146,0.039615166949632144,0.09348290598290598,0.5050554151273575,0.014293990462633603,105,5091,52,0
0.09482656419277191,0.02021174205967276,1.0,0.010305269298075053,0.03962264150943396,0.09349955476402494,0.5051526346490375,0.01443216702051906,105,5090,53,0
0.09496340900659561,0.02021563342318059,1.0,0.01049970834143496,0.03963011889035667,0.09351620947630923,0.5052498541707174,0.01456908558835319,105,5089,54,0
0.09523261338472366,0.020219526285384173,1.0,0.010694147384794867,0.039637599093997736,0.09353287012292892,0.5053470736923974,0.01470478133624,105,5088,55,0
0.09533409029245377,0.02022342064714946,1.0,0.010888586428154774,0.039645082121955826,0.0935495367070563,0.5054442932140774,0.01483928783969826,105,5087,56,0
0.09564226865768433,0.020227316509343094,1.0,0.01108302547151468,0.03965256797583082,0.09356620923186598,0.5055415127357573,0.014972637178982161,105,5086,57,0
0.09566416591405869,0.02023121387283237,1.0,0.011277464514874587,0.039660056657223795,0.09358288770053476,0.5056387322574373,0.015104860030589674,105,5085,58,0
0.09571895003318787,0.02023511273848526,1.0,0.011471903558234494,0.039667548167737064,0.09359957211624176,0.5057359517791172,0.01523598575169671,105,5084,59,0
0.09578525274991989,0.020239013107170394,1.0,0.0116663426015944,0.039675042508974113,0.09361626248216832,0.5058331713007972,0.015366042458174108,105,5083,60,0
0.09601994603872299,0.020242914979757085,1.0,0.011860781644954306,0.03968253968253968,0.09363295880149813,0.5059303908224771,0.015495057096773585,105,5082,61,0
0.0962493047118187,0.02024681835711531,1.0,0.012055220688314213,0.03969003969003969,0.09364966107741705,0.5060276103441571,0.015623055512006495,105,5081,62,0
0.09627973288297653,0.020250723240115717,1.0,0.01224965973167412,0.03969754253308128,0.0936663693131133,0.5061248298658371,0.015750062508184618,105,5080,63,0
0.09645570069551468,0.02025462962962963,1.0,0.012444098775034027,0.03970504821327283,0.0936830835117773,0.506222049387517,0.015876101907043867,105,5079,64,0
0.09668245166540146,0.020258537526529036,1.0,0.012638537818393934,0.0397125567322239,0.09369980367660181,0.506319268909197,0.016001196601329225,105,5078,65,0
0.09680510312318802,0.020262446931686606,1.0,0.01283297686175384,0.039720068091545296,0.09371652981078187,0.5064164884308769,0.016125368604681545,105,5077,66,0
0.09693663567304611,0.02026635784597568,1.0,0.013027415905113747,0.039727582292849034,0.09373326191751473,0.5065137079525569,0.01624863909813343,105,5076,67,0
0.09703849256038666,0.02027027027027027,1.0,0.013221854948473654,0.039735099337748346,0.09375,0.5066109274742369,0.016371028473491558,105,5075,68,0
0.09710250049829483,0.020274184205445068,1.0,0.01341629399183356,0.039742619227857684,0.09376674406143955,0.5067081469959168,0.016492556373856646,105,5074,69,0
0.09719602018594742,0.020278099652375436,1.0,0.013610733035193466,0.039750141964792735,0.09378349410503752,0.5068053665175968,0.016613241731508376,105,5073,70,0
0.09779206663370132,0.020282016611937414,1.0,0.013805172078553373,0.03975766755017039,0.09380025013400035,0.5069025860392767,0.016733102803361787,105,5072,71,0
0.09811408072710037,0.020285935085007728,1.0,0.01399961112191328,0.039765195985608785,0.09381701215153682,0.5069998055609566,0.016852157204182646,105,5071,72,0
0.09813666343688965,0.020289855072463767,1.0,0.014194050165273187,0.03977272727272727,0.0938337801608579,0.5070970250826365,0.016970421937732526,105,5070,73,0
0.09822781383991241,0.020293776575183612,1.0,0.014388489208633094,0.03978026141314643,0.09385055416517697,0.5071942446043165,0.017087913425999104,105,5069,74,0
0.09824826568365097,0.02029769959404601,1.0,0.014582928251993,0.03978779840848806,0.09386733416770963,0.5072914641259965,0.017204647536653586,105,5068,75,0
0.09825930744409561,0.020301624129930394,1.0,0.014777367295352907,0.039795338260375214,0.09388412017167382,0.5073886836476764,0.017320639608864933,105,5067,76,0
0.09845057129859924,0.020305550183716884,1.0,0.014971806338712814,0.03980288097043214,0.09390091218028974,0.5074859031693564,0.017435904477589442,105,5066,77,0
0.09881763160228729,0.020309477756286266,1.0,0.01516624538207272,0.03981042654028436,0.09391771019677997,0.5075831226910363,0.017550456496444336,105,5065,78,0
0.09919172525405884,0.020313406848520024,1.0,0.015360684425432626,0.03981797497155859,0.0939345142243693,0.5076803422127163,0.01766430955926492,105,5064,79,0
0.09920541197061539,0.02031733746130031,1.0,0.015555123468792533,0.0398255262658828,0.0939513242662849,0.5077775617343963,0.017777477120436695,105,5063,80,0
0.09921938925981522,0.020127733694600348,0.9904761904761905,0.015555123468792533,0.03945371775417299,0.09307320565598712,0.5030156569724915,0.006850986419903554,104,5063,80,1
0.09926849603652954,0.02013162988772745,0.9904761904761905,0.01574956251215244,0.039461202807816356,0.09308986752595776,0.5031128764941715,0.00702927720343433,104,5062,81,1
0.09945579618215561,0.020135527589545014,0.9904761904761905,0.015944001555512347,0.039468690702087285,0.09310653536257833,0.5032100960158514,0.007205709025432129,104,5061,82,1
0.09970439970493317,0.020139426800929512,0.9904761904761905,0.016138440598872254,0.03947618143860315,0.09312320916905444,0.5033073155375314,0.007380329959759148,104,5060,83,1
0.09989681094884872,0.020143327522758086,0.9904761904761905,0.01633287964223216,0.039483675018982534,0.09313988894859394,0.5034045350592113,0.007553186231336543,104,5059,84,1
0.09995005279779434,0.020147229755908564,0.9904761904761905,0.01652731868559207,0.03949117144484526,0.09315657470440702,0.5035017545808913,0.007724322309177707,104,5058,85,1
0.09999216347932816,0.020151133501259445,0.9904761904761905,0.016721757728951972,0.03949867071781238,0.09317326643970615,0.5035989741025713,0.007893780993684743,104,5057,86,1
0.1001116931438446,0.020155038759689922,0.9904761904761905,0.01691619677231188,0.03950617283950617,0.0931899641577061,0.5036961936242512,0.008061603498624786,104,5056,87,1
0.10015163570642471,0.02015894553207986,0.9904761904761905,0.017110635815671786,0.03951367781155015,0.09320666786162395,0.5037934131459312,0.008227829528168126,104,5055,88,1
0.10015895962715149,0.02016285381930981,0.9904761904761905,0.017305074859031693,0.03952118563556907,0.09322337755467909,0.5038906326676111,0.00839249734933867,104,5054,89,1
0.10027030110359192,0.020166763622261004,0.9904761904761905,0.0174995139023916,0.0395286963131889,0.09324009324009325,0.5039878521892911,0.008555643860198678,104,5053,90,1
0.10043787211179733,0.02017067494181536,0.9904761904761905,0.017693952945751507,0.039536209846036875,0.09325681492109039,0.504085071710971,0.008717304654063882,104,5052,91,1
0.10063187032938004,0.02017458777885548,0.9904761904761905,0.017888391989111414,0.03954372623574144,0.09327354260089686,0.504182291232651,0.00887751408002141,104,5051,92,1
0.1008903905749321,0.02017850213426465,0.9904761904761905,0.01808283103247132,0.03955124548393231,0.0932902762827413,0.5042795107543309,0.009036305300001565,104,5050,93,1
0.10092788934707642,0.02018241800892684,0.9904761904761905,0.01827727007583123,0.0395587675922404,0.09330701596985466,0.5043767302760108,0.009193710342634925,104,5049,94,1
0.1014876514673233,0.020186335403726708,0.9904761904761905,0.018471709119191132,0.03956629256229789,0.09332376166547021,0.5044739497976908,0.009349760154108334,104,5048,95,1
0.10169372707605362,0.020190254319549603,0.9904761904761905,0.01866614816255104,0.0395738203957382,0.09334051337282355,0.5045711693193707,0.009504484646217132,104,5047,96,1
0.10185952484607697,0.020194174757281552,0.9904761904761905,0.018860587205910946,0.039581351094196006,0.0933572710951526,0.5046683888410507,0.009657912741796034,104,5046,97,1
0.1019393801689148,0.020198096717809283,0.9904761904761905,0.019055026249270853,0.0395888846593072,0.09337403483569762,0.5047656083627307,0.009810072417697442,104,5045,98,1
0.10220490396022797,0.020202020202020204,0.9904761904761905,0.01924946529263076,0.03959642109270893,0.09339080459770115,0.5048628278844106,0.009960990745473491,104,5044,99,1
0.10241415351629257,0.02020594521080241,0.9904761904761905,0.019443904335990667,0.039603960396039604,0.09340758038440812,0.5049600474060906,0.01011069392990671,104,5043,100,1
0.10244804620742798,0.020209871745044693,0.9904761904761905,0.019638343379350574,0.039611502570938865,0.09342436219906576,0.5050572669277705,0.010259207345523609,104,5042,101,1
0.10267960280179977,0.02021379980563654,0.9904761904761905,0.01983278242271048,0.039619047619047616,0.09344115004492363,0.5051544864494505,0.010406555571215977,104,5041,102,1
0.10272752493619919,0.02021772939346812,0.9904761904761905,0.02002722146607039,0.039626595542008,0.09345794392523364,0.5052517059711304,0.01055276242308569,104,5040,103,1
0.1031525731086731,0.020221660509430292,0.9904761904761905,0.020221660509430292,0.039634146341463415,0.09347474384325004,0.5053489254928104,0.010697850985620769,104,5039,104,1
0.10348011553287506,0.020225593154414623,0.9904761904761905,0.0204160995527902,0.03964170001905851,0.09349154980222942,0.5054461450144904,0.010841843641302848,104,5038,105,1
0.10362221300601959,0.020229527329313362,0.9904761904761905,0.020610538596150106,0.03964925657643919,0.09350836180543068,0.5055433645361703,0.010984762098739347,104,5037,106,1
0.10363907366991043,0.020233463035019456,0.9904761904761905,0.020804977639510013,0.03965681601525262,0.09352517985611511,0.5056405840578503,0.011126627419407278,104,5036,107,1
0.10366231203079224,0.020237400272426542,0.9904761904761905,0.02099941668286992,0.03966437833714721,0.09354200395754632,0.5057378035795302,0.011267460043089636,104,5035,108,1
0.10378317534923553,0.02024133904242896,0.9904761904761905,0.021193855726229827,0.039671943543772646,0.09355883411299029,0.5058350231012102,0.011407279812080007,104,5034,109,1
0.10386540740728378,0.020245279345921744,0.9904761904761905,0.021388294769589734,0.03967951163677985,0.09357567032571532,0.5059322426228902,0.011546105994225888,104,5033,110,1
0.10429815202951431,0.020249221183800622,0.9904761904761905,0.02158273381294964,0.03968708261782103,0.09359251259899208,0.5060294621445701,0.011683957304876693,104,5032,111,1
0.10433544218540192,0.020253164556962026,0.9904761904761905,0.02177717285630955,0.03969465648854962,0.09360936093609361,0.5061266816662501,0.011820851927797965,104,5031,112,1
0.10438362509012222,0.02025710946630308,0.9904761904761905,0.021971611899669452,0.03970223325062035,0.09362621534029528,0.5062239011879299,0.01195680753510945,104,5030,113,1
0.10443825274705887,0.020261055912721607,0.9904761904761905,0.02216605094302936,0.039709812905689194,0.09364307581487484,0.5063211207096099,0.012091841306300938,104,5029,114,1
0.10465770214796066,0.020265003897116135,0.9904761904761905,0.022360489986389266,0.039717395455413404,0.0936599423631124,0.5064183402312898,0.012225969946376362,104,5028,115,1
0.10466893762350082,0.02026895342038589,0.9904761904761905,0.022554929029749173,0.03972498090145149,0.0936768149882904,0.5065155597529698,0.01235920970317345,104,5027,116,1
0.10481302440166473,0.0202729044834308,0.9904761904761905,0.02274936807310908,0.03973256924546323,0.0936936936936937,0.5066127792746498,0.012491576383903295,104,5026,117,1
0.104908786714077,0.020276857087151493,0.9904761904761905,0.022943807116468987,0.039740160489109666,0.09371057848260948,0.5067099987963297,0.012623085370951427,104,5025,118,1
0.10495240241289139,0.0202808112324493,0.9904761904761905,0.023138246159828894,0.039747754634053126,0.09372746935832732,0.5068072183180097,0.012753751636979454,104,5024,119,1
0.10512474179267883,0.020284766920226252,0.9904761904761905,0.0233326852031888,0.039755351681957186,0.09374436632413917,0.5069044378396896,0.012883589759363935,104,5023,120,1
0.10513514280319214,0.020288724151385096,0.9904761904761905,0.02352712424654871,0.03976295163448671,0.09376126938333934,0.5070016573613696,0.01301261393400693,104,5022,121,1
0.1051366925239563,0.02029268292682927,0.9904761904761905,0.023721563289908612,0.03977055449330784,0.09377817853922453,0.5070988768830496,0.013140837988550626,104,5021,122,1
0.10516204684972763,0.02029664324746292,0.9904761904761905,0.02391600233326852,0.03977816026008797,0.09379509379509379,0.5071960964047295,0.01326827539502652,104,5020,123,1
0.1052163764834404,0.020300605114190903,0.9904761904761905,0.024110441376628426,0.03978576893649579,0.0938120151542486,0.5072933159264095,0.013394939281967803,104,5019,124,1
0.10535959899425507,0.02030456852791878,0.9904761904761905,0.024304880419988333,0.03979338052420126,0.09382894261999278,0.5073905354480894,0.013520842446011969,104,5018,125,1
0.10545852035284042,0.020308533489552822,0.9904761904761905,0.02449931946334824,0.03980099502487562,0.09384587619563256,0.5074877549697694,0.013645997363019061,104,5017,126,1
0.1055803894996643,0.0203125,0.9904761904761905,0.024693758506708147,0.03980861244019139,0.09386281588447654,0.5075849744914493,0.013770416198729535,104,5016,127,1
0.10570176690816879,0.020316468060168003,0.9904761904761905,0.024888197550068054,0.039816232771822356,0.09387976168983571,0.5076821940131293,0.013894110818984357,104,5015,128,1
0.10579132288694382,0.02032043767096522,0.9904761904761905,0.02508263659342796,0.039823856021443615,0.09389671361502347,0.5077794135348093,0.014017092799528612,104,5014,129,1
0.10586263984441757,0.020324408833300764,0.9904761904761905,0.02527707563678787,0.03983148219073152,0.09391367166335561,0.5078766330564892,0.014139373435418797,104,5013,130,1
0.10593186318874359,0.020328381548084442,0.9904761904761905,0.025471514680147772,0.03983911128136372,0.09393063583815028,0.5079738525781692,0.014260963750052797,104,5012,131,1
0.10626450926065445,0.020332355816226784,0.9904761904761905,0.02566595372350768,0.03984674329501916,0.0939476061427281,0.5080710720998491,0.014381874503840444,104,5011,132,1
0.10637395083904266,0.02033633163863903,0.9904761904761905,0.025860392766867586,0.03985437823337804,0.093964582580412,0.5081682916215291,0.014502116202531723,104,5010,133,1
0.10644667595624924,0.02034030901623313,0.9904761904761905,0.026054831810227493,0.039862016098121886,0.09398156515452738,0.508265511143209,0.014621699105218548,104,5009,134,1
0.10656297951936722,0.02034428794992175,0.9904761904761905,0.0262492708535874,0.03986965689093349,0.09399855386840203,0.5083627306648889,0.014740633232025416,104,5008,135,1
0.10657033324241638,0.020348268440618274,0.9904761904761905,0.026443709896947307,0.03987730061349693,0.09401554872536612,0.5084599501865689,0.014858928371503185,104,5007,136,1
0.10661192983388901,0.020352250489236792,0.9904761904761905,0.026638148940307214,0.039884947267497604,0.09403254972875226,0.5085571697082488,0.014976594087739645,104,5006,137,1
0.106831394135952,0.020356234096692113,0.9904761904761905,0.02683258798366712,0.039892596854622174,0.09404955688189547,0.5086543892299288,0.015093639727199739,104,5005,138,1
0.1068345382809639,0.020360219263899765,0.9904761904761905,0.02702702702702703,0.0399002493765586,0.09406657018813314,0.5087516087516087,0.01521007442530763,104,5004,139,1
0.10690049082040787,0.020364205991775994,0.9904761904761905,0.027221466070386932,0.039907904834996163,0.09408358965080514,0.5088488282732887,0.015325907112782198,104,5003,140,1
0.107054702937603,0.020368194281237758,0.9904761904761905,0.02741590511374684,0.03991556323162541,0.09410061527325371,0.5089460477949687,0.015441146521736912,104,5002,141,1
0.10712985694408417,0.020372184133202742,0.9904761904761905,0.027610344157106746,0.039923224568138196,0.09411764705882353,0.5090432673166486,0.015555801191554516,104,5001,142,1
0.10740691423416138,0.02037617554858934,0.9904761904761905,0.027804783200466653,0.03993088884622768,0.0941346850108617,0.5091404868383286,0.015669879474546372,104,5000,143,1
0.10746206343173981,0.020380168528316676,0.9904761904761905,0.02799922224382656,0.039938556067588324,0.09415172913271773,0.5092377063600085,0.015783389541405846,104,4999,144,1
0.10747095197439194,0.020384163073304585,0.9904761904761905,0.028193661287186467,0.03994622623391588,0.09416877942774357,0.5093349258816885,0.01589633938646466,104,4998,145,1
0.10785344243049622,0.020388159184473634,0.9904761904761905,0.028388100330546374,0.039953899346907414,0.09418583589929361,0.5094321454033685,0.016008736832760637,104,4997,146,1
0.10814380645751953,0.0203921568627451,0.9904761904761905,0.02858253937390628,0.039961575408261285,0.09420289855072464,0.5095293649250484,0.016120589536924898,104,4996,147,1
0.10823135823011398,0.02039615610904099,0.9904761904761905,0.02877697841726619,0.03996925441967717,0.09421996738539591,0.5096265844467284,0.016231904993896155,104,4995,148,1
0.10835877060890198,0.020400156924284034,0.9904761904761905,0.028971417460626092,0.03997693638285604,0.09423704240666908,0.5097238039684083,0.016342690541469373,104,4994,149,1
0.10839761793613434,0.020404159309397686,0.9904761904761905,0.029165856503986,0.03998462129950019,0.09425412361790829,0.5098210234900883,0.0164529533646857,104,4993,150,1
0.1085939034819603,0.02040816326530612,0.9904761904761905,0.029360295547345906,0.03999230917131321,0.09427121102248005,0.5099182430117682,0.016562700500070266,104,4992,151,1
0.10860028117895126,0.02041216879293425,0.9904761904761905,0.029554734590705813,0.04,0.0942883046237534,0.5100154625334482,0.01667193883972412,104,4991,152,1
0.10864824801683426,0.020416175893207697,0.9904761904761905,0.02974917363406572,0.04000769378726678,0.09430540442509974,0.5101126820551282,0.016780675135276257,104,4990,153,1
0.10869336873292923,0.02042018456705282,0.9904761904761905,0.029943612677425627,0.04001539053482109,0.09432251042989298,0.5102099015768081,0.016888916001701452,104,4989,154,1
0.10872874408960342,0.0204241948153967,0.9904761904761905,0.030138051720785534,0.040023090244371756,0.09433962264150944,0.510307121098488,0.016996667921009272,104,4988,155,1
0.10894931107759476,0.020428206639167158,0.9904761904761905,0.03033249076414544,0.04003079291762895,0.09435674106332789,0.5104043406201679,0.017103937245809504,104,4987,156,1
0.10932635515928268,0.02043222003929273,0.9904761904761905,0.03052692980750535,0.04003849855630414,0.09437386569872959,0.5105015601418479,0.01721073020275886,104,4986,157,1
0.10942476987838745,0.020436235016702692,0.9904761904761905,0.030721368850865252,0.040046207162110124,0.0943909965510982,0.5105987796635278,0.017317052895893668,104,4985,158,1
0.10943391919136047,0.020440251572327043,0.9904761904761905,0.03091580789422516,0.04005391873676102,0.0944081336238199,0.5106959991852078,0.01742291130985313,104,4984,159,1
0.10956334322690964,0.02044426970709652,0.9904761904761905,0.031110246937585066,0.040061633281972264,0.09442527692028328,0.5107932187068878,0.017528311312997237,104,4983,160,1
0.10957590490579605,0.020448289421942586,0.9904761904761905,0.03130468598094498,0.040069350799460605,0.0944424264438794,0.5108904382285677,0.017633258660423645,104,4982,161,1
0.10959763079881668,0.020452310717797444,0.9904761904761905,0.03149912502430488,0.04007707129094412,0.09445958219800181,0.5109876577502477,0.017737758996887263,104,4981,162,1
0.10982643067836761,0.020456333595594022,0.9904761904761905,0.031693564067664784,0.04008479475814222,0.09447674418604651,0.5110848772719276,0.017841817859626317,104,4980,163,1
0.11002055555582047,0.020460358056265986,0.9904761904761905,0.031888003111024694,0.040092521202775636,0.09449391241141196,0.5111820967936076,0.017945440681098546,104,4979,164,1
0.11017725616693497,0.02046438410074774,0.9904761904761905,0.0320824421543846,0.040100250626566414,0.0945110868774991,0.5112793163152876,0.01804863279163075,104,4978,165,1
0.11025848239660263,0.020468411729974413,0.9904761904761905,0.03227688119774451,0.04010798303123795,0.09452826758771132,0.5113765358369675,0.01815139942198518,104,4977,166,1
0.11029189079999924,0.02047244094488189,0.9904761904761905,0.03247132024110441,0.040115718418514947,0.09454545454545454,0.5114737553586475,0.018253745705845693,104,4976,167,1
0.11042078584432602,0.020476471746406773,0.9904761904761905,0.03266575928446432,0.040123456790123455,0.09456264775413711,0.5115709748803274,0.01835567668222671,104,4975,168,1
0.11044781655073166,0.02048050413548641,0.9904761904761905,0.032860198327824226,0.040131198147790856,0.09457984721716987,0.5116681944020074,0.01845719729780793,104,4974,169,1
0.11059587448835373,0.020484538113058892,0.9904761904761905,0.03305463737118414,0.04013894249324585,0.09459705293796616,0.5117654139236874,0.018558312409197374,104,4973,170,1
0.11063739657402039,0.02048857368006304,0.9904761904761905,0.03324907641454404,0.04014668982821849,0.09461426491994178,0.5118626334453673,0.018659026785125463,104,4972,171,1
0.11072484403848648,0.020492610837438422,0.9904761904761905,0.033443515457903944,0.040154440154440155,0.09463148316651501,0.5119598529670473,0.01875934510857265,104,4971,172,1
0.11075926572084427,0.020496649586125345,0.9904761904761905,0.033637954501263855,0.04016219347364356,0.09464870768110666,0.5120570724887272,0.01885927197883295,104,4970,173,1
0.11080177128314972,0.020500689927064854,0.9904761904761905,0.03383239354462376,0.04016994978756277,0.09466593846714,0.5121542920104072,0.018958811913515658,104,4969,174,1
0.11114291101694107,0.02050473186119874,0.9904761904761905,0.03402683258798367,0.04017770909793317,0.09468317552804079,0.5122515115320871,0.019057969350487584,104,4968,175,1
0.11132370680570602,0.020508775389469533,0.9904761904761905,0.03422127163134357,0.0401854714064915,0.0947004188672373,0.512348731053767,0.019156748649757728,104,4967,176,1
0.11139628291130066,0.020512820512820513,0.9904761904761905,0.03441571067470348,0.04019323671497584,0.0947176684881603,0.512445950575447,0.01925515409530656,104,4966,177,1
0.11152438074350357,0.020516867232195698,0.9904761904761905,0.034610149718063386,0.04020100502512563,0.09473492439424303,0.5125431700971269,0.019353189896861838,104,4965,178,1
0.11153839528560638,0.020520915548539857,0.9904761904761905,0.0348045887614233,0.04020877633868162,0.09475218658892129,0.5126403896188069,0.019450860191622718,104,4964,179,1
0.1116257831454277,0.0205249654627985,0.9904761904761905,0.0349990278047832,0.04021655065738593,0.09476945507563332,0.5127376091404868,0.019548169045934104,104,4963,180,1
0.11178939044475555,0.020529016975917885,0.9904761904761905,0.035193466848143104,0.04022432798298201,0.0947867298578199,0.5128348286621668,0.01964512045691283,104,4962,181,1
0.11198250949382782,0.020533070088845015,0.9904761904761905,0.035387905891503015,0.0402321083172147,0.09480401093892434,0.5129320481838467,0.019741718354027365,104,4961,182,1
0.11199167370796204,0.020537124802527645,0.9904761904761905,0.03558234493486292,0.04023989166183014,0.09482129832239242,0.5130292677055267,0.019837966600632657,104,4960,183,1
0.11200755834579468,0.02054118111791428,0.9904761904761905,0.03577678397822283,0.04024767801857585,0.09483859201167244,0.5131264872272067,0.01993386899546159,104,4959,184,1
0.11208135634660721,0.020545239035954167,0.9904761904761905,0.03597122302158273,0.040255467389200696,0.09485589201021526,0.5132237067488866,0.02002942927407451,104,4958,185,1
0.11222441494464874,0.020549298557597313,0.9904761904761905,0.03616566206494264,0.0402632597754549,0.09487319832147419,0.5133209262705666,0.020124651110268302,104,4957,186,1
0.11223628371953964,0.020553359683794466,0.9904761904761905,0.036360101108302546,0.04027105517909003,0.0948905109489051,0.5134181457922465,0.02021953811744625,104,4956,187,1
0.11282743513584137,0.020557422415497136,0.9904761904761905,0.03655454015166246,0.040278853601859024,0.09490782989596641,0.5135153653139265,0.02031409384995009,104,4955,188,1
0.11283443123102188,0.02056148675365757,0.9904761904761905,0.03674897919502236,0.04028665504551617,0.09492515516611902,0.5136125848356065,0.020408321804355416,104,4954,189,1
0.11286928504705429,0.02056555269922879,0.9904761904761905,0.036943418238382264,0.04029445951181713,0.09494248676282636,0.5137098043572864,0.02050222542073171,104,4953,190,1
0.11290024220943451,0.020569620253164556,0.9904761904761905,0.037137857281742175,0.04030226700251889,0.09495982468955443,0.5138070238789664,0.020595808083868076,104,4952,191,1
0.11334961652755737,0.020573689416419388,0.9904761904761905,0.03733229632510208,0.040310077519379844,0.09497716894977169,0.5139042434006463,0.02068907312446589,104,4951,192,1
0.11345803737640381,0.020577760189948554,0.9904761904761905,0.03752673536846199,0.04031789106415972,0.09499451954694921,0.5140014629223263,0.020782023820299315,104,4950,193,1
0.11345811188220978,0.020581832574708095,0.9904761904761905,0.03772117441182189,0.04032570763861962,0.09501187648456057,0.5140986824440062,0.020874663397344808,104,4949,194,1
0.11345818638801575,0.02058590657165479,0.9904761904761905,0.0379156134551818,0.04033352724452201,0.09502923976608187,0.5141959019656862,0.020966995030880543,104,4948,195,1
0.11360850185155869,0.020589982181746187,0.9904761904761905,0.038110052498541706,0.04034134988363072,0.09504660939499178,0.5142931214873661,0.02105902184655679,104,4947,196,1
0.11388932168483734,0.020594059405940595,0.9904761904761905,0.03830449154190162,0.04034917555771096,0.09506398537477148,0.514390341009046,0.02115074692143804,104,4946,197,1
0.11392047256231308,0.02059813824519707,0.9904761904761905,0.03849893058526152,0.0403570042685293,0.09508136770890474,0.514487560530726,0.021242173285017884,104,4945,198,1
0.11392387747764587,0.020602218700475437,0.9904761904761905,0.038693369628621424,0.04036483601785368,0.09509875640087784,0.5145847800524059,0.02133330392020745,104,4944,199,1
0.11412887275218964,0.02060630077273628,0.9904761904761905,0.038887808671981335,0.040372670807453416,0.09511615145417962,0.5146819995740859,0.021424141764298178,104,4943,200,1
0.11415308713912964,0.020610384462940945,0.9904761904761905,0.03908224771534124,0.04038050863909921,0.0951335528723015,0.5147792190957658,0.02151468970989983,104,4942,201,1
0.1141972690820694,0.020614469772051537,0.9904761904761905,0.03927668675870115,0.040388349514563104,0.09515096065873742,0.5148764386174458,0.021604950605854392,104,4941,202,1
0.1142207682132721,0.020618556701030927,0.9904761904761905,0.03947112580206105,0.040396193435618566,0.0951683748169839,0.5149736581391258,0.021694927258126648,104,4940,203,1
0.11426439136266708,0.02062264525084275,0.9904761904761905,0.03966556484542096,0.04040404040404041,0.09518579535053999,0.5150708776608057,0.02178462243067219,104,4939,204,1
0.11426494270563126,0.020626735422451407,0.9904761904761905,0.039860003888780866,0.04041189042160482,0.09520322226290737,0.5151680971824857,0.021874038846283434,104,4938,205,1
0.11464382708072662,0.020630827216822058,0.9904761904761905,0.04005444293214078,0.04041974349008939,0.09522065555759018,0.5152653167041656,0.02196317918741442,104,4937,206,1
0.11473005264997482,0.020634920634920634,0.9904761904761905,0.04024888197550068,0.04042759961127308,0.09523809523809523,0.5153625362258456,0.022052046096984943,104,4936,207,1
0.11484691500663757,0.020639015677713833,0.9904761904761905,0.040443321018860584,0.04043545878693624,0.09525554130793186,0.5154597557475256,0.02214064217916472,104,4935,208,1
0.11486301571130753,0.020643112346169116,0.9904761904761905,0.040637760062220495,0.040443321018860584,0.09527299377061195,0.5155569752692055,0.022228970000138067,104,4934,209,1
0.11515200138092041,0.020647210641254715,0.9904761904761905,0.0408321991055804,0.04045118630882925,0.09529045262965,0.5156541947908855,0.022317032088849827,104,4933,210,1
0.1153913289308548,0.020651310563939634,0.9904761904761905,0.04102663814894031,0.040459054658626724,0.09530791788856305,0.5157514143125654,0.022404830937732923,104,4932,211,1
0.1154787614941597,0.020655412115193644,0.9904761904761905,0.04122107719230021,0.04046692607003891,0.09532538955087076,0.5158486338342454,0.022492369003418198,104,4931,212,1
0.11569883674383163,0.020659515295987287,0.9904761904761905,0.04141551623566012,0.040474800544853085,0.09534286762009535,0.5159458533559254,0.022579648707427034,104,4930,213,1
0.11581568419933319,0.020663620107291874,0.9904761904761905,0.041609955279020026,0.04048267808485792,0.0953603520997616,0.5160430728776053,0.022666672436847193,104,4929,214,1
0.1158231794834137,0.02066772655007949,0.9904761904761905,0.04180439432237994,0.04049055869184349,0.09537784299339692,0.5161402923992853,0.022753442544992456,104,4928,215,1
0.11591815203428268,0.020671834625323,0.9904761904761905,0.04199883336573984,0.040498442367601244,0.09539534030453128,0.5162375119209652,0.02283996135204642,104,4927,216,1
0.11608753353357315,0.020675944333996023,0.9904761904761905,0.042193272409099744,0.04050632911392405,0.09541284403669725,0.5163347314426451,0.022926231145691017,104,4926,217,1
0.11617044359445572,0.020680055677072977,0.9904761904761905,0.042387711452459655,0.04051421893260616,0.09543035419342999,0.516431950964325,0.023012254181720104,104,4925,218,1
0.11618112027645111,0.020684168655529037,0.9904761904761905,0.04258215049581956,0.04052211182544321,0.09544787077826726,0.516529170486005,0.02309803268463858,104,4924,219,1
0.11626351624727249,0.020489357469663814,0.9809523809523809,0.04258215049581956,0.040140296180826186,0.09454745731595374,0.5117672657241003,0.016408084674075667,103,4924,219,2
0.11626797914505005,0.020493434142459212,0.9809523809523809,0.04277658953917947,0.04014811927499513,0.09456481821520382,0.5118644852457802,0.01650798549503163,103,4923,220,2
0.11626890301704407,0.020497512437810946,0.9809523809523809,0.04297102858253937,0.04015594541910331,0.0945821854912764,0.5119617047674602,0.016607548215383523,103,4922,221,2
0.11656934767961502,0.020501592356687897,0.9809523809523809,0.04316546762589928,0.040163774614934686,0.09459955914768553,0.5120589242891401,0.016706776060556424,103,4921,222,2
0.1165982261300087,0.020505673900059727,0.9809523809523809,0.043359906669259186,0.040171606864274574,0.09461693918794782,0.5121561438108201,0.01680567221001122,103,4920,223,2
0.1166684478521347,0.020509757068896853,0.9809523809523809,0.0435543457126191,0.040179442168909694,0.0946343256155825,0.5122533633325,0.01690423979811344,103,4919,224,2
0.11667269468307495,0.020513841864170483,0.9809523809523809,0.043748784755979,0.04018728053062817,0.09465171843411138,0.51235058285418,0.017002481914981705,103,4918,225,2
0.11681457608938217,0.020517928286852588,0.9809523809523809,0.043943223799338904,0.04019512195121951,0.09466911764705882,0.5124478023758599,0.017100401607316438,103,4917,226,2
0.11683376133441925,0.020522016337915918,0.9809523809523809,0.044137662842698815,0.04020296643247463,0.09468652325795184,0.5125450218975398,0.017198001879209345,103,4916,227,2
0.1168399304151535,0.020526106018333996,0.9809523809523809,0.04433210188605872,0.04021081397618583,0.09470393527031996,0.5126422414192198,0.017295285692934197,103,4915,228,2
0.11685063689947128,0.020530197329081123,0.9809523809523809,0.04452654092941863,0.040218664584146815,0.09472135368769542,0.5127394609408997,0.017392255969719436,103,4914,229,2
0.1170312911272049,0.020534290271132377,0.9809523809523809,0.04472097997277853,0.0402265182581527,0.09473877851361295,0.5128366804625797,0.017488915590503102,103,4913,230,2
0.11704116314649582,0.02053838484546361,0.9809523809523809,0.04491541901613844,0.040234375,0.09475620975160993,0.5129338999842596,0.017585267396670552,103,4912,231,2
0.11721312999725342,0.020542481053051457,0.9809523809523809,0.045109858059498346,0.040242234811486616,0.09477364740522636,0.5130311195059396,0.017681314190775444,103,4911,232,2
0.1174817830324173,0.02054657889487333,0.9809523809523809,0.04530429710285826,0.04025009769441188,0.09479109147800478,0.5131283390276196,0.01777705873724443,103,4910,233,2
0.11755610257387161,0.02055067837190742,0.9809523809523809,0.04549873614621816,0.04025796365057651,0.09480854197349042,0.5132255585492995,0.01787250376306603,103,4909,234,2
0.1176254004240036,0.020554779485132707,0.9809523809523809,0.045693175189578064,0.040265832681782646,0.09482599889523108,0.5133227780709795,0.017967651958464045,103,4908,235,2
0.11765336990356445,0.02055888223552894,0.9809523809523809,0.045887614232937975,0.040273704789833824,0.09484346224677716,0.5134199975926594,0.018062505977555977,103,4907,236,2
0.11782030761241913,0.020562986624076664,0.9809523809523809,0.04608205327629788,0.040281579976535004,0.09486093203168171,0.5135172171143394,0.018157068438996844,103,4906,237,2
0.11784695088863373,0.02056709265175719,0.9809523809523809,0.04627649231965779,0.040289458243692546,0.09487840825350037,0.5136144366360194,0.018251341926608742,103,4905,238,2
0.11785773187875748,0.020571200319552625,0.9809523809523809,0.04647093136301769,0.04029733959311424,0.09489589091579141,0.5137116561576993,0.01834532898999657,103,4904,239,2
0.11792616546154022,0.020575309628445865,0.9809523809523809,0.0466653704063776,0.04030522402660927,0.09491338002211575,0.5138088756793793,0.018439032145150247,103,4903,240,2
0.1183476448059082,0.02057942057942058,0.9809523809523809,0.046859809449737506,0.04031311154598826,0.09493087557603687,0.5139060952010592,0.018532453875033827,103,4902,241,2
0.118374764919281,0.020583533173461233,0.9809523809523809,0.04705424849309742,0.04032100215306322,0.09494837758112094,0.5140033147227392,0.01862559663016175,103,4901,242,2
0.11850788444280624,0.020587647411553067,0.9809523809523809,0.04724868753645732,0.04032889584964761,0.09496588604093675,0.5141005342444191,0.0187184628291627,103,4900,243,2
0.11858097463846207,0.02059176329468213,0.9809523809523809,0.047443126579817224,0.040336792637556296,0.0949834009590557,0.5141977537660991,0.01881105485933123,103,4899,244,2
0.11862688511610031,0.020595880823835233,0.9809523809523809,0.047637565623177135,0.04034469251860556,0.09500092233905183,0.5142949732877791,0.018903375077167644,103,4898,245,2
0.11875494569540024,0.0206,0.9809523809523809,0.04783200466653704,0.040352595494613126,0.09501845018450185,0.514392192809459,0.018995425808906268,103,4897,246,2
0.11892119795084,0.020604120824164834,0.9809523809523809,0.04802644370989695,0.04036050156739812,0.09503598449898505,0.514489412331139,0.019087209351032523,103,4896,247,2
0.11893228441476822,0.020608243297318928,0.9809523809523809,0.04822088275325685,0.040368410738781106,0.09505352528608342,0.5145866318528188,0.01917872797078903,103,4895,248,2
0.11912851780653,0.02061236742045227,0.9809523809523809,0.04841532179661676,0.04037632301058409,0.09507107254938157,0.5146838513744988,0.019269983906671014,103,4894,249,2
0.11919404566287994,0.020616493194555646,0.9809523809523809,0.048609760839976666,0.04038423838463046,0.09508862629246677,0.5147810708961787,0.019360979368911343,103,4893,250,2
0.11939553171396255,0.02062062062062062,0.9809523809523809,0.04880419988333658,0.040392156862745096,0.0951061865189289,0.5148782904178587,0.01945171653995538,103,4892,251,2
0.11945156008005142,0.020624749699639566,0.9809523809523809,0.04899863892669648,0.040400078446754265,0.09512375323236055,0.5149755099395387,0.01954219757492593,103,4891,252,2
0.11950602382421494,0.020628880432605648,0.9809523809523809,0.049193077970056384,0.04040800313848568,0.09514132643635692,0.5150727294612186,0.019632424602078574,103,4890,253,2
0.11955694854259491,0.02063301282051282,0.9809523809523809,0.049387517013416295,0.04041593093976849,0.09515890613451589,0.5151699489828986,0.019722399723247536,103,4889,254,2
0.11958646774291992,0.02063714686435584,0.9809523809523809,0.0495819560567762,0.04042386185243328,0.095176492330438,0.5152671685045785,0.01981212501428242,103,4888,255,2
0.11962949484586716,0.02064128256513026,0.9809523809523809,0.04977639510013611,0.04043179587831207,0.09519408502772643,0.5153643880262585,0.019901602525475952,103,4887,256,2
0.11963329464197159,0.020645419923832432,0.9809523809523809,0.04997083414349601,0.04043973301923832,0.09521168422998706,0.5154616075479385,0.01999083428198299,103,4886,257,2
0.11992061138153076,0.020649558941459503,0.9809523809523809,0.05016527318685592,0.04044767327704693,0.0952292899408284,0.5155588270696184,0.020079822284231028,103,4885,258,2
0.11992933601140976,0.020653699619009425,0.9809523809523809,0.050359712230215826,0.040455616653574236,0.09524690216386165,0.5156560465912984,0.020168568508322344,103,4884,259,2
0.11993672698736191,0.020657841957480945,0.9809523809523809,0.05055415127357574,0.04046356315065802,0.0952645209027007,0.5157532661129783,0.02025707490642807,103,4883,260,2
0.11994510143995285,0.02066198595787362,0.9809523809523809,0.05074859031693564,0.040471512770137524,0.09528214616096208,0.5158504856346583,0.020345343407174313,103,4882,261,2
0.1199866458773613,0.0206661316211878,0.9809523809523809,0.050943029360295544,0.04047946551385341,0.09529977794226499,0.5159477051563383,0.020433375916020534,103,4881,262,2
0.12029935419559479,0.020670278948424645,0.9809523809523809,0.051137468403655455,0.0404874213836478,0.09531741625023135,0.5160449246780182,0.020521174315630396,103,4880,263,2
0.12031704187393188,0.02067442794058611,0.9809523809523809,0.05133190744701536,0.040495380381364264,0.09533506108848575,0.5161421441996982,0.020608740466235252,103,4879,264,2
0.1203652024269104,0.020678578598674963,0.9809523809523809,0.05152634649037527,0.040503342508847816,0.09535271246065544,0.5162393637213781,0.020696076205990392,103,4878,265,2
0.12037044763565063,0.02068273092369478,0.9809523809523809,0.05172078553373517,0.04051130776794493,0.09537037037037037,0.5163365832430581,0.020783183351324317,103,4877,266,2
0.12039210647344589,0.02068688491664993,0.9809523809523809,0.05191522457709508,0.04051927616050354,0.09538803482126319,0.516433802764738,0.02087006369728111,103,4876,267,2
0.12056469917297363,0.0206910405785456,0.9809523809523809,0.052109663620454987,0.04052724768837301,0.09540570581696925,0.5165310222864179,0.020956719017856135,103,4875,268,2
0.12061501294374466,0.020695197910387785,0.9809523809523809,0.0523041026638149,0.04053522235340417,0.09542338336112655,0.5166282418080979,0.021043151066325167,103,4874,269,2
0.12064123898744583,0.02069935691318328,0.9809523809523809,0.0524985417071748,0.04054320015744932,0.09544106745737584,0.5167254613297778,0.021129361575567163,103,4873,270,2
0.12073322385549545,0.020703517587939698,0.9809523809523809,0.052692980750534704,0.04055118110236221,0.09545875810936053,0.5168226808514578,0.021215352258380737,103,4872,271,2
0.12093200534582138,0.02070767993566546,0.9809523809523809,0.052887419793894615,0.04055916518999803,0.09547645532072674,0.5169199003731377,0.021301124807794596,103,4871,272,2
0.12100454419851303,0.0207118439573698,0.9809523809523809,0.05308185883725452,0.04056715242221347,0.09549415909512331,0.5170171198948177,0.021386680897371956,103,4870,273,2
0.12114537507295609,0.020716009654062752,0.9809523809523809,0.05327629788061443,0.04057514280086665,0.09551186943620178,0.5171143394164976,0.02147202218150919,103,4869,274,2
0.12138493359088898,0.02072017702675518,0.9809523809523809,0.05347073692397433,0.04058313632781718,0.0955295863476164,0.5172115589381776,0.021557150295728723,103,4868,275,2
0.12144479900598526,0.020724346076458754,0.9809523809523809,0.05366517596733424,0.04059113300492611,0.09554730983302412,0.5173087784598576,0.021642066856966437,103,4867,276,2
0.12154127657413483,0.020728516804185953,0.9809523809523809,0.05385961501069415,0.04059913283405597,0.09556503989608461,0.5174059979815375,0.02172677346385356,103,4866,277,2
0.12156566977500916,0.02073268921095008,0.9809523809523809,0.05405405405405406,0.04060713581707077,0.09558277654046028,0.5175032175032175,0.021811271696993317,103,4865,278,2
0.12167153507471085,0.02073686329776525,0.9809523809523809,0.05424849309741396,0.04061514195583596,0.09560051976981622,0.5176004370248974,0.021895563119232315,103,4864,279,2
0.12169189751148224,0.020741039065646394,0.9809523809523809,0.054442932140773864,0.0406231512522185,0.09561826958782027,0.5176976565465774,0.021979649275926917,103,4863,280,2
0.12173726409673691,0.020745216515609264,0.9809523809523809,0.054637371184133775,0.04063116370808678,0.09563602599814298,0.5177948760682574,0.02206353169520461,103,4862,281,2
0.12187255918979645,0.020749395648670427,0.9809523809523809,0.05483181022749368,0.04063917932531071,0.09565378900445765,0.5178920955899373,0.022147211888220514,103,4861,282,2
0.12191459536552429,0.02075357646584727,0.9809523809523809,0.05502624927085359,0.040647198105761645,0.09567155861044027,0.5179893151116173,0.022230691349409172,103,4860,283,2
0.12191978842020035,0.020757758968158,0.9809523809523809,0.05522068831421349,0.04065522005131241,0.0956893348197696,0.5180865346332972,0.022313971556731673,103,4859,284,2
0.12197716534137726,0.020761943156621648,0.9809523809523809,0.0554151273575734,0.04066324516383735,0.09570711763612712,0.5181837541549772,0.022397053971918254,103,4858,285,2
0.12208228558301926,0.020766129032258066,0.9809523809523809,0.05560956640093331,0.04067127344521224,0.09572490706319703,0.5182809736766572,0.02247994004070644,103,4857,286,2
0.12220355123281479,0.020770316596087923,0.9809523809523809,0.05580400544429322,0.040679304897314375,0.09574270310466629,0.5183781931983371,0.022562631193074858,103,4856,287,2
0.12231215834617615,0.020774505849132714,0.9809523809523809,0.05599844448765312,0.04068733952202252,0.09576050576422462,0.5184754127200171,0.022645128843472785,103,4855,288,2
0.12239261716604233,0.02077869679241477,0.9809523809523809,0.056192883531013024,0.04069537732121691,0.09577831504556444,0.5185726322416969,0.022727434391045555,103,4854,289,2
0.12242580205202103,0.020782889426957222,0.9809523809523809,0.056387322574372935,0.040703418296779294,0.09579613095238096,0.5186698517633769,0.022809549219855892,103,4853,290,2
0.12244252860546112,0.020787083753784057,0.9809523809523809,0.05658176161773284,0.040711462450592886,0.09581395348837209,0.5187670712850568,0.02289147469910124,103,4852,291,2
0.12245602160692215,0.020791279773920066,0.9809523809523809,0.05677620066109275,0.0407195097845424,0.09583178265723856,0.5188642908067368,0.02297321218332725,103,4851,292,2
0.12247682362794876,0.020795477488390873,0.9809523809523809,0.05697063970445265,0.04072756030051404,0.09584961846268379,0.5189615103284168,0.02305476301263739,103,4850,293,2
0.12252393364906311,0.02079967689822294,0.9809523809523809,0.05716507874781256,0.04073561400039549,0.095867460908414,0.5190587298500967,0.023136128512898892,103,4849,294,2
0.12256317585706711,0.020803878004443548,0.9809523809523809,0.05735951779117247,0.04074367088607595,0.09588530999813814,0.5191559493717767,0.023217309995944978,103,4848,295,2
0.12261802703142166,0.020808080808080807,0.9809523809523809,0.05755395683453238,0.04075173095944609,0.09590316573556797,0.5192531688934566,0.023298308759773567,103,4847,296,2
0.12273728102445602,0.02081228531016367,0.9809523809523809,0.05774839587789228,0.0407597942223981,0.09592102812441795,0.5193503884151366,0.023379126088742472,103,4846,297,2
0.12279807776212692,0.020816491511721907,0.9809523809523809,0.057942834921252184,0.04076786067682565,0.09593889716840537,0.5194476079368165,0.023459763253761135,103,4845,298,2
0.12289205938577652,0.020820699413786132,0.9809523809523809,0.058137273964612095,0.04077593032462391,0.09595677287125023,0.5195448274584965,0.023540221512479052,103,4844,299,2
0.12296343594789505,0.020824909017387788,0.9809523809523809,0.058331713007972,0.04078400316768957,0.09597465523667537,0.5196420469801765,0.0236205021094709,103,4843,300,2
0.12300393730401993,0.02082912032355915,0.9809523809523809,0.05852615205133191,0.040792079207920794,0.09599254426840634,0.5197392665018564,0.02370060627641844,103,4842,301,2
0.12306956946849823,0.020833333333333332,0.9809523809523809,0.05872059109469181,0.04080015844721727,0.09601043997017152,0.5198364860235364,0.02378053523228927,103,4841,302,2
0.1234777495265007,0.020837548047744285,0.9809523809523809,0.05891503013805172,0.04080824088748019,0.09602834234570204,0.5199337055452163,0.023860290183512513,103,4840,303,2
0.1235027015209198,0.02084176446782679,0.9809523809523809,0.05910946918141163,0.04081632653061224,0.09604625139873181,0.5200309250668963,0.023939872324151474,103,4839,304,2
0.12374575436115265,0.020845982594616473,0.9809523809523809,0.05930390822477154,0.04082441537851764,0.09606416713299758,0.5201281445885763,0.024019282836073318,103,4838,305,2
0.12381672859191895,0.020850202429149797,0.9809523809523809,0.05949834726813144,0.04083250743310208,0.0960820895522388,0.5202253641102562,0.024098522889115886,103,4837,306,2
0.12392055988311768,0.02085442397246406,0.9809523809523809,0.059692786311491344,0.0408406026962728,0.0961000186601978,0.5203225836319362,0.024177593641251643,103,4836,307,2
0.12399356067180634,0.020858647225597406,0.9809523809523809,0.059887225354851255,0.04084870116993853,0.09611795446061963,0.5204198031536161,0.02425649623874887,103,4835,308,2
0.12408190965652466,0.020862872189588818,0.9809523809523809,0.06008166439821116,0.04085680285600952,0.09613589695725219,0.520517022675296,0.024335231816330107,103,4834,309,2
0.12410019338130951,0.02086709886547812,0.9809523809523809,0.06027610344157107,0.04086490775639754,0.09615384615384616,0.5206142421969759,0.024413801497327924,103,4833,310,2
0.12412991374731064,0.020871327254305978,0.9809523809523809,0.06047054248493097,0.040873015873015874,0.096171802054155,0.5207114617186559,0.02449220639383812,103,4832,311,2
0.12419559806585312,0.020875557357113904,0.9809523809523809,0.06066498152829088,0.040881127207779325,0.096189764661935,0.5208086812403359,0.02457044760687029,103,4831,312,2
0.1242876648902893,0.020879789174944253,0.9809523809523809,0.06085942057165079,0.04088924176260421,0.09620773398094526,0.5209059007620158,0.024648526226495927,103,4830,313,2
0.12442127615213394,0.020884022708840228,0.9809523809523809,0.0610538596150107,0.04089735953940838,0.09622571001494769,0.5210031202836958,0.024726443331994065,103,4829,314,2
0.12446152418851852,0.020888257959845873,0.9809523809523809,0.0612482986583706,0.0409054805401112,0.09624369276770697,0.5211003398053757,0.024804199991994465,103,4828,315,2
0.12458614259958267,0.020892494929006085,0.9809523809523809,0.061442737701730504,0.04091360476663357,0.09626168224299066,0.5211975593270557,0.024881797264618474,103,4827,316,2
0.12459214776754379,0.020896733617366606,0.9809523809523809,0.061637176745090415,0.04092173222089789,0.09627967844456908,0.5212947788487357,0.02495923619761756,103,4826,317,2
0.12463343888521194,0.020900974025974024,0.9809523809523809,0.06183161578845032,0.04092986290482813,0.0962976813762154,0.5213919983704156,0.025036517828509547,103,4825,318,2
0.12494164705276489,0.020905216155875785,0.9809523809523809,0.06202605483181023,0.040937996820349765,0.09631569104170563,0.5214892178920956,0.025113643184712646,103,4824,319,2
0.12494224309921265,0.02090946000812018,0.9809523809523809,0.06222049387517013,0.040946133969389786,0.09633370744481856,0.5215864374137755,0.025190613283677298,103,4823,320,2
0.12504729628562927,0.020913705583756347,0.9809523809523809,0.06241493291853004,0.04095427435387674,0.09635173058933583,0.5216836569354555,0.025267429133015856,103,4822,321,2
0.12508606910705566,0.02091795288383428,0.9809523809523809,0.06260937196188995,0.040962417975740704,0.09636976047904192,0.5217808764571354,0.0253440917306302,103,4821,322,2
0.12513767182826996,0.020922201909404834,0.9809523809523809,0.06280381100524986,0.04097056483691328,0.09638779711772412,0.5218780959788154,0.02542060206483724,103,4820,323,2
0.12514787912368774,0.02092645266151971,0.9809523809523809,0.06299825004860976,0.04097871493932763,0.0964058405091726,0.5219753155004954,0.025496961114492442,103,4819,324,2
0.1252247542142868,0.020930705141231458,0.9809523809523809,0.06319268909196966,0.040986868284918425,0.09642389065718031,0.5220725350221753,0.025573169849111354,103,4818,325,2
0.12524789571762085,0.020934959349593496,0.9809523809523809,0.06338712813532957,0.04099502487562189,0.09644194756554307,0.5221697545438553,0.02564922922898919,103,4817,326,2
0.12535156309604645,0.020939215287660094,0.9809523809523809,0.06358156717868949,0.041003184713375794,0.09646001123805956,0.5222669740655352,0.025725140205318495,103,4816,327,2
0.12549103796482086,0.020943472956486377,0.9809523809523809,0.06377600622204939,0.04101134780011945,0.09647808167853128,0.5223641935872152,0.025800903720304972,103,4815,328,2
0.12554240226745605,0.02094773235712833,0.9809523809523809,0.06397044526540929,0.04101951413779371,0.0964961588907626,0.5224614131088952,0.025876520707281424,103,4814,329,2
0.12566512823104858,0.0209519934906428,0.9809523809523809,0.0641648843087692,0.041027683728340966,0.09651424287856072,0.522558632630575,0.025951992090819935,103,4813,330,2
0.12568974494934082,0.020956256358087486,0.9809523809523809,0.06435932335212911,0.041035856573705176,0.09653233364573571,0.522655852152255,0.026027318786842286,103,4812,331,2
0.125723198056221,0.02096052096052096,0.9809523809523809,0.06455376239548902,0.041044032675831836,0.09655043119610049,0.5227530716739349,0.026102501702728594,103,4811,332,2
0.12578310072422028,0.020964787299002648,0.9809523809523809,0.06474820143884892,0.04105221203666799,0.09656853553347085,0.5228502911956149,0.0261775417374243,103,4810,333,2
0.1257917284965515,0.020969055374592833,0.9809523809523809,0.06494264048220882,0.04106039465816225,0.09658664666166542,0.5229475107172948,0.026252439781545456,103,4809,334,2
0.12596304714679718,0.020973325188352678,0.9809523809523809,0.06513707952556873,0.041068580542264754,0.09660476458450572,0.5230447302389748,0.02632719671748239,103,4808,335,2
0.12611012160778046,0.020977596741344195,0.9809523809523809,0.06533151856892865,0.04107676969092722,0.09662288930581614,0.5231419497606548,0.02640181341950176,103,4807,336,2
0.12627026438713074,0.02098187003463027,0.9809523809523809,0.06552595761228855,0.041084962106102914,0.09664102082942391,0.5232391692823347,0.026476290753847016,103,4806,337,2
0.12630562484264374,0.020986145069274653,0.9809523809523809,0.06572039665564845,0.04109315778974666,0.09665915915915915,0.5233363888040147,0.02655062957883733,103,4805,338,2
0.1263432502746582,0.02099042184634196,0.9809523809523809,0.06591483569900836,0.04110135674381484,0.09667730429885489,0.5234336083256946,0.026624830744965012,103,4804,339,2
0.1263475865125656,0.020994700366897677,0.9809523809523809,0.06610927474236827,0.041109558970265414,0.09669545625234698,0.5235308278473746,0.02669889509499141,103,4803,340,2
0.12640295922756195,0.020998980632008155,0.9809523809523809,0.06630371378572818,0.04111776447105788,0.09671361502347418,0.5236280473690546,0.02677282346404135,103,4802,341,2
0.12646833062171936,0.02100326264274062,0.9809523809523809,0.06649815282908808,0.04112597324815333,0.09673178061607814,0.5237252668907345,0.02684661667969617,103,4801,342,2
0.1265498399734497,0.021007546400163165,0.9809523809523809,0.06669259187244798,0.04113418530351438,0.09674995303400338,0.5238224864124145,0.02692027556208528,103,4800,343,2
0.12663717567920685,0.021011831905344756,0.9809523809523809,0.06688703091580789,0.04114240063910525,0.09676813228109733,0.5239197059340944,0.026993800923976408,103,4799,344,2
0.1267886757850647,0.021016119159355234,0.9809523809523809,0.0670814699591678,0.04115061925689173,0.0967863183612103,0.5240169254557744,0.027067193570864418,103,4798,345,2
0.1268232762813568,0.021020408163265305,0.9809523809523809,0.06727590900252771,0.04115884115884116,0.09680451127819549,0.5241141449774543,0.02714045430105885,103,4797,346,2
0.12683828175067902,0.02102469891814656,0.9809523809523809,0.06747034804588761,0.041167066346922465,0.096822711035909,0.5242113644991343,0.02721358390577009,103,4796,347,2
0.1268434077501297,0.021028991425071458,0.9809523809523809,0.06766478708924752,0.04117529482310613,0.09684091763820986,0.5243085840208143,0.0272865831691943,103,4795,348,2
0.1269768923521042,0.021033285685113336,0.9809523809523809,0.06785922613260743,0.04118352658936426,0.09685913108895994,0.5244058035424942,0.027359452868597055,103,4794,349,2
0.12702274322509766,0.021037581699346407,0.9809523809523809,0.06805366517596734,0.041191761647670466,0.09687735139202408,0.5245030230641741,0.02743219377439573,103,4793,350,2
0.12720249593257904,0.02104187946884576,0.9809523809523809,0.06824810421932724,0.0412,0.09689557855126998,0.524600242585854,0.02750480665024069,103,4792,351,2
0.1272609829902649,0.021046178994687373,0.9809523809523809,0.06844254326268714,0.04120824164832967,0.09691381257056832,0.524697462107534,0.02757729225309527,103,4791,352,2
0.12738950550556183,0.021050480277948088,0.9809523809523809,0.06863698230604705,0.041216486594637856,0.09693205345379259,0.5247946816292139,0.027649651333314554,103,4790,353,2
0.1274792104959488,0.02105478331970564,0.9809523809523809,0.06883142134940697,0.04122473484090454,0.09695030120481928,0.5248919011508939,0.02772188463472304,103,4789,354,2
0.12752975523471832,0.02105908812103864,0.9809523809523809,0.06902586039276687,0.04123298638911129,0.09696855582752777,0.5249891206725739,0.027793992894691116,103,4788,355,2
0.12753038108348846,0.021063394683026586,0.9809523809523809,0.06922029943612677,0.04124124124124124,0.09698681732580038,0.5250863401942538,0.02786597684421047,103,4787,356,2
0.12778916954994202,0.021067703006749847,0.9809523809523809,0.06941473847948668,0.04124949939927913,0.09700508570352231,0.5251835597159338,0.027937837207968347,103,4786,357,2
0.127867192029953,0.02107201309328969,0.9809523809523809,0.0696091775228466,0.041257760865211296,0.09702336096458176,0.5252807792376137,0.0280095747044208,103,4785,358,2
0.12791532278060913,0.02107632494372826,0.9809523809523809,0.0698036165662065,0.04126602564102564,0.0970416431128698,0.5253779987592937,0.02808119004586478,103,4784,359,2
0.1281328797340393,0.021080638559148587,0.9809523809523809,0.0699980556095664,0.04127429372871168,0.09705993215228044,0.5254752182809737,0.028152683938509282,103,4783,360,2
0.12817850708961487,0.021084953940634595,0.9809523809523809,0.0701924946529263,0.04128256513026052,0.09707822808671066,0.5255724378026536,0.028224057082545415,103,4782,361,2
0.12824800610542297,0.02108927108927109,0.9809523809523809,0.07038693369628621,0.041290839847664865,0.09709653092006033,0.5256696573243336,0.028295310172215465,103,4781,362,2
0.1282949149608612,0.021093590006143765,0.9809523809523809,0.07058137273964613,0.041299117882919005,0.09711484065623233,0.5257668768460135,0.028366443895880993,103,4780,363,2
0.12837089598178864,0.021097910692339204,0.9809523809523809,0.07077581178300603,0.04130739923801885,0.0971331572991324,0.5258640963676935,0.02843745893608994,103,4779,364,2
0.1284099668264389,0.02110223314894489,0.9809523809523809,0.07097025082636593,0.04131568391496189,0.09715148085266931,0.5259613158893734,0.02850835596964278,103,4778,365,2
0.12854845821857452,0.02110655737704918,0.9809523809523809,0.07116468986972584,0.04132397191574724,0.09716981132075472,0.5260585354110534,0.028579135667657744,103,4777,366,2
0.1286080777645111,0.021110883377741342,0.9809523809523809,0.07135912891308575,0.0413322632423756,0.09718814870730326,0.5261557549327334,0.02864979869563512,103,4776,367,2
0.12867501378059387,0.02111521115211152,0.9809523809523809,0.07155356795644566,0.04134055789684929,0.09720649301623253,0.5262529744544133,0.028720345713520615,103,4775,368,2
0.12870943546295166,0.02111954070125077,0.9809523809523809,0.07174800699980556,0.04134885588117222,0.09722484425146309,0.5263501939760933,0.028790777375767875,103,4774,369,2
0.12873585522174835,0.021123872026251024,0.9809523809523809,0.07194244604316546,0.04135715719734993,0.09724320241691843,0.5264474134977732,0.028861094331400085,103,4773,370,2
0.12905624508857727,0.021128205128205128,0.9809523809523809,0.07213688508652537,0.04136546184738956,0.09726156751652502,0.5265446330194531,0.02893129722407072,103,4772,371,2
0.12908050417900085,0.021132540008206812,0.9809523809523809,0.07233132412988529,0.04137376983329986,0.09727993955421231,0.526641852541133,0.029001386692123467,103,4771,372,2
0.12926964461803436,0.02113687666735071,0.9809523809523809,0.07252576317324519,0.0413820811570912,0.09729831853391271,0.526739072062813,0.02907136336865128,103,4770,373,2
0.12929707765579224,0.021141215106732347,0.9809523809523809,0.07272020221660509,0.04139039582077557,0.0973167044595616,0.526836291584493,0.029141227881554627,103,4769,374,2
0.1293087601661682,0.021145555327448162,0.9809523809523809,0.072914641259965,0.04139871382636656,0.09733509733509733,0.5269335111061729,0.029210980853598953,103,4768,375,2
0.12935028970241547,0.020944558521560575,0.9714285714285714,0.072914641259965,0.04100502512562814,0.09640831758034027,0.5221716063442682,0.024017051312686784,102,4768,375,3
0.1295851618051529,0.020948860135551448,0.9714285714285714,0.07310908030332491,0.04101326899879373,0.09642654566080544,0.5222688258659481,0.024092991885960348,102,4767,376,3
0.12960460782051086,0.0209531635168447,0.9714285714285714,0.07330351934668482,0.041021516187412024,0.0964447806354009,0.5223660453876281,0.024168796564919652,102,4766,377,3
0.12972310185432434,0.02095746866652969,0.9714285714285714,0.07349795839004472,0.04102976669348351,0.09646302250803858,0.5224632649093081,0.0242444661247339,102,4765,378,3
0.12982743978500366,0.02096177558569667,0.9714285714285714,0.07369239743340462,0.04103802051901026,0.09648127128263337,0.522560484430988,0.024320001334129142,102,4764,379,3
0.12982892990112305,0.020966084275436794,0.9714285714285714,0.07388683647676453,0.04104627766599597,0.09649952696310313,0.522657703952668,0.0243954029554598,102,4763,380,3
0.13008131086826324,0.020970394736842105,0.9714285714285714,0.07408127552012445,0.04105453813644597,0.09651778955336866,0.5227549234743479,0.024470671744779203,102,4762,381,3
0.1300879567861557,0.020974706971005553,0.9714285714285714,0.07427571456348435,0.04106280193236715,0.09653605905735378,0.5228521429960279,0.02454580845190912,102,4761,382,3
0.13027431070804596,0.02097902097902098,0.9714285714285714,0.07447015360684425,0.04107106905576807,0.09655433547898523,0.5229493625177078,0.024620813820508406,102,4760,383,3
0.13030032813549042,0.02098333676198313,0.9714285714285714,0.07466459265020416,0.04107933950865888,0.09657261882219277,0.5230465820393878,0.02469568858814063,102,4759,384,3
0.1304723471403122,0.020987654320987655,0.9714285714285714,0.07485903169356407,0.04108761329305136,0.09659090909090909,0.5231438015610678,0.024770433486340847,102,4758,385,3
0.1305212527513504,0.020991973657131097,0.9714285714285714,0.07505347073692398,0.0410958904109589,0.0966092062890699,0.5232410210827477,0.02484504924068143,102,4757,386,3
0.13070394098758698,0.02099629477151091,0.9714285714285714,0.07524790978028388,0.041104170864396536,0.09662751042061386,0.5233382406044277,0.024919536570837002,102,4756,387,3
0.1307302862405777,0.021000617665225447,0.9714285714285714,0.07544234882364378,0.041112454655380895,0.09664582148948266,0.5234354601261076,0.02499389619064852,102,4755,388,3
0.13100537657737732,0.021004942339373972,0.9714285714285714,0.07563678786700369,0.041120741785930254,0.09666413949962092,0.5235326796477876,0.025068128808186457,102,4754,389,3
0.131053164601326,0.021009268795056643,0.9714285714285714,0.0758312269103636,0.04112903225806452,0.0966824644549763,0.5236298991694676,0.02514223512581318,102,4753,390,3
0.13106583058834076,0.021013597033374538,0.9714285714285714,0.07602566595372351,0.0411373260738052,0.09670079635949944,0.5237271186911474,0.025216215840244433,102,4752,391,3
0.13120059669017792,0.021017927055429632,0.9714285714285714,0.07622010499708341,0.041145623235175476,0.09671913521714394,0.5238243382128274,0.025290071642610046,102,4751,392,3
0.13124899566173553,0.021022258862324814,0.9714285714285714,0.07641454404044332,0.04115392374420012,0.09673748103186647,0.5239215577345073,0.025363803218513815,102,4750,393,3
0.13135874271392822,0.021026592455163882,0.9714285714285714,0.07660898308380323,0.04116222760290557,0.09675583380762663,0.5240187772561873,0.02543741124809258,102,4749,394,3
0.13137973845005035,0.021030927835051547,0.9714285714285714,0.07680342212716314,0.04117053481331988,0.0967741935483871,0.5241159967778672,0.02551089640607453,102,4748,395,3
0.13140462338924408,0.021035265003093422,0.9714285714285714,0.07699786117052304,0.041178845377472746,0.09679256025811349,0.5242132162995472,0.025584259361836705,102,4747,396,3
0.13146927952766418,0.02103960396039604,0.9714285714285714,0.07719230021388294,0.04118715929739552,0.09681093394077449,0.5243104358212272,0.025657500779461797,102,4746,397,3
0.13164465129375458,0.021043944708066847,0.9714285714285714,0.07738673925724285,0.04119547657512116,0.09682931460034175,0.5244076553429071,0.025730621317794144,102,4745,398,3
0.13169057667255402,0.021048287247214196,0.9714285714285714,0.07758117830060277,0.04120379721268431,0.09684770224078998,0.5245048748645871,0.025803621630495013,102,4744,399,3
0.13175369799137115,0.021052631578947368,0.9714285714285714,0.07777561734396267,0.041212121212121214,0.09686609686609686,0.524602094386267,0.02587650236609716,102,4743,400,3
0.13176818192005157,0.021056977704376548,0.9714285714285714,0.07797005638732257,0.04122044857546979,0.09688449848024316,0.524699313907947,0.025949264168058678,102,4742,401,3
0.1317717432975769,0.021061325624612843,0.9714285714285714,0.07816449543068248,0.041228779304769606,0.09690290708721262,0.524796533429627,0.02602190767481612,102,4741,402,3
0.13179625570774078,0.021065675340768277,0.9714285714285714,0.0783589344740424,0.041237113402061855,0.09692132269099202,0.5248937529513069,0.02609443351983697,102,4740,403,3
0.13184252381324768,0.021070026853955794,0.9714285714285714,0.0785533735174023,0.041245450869389404,0.09693974529557119,0.5249909724729869,0.026166842331671384,102,4739,404,3
0.13194696605205536,0.021074380165289255,0.9714285714285714,0.0787478125607622,0.04125379170879676,0.09695817490494296,0.5250881919946668,0.026239134734003317,102,4738,405,3
0.1319565325975418,0.021078735275883446,0.9714285714285714,0.0789422516041221,0.0412621359223301,0.09697661152310325,0.5251854115163468,0.026311311345700934,102,4737,406,3
0.1319933533668518,0.02108309218685407,0.9714285714285714,0.07913669064748201,0.04127048351203722,0.09699505515405096,0.5252826310380267,0.026383372780866415,102,4736,407,3
0.13206899166107178,0.02108745089931776,0.9714285714285714,0.07933112969084193,0.04127883447996762,0.0970135058017881,0.5253798505597067,0.026455319648885093,102,4735,408,3
0.13209767639636993,0.02109181141439206,0.9714285714285714,0.07952556873420183,0.041287188828172436,0.09703196347031963,0.5254770700813867,0.026527152554473986,102,4734,409,3
0.13216879963874817,0.021096173733195448,0.9714285714285714,0.07972000777756173,0.04129554655870445,0.09705042816365367,0.5255742896030666,0.026598872097729674,102,4733,410,3
0.13234111666679382,0.021100537856847332,0.9714285714285714,0.07991444682092164,0.04130390767361814,0.0970688998858013,0.5256715091247466,0.026670478874175608,102,4732,411,3
0.1324874311685562,0.02110490378646803,0.9714285714285714,0.08010888586428155,0.041312272174969626,0.0970873786407767,0.5257687286464265,0.02674197347480877,102,4731,412,3
0.1325596570968628,0.021109271523178808,0.9714285714285714,0.08030332490764146,0.04132064006481669,0.09710586443259711,0.5258659481681064,0.026813356486145797,102,4730,413,3
0.1326192021369934,0.021113641068101843,0.9714285714285714,0.08049776395100136,0.041329011345218804,0.0971243572652828,0.5259631676897863,0.026884628490268462,102,4729,414,3
0.1326504349708557,0.02111801242236025,0.9714285714285714,0.08069220299436126,0.04133738601823708,0.09714285714285714,0.5260603872114663,0.02695579006486863,102,4728,415,3
0.1326700747013092,0.02112238558707807,0.9714285714285714,0.08088664203772117,0.041345764085934336,0.09716136406934654,0.5261576067331463,0.027026841783292614,102,4727,416,3
0.13272441923618317,0.02112676056338028,0.9714285714285714,0.08108108108108109,0.041354145550375025,0.09717987804878049,0.5262548262548262,0.027097784214584985,102,4726,417,3
0.1327298879623413,0.02113113735239279,0.9714285714285714,0.08127552012444099,0.0413625304136253,0.09719839908519154,0.5263520457765062,0.027168617923531847,102,4725,418,3
0.1329851746559143,0.021135515955242438,0.9714285714285714,0.08146995916780089,0.04137091867775299,0.09721692718261532,0.5264492652981861,0.027239343470703548,102,4724,419,3
0.13300380110740662,0.021139896373056993,0.9714285714285714,0.0816643982111608,0.041379310344827586,0.09723546234509056,0.5265464848198661,0.027309961412496878,102,4723,420,3
0.13319766521453857,0.021144278606965175,0.9714285714285714,0.08185883725452071,0.041387705416920266,0.09725400457665904,0.5266437043415461,0.027380472301176705,102,4722,421,3
0.1334553062915802,0.02114866265809662,0.9714285714285714,0.08205327629788062,0.041396103896103896,0.09727255388136563,0.526740923863226,0.02745087668491717,102,4721,422,3
0.13351239264011383,0.021153048527581916,0.9714285714285714,0.08224771534124052,0.04140450578445301,0.0972911102632583,0.526838143384906,0.02752117510784228,102,4720,423,3
0.13354527950286865,0.021157436216552583,0.9714285714285714,0.08244215438460042,0.04141291108404385,0.09730967372638809,0.5269353629065859,0.027591368110066048,102,4719,424,3
0.13359417021274567,0.02116182572614108,0.9714285714285714,0.08263659342796033,0.04142131979695431,0.09732824427480916,0.5270325824282659,0.027661456227732174,102,4718,425,3
0.13372783362865448,0.021166217057480806,0.9714285714285714,0.08283103247132025,0.041429731925264016,0.09734682191257873,0.5271298019499459,0.027731439993053136,102,4717,426,3
0.13413174450397491,0.021170610211706103,0.9714285714285714,0.08302547151468015,0.04143814747105423,0.09736540664375716,0.5272270214716258,0.027801319934348923,102,4716,427,3
0.13416074216365814,0.021175005189952252,0.9714285714285714,0.08321991055804005,0.04144656643640796,0.09738399847240786,0.5273242409933058,0.027871096576085188,102,4715,428,3
0.13428160548210144,0.02117940199335548,0.9714285714285714,0.08341434960139996,0.04145498882340987,0.09740259740259741,0.5274214605149857,0.027940770438911,102,4714,429,3
0.13429388403892517,0.02118380062305296,0.9714285714285714,0.08360878864475987,0.041463414634146344,0.09742120343839542,0.5275186800366657,0.02801034203969614,102,4713,430,3
0.13432709872722626,0.0211882010801828,0.9714285714285714,0.08380322768811978,0.041471843870705426,0.09743981658387467,0.5276158995583456,0.028079811891567878,102,4712,431,3
0.13436053693294525,0.021192603365884063,0.9714285714285714,0.08399766673147968,0.0414802765351769,0.09745843684311102,0.5277131190800255,0.02814918050394737,102,4711,432,3
0.13436977565288544,0.02119700748129676,0.9714285714285714,0.08419210577483958,0.04148871262965223,0.09747706422018348,0.5278103386017055,0.028218448382585623,102,4710,433,3
0.1344071477651596,0.02120141342756184,0.9714285714285714,0.08438654481819949,0.04149715215622457,0.09749569871917416,0.5279075581233854,0.028287616029598926,102,4709,434,3
0.1344732791185379,0.021205821205821207,0.9714285714285714,0.0845809838615594,0.04150559511698881,0.09751434034416825,0.5280047776450654,0.02835668394350401,102,4708,435,3
0.13450871407985687,0.021210230817217717,0.9714285714285714,0.08477542290491931,0.04151404151404151,0.09753298909925416,0.5281019971667453,0.028425652619252638,102,4707,436,3
0.13452011346817017,0.021214642262895173,0.9714285714285714,0.08496986194827921,0.04152249134948097,0.09755164498852334,0.5281992166884253,0.028494522548265865,102,4706,437,3
0.13453225791454315,0.021219055543998337,0.9714285714285714,0.08516430099163912,0.041530944625407164,0.0975703080160704,0.5282964362101052,0.028563294218467875,102,4705,438,3
0.13469703495502472,0.02122347066167291,0.9714285714285714,0.08535874003499903,0.04153940134392181,0.09758897818599312,0.5283936557317852,0.02863196811431939,102,4704,439,3
0.13480471074581146,0.021227887617065556,0.9714285714285714,0.08555317907835894,0.04154786150712831,0.09760765550239234,0.5284908752534652,0.028700544716850726,102,4703,440,3
0.13498923182487488,0.021232306411323898,0.9714285714285714,0.08574761812171884,0.041556325117131795,0.09762633996937213,0.5285880947751451,0.028769024503694413,102,4702,441,3
0.13513430953025818,0.021236727045596503,0.9714285714285714,0.08594205716507874,0.04156479217603912,0.09764503159103963,0.5286853142968251,0.02883740794911743,102,4701,442,3
0.13514485955238342,0.0212411495210329,0.9714285714285714,0.08613649620843865,0.04157326268595883,0.09766373037150516,0.528782533818505,0.028905695524053115,102,4700,443,3
0.13515210151672363,0.021245573838783588,0.9714285714285714,0.08633093525179857,0.04158173664900122,0.0976824363148822,0.528879753340185,0.028973887696132617,102,4699,444,3
0.13525566458702087,0.02125,0.9714285714285714,0.08652537429515847,0.04159021406727829,0.09770114942528736,0.528976972861865,0.029041984929716057,102,4698,445,3
0.13538767397403717,0.02125442800583455,0.9714285714285714,0.08671981333851837,0.041598694942903754,0.09771986970684039,0.5290741923835449,0.02910998768592327,102,4697,446,3
0.1355782151222229,0.0212588578574406,0.9714285714285714,0.08691425238187828,0.04160717927799307,0.09773859716366425,0.5291714119052249,0.029177896422664194,102,4696,447,3
0.13565443456172943,0.021263289555972485,0.9714285714285714,0.0871086914252382,0.0416156670746634,0.097757331799885,0.5292686314269048,0.029245711594668936,102,4695,448,3
0.1357216238975525,0.021267723102585488,0.9714285714285714,0.0873031304685981,0.04162415833503367,0.0977760736196319,0.5293658509485848,0.029313433653517462,102,4694,449,3
0.13582317531108856,0.021272158498435872,0.9714285714285714,0.087497569511958,0.04163265306122449,0.0977948226270374,0.5294630704702648,0.029381063047668934,102,4693,450,3
0.13583095371723175,0.02127659574468085,0.9714285714285714,0.0876920085553179,0.041641151255358236,0.09781357882623705,0.5295602899919447,0.02944860022249073,102,4692,451,3
0.13585264980793,0.021281034842478615,0.9714285714285714,0.08788644759867781,0.041649652919559,0.09783234222136965,0.5296575095136247,0.02951604562028712,102,4691,452,3
0.1360660195350647,0.021285475792988316,0.9714285714285714,0.08808088664203773,0.041658158055952625,0.09785111281657713,0.5297547290353046,0.029583399680327603,102,4690,453,3
0.1362762600183487,0.021289918597370068,0.9714285714285714,0.08827532568539763,0.041666666666666664,0.09786989061600461,0.5298519485569845,0.029650662838874915,102,4689,454,3
0.13637273013591766,0.02129436325678497,0.9714285714285714,0.08846976472875753,0.041675178753830436,0.09788867562380038,0.5299491680786644,0.02971783552921276,102,4688,455,3
0.13648425042629242,0.021298809772395073,0.9714285714285714,0.08866420377211744,0.04168369431957499,0.09790746784411596,0.5300463876003444,0.029784918181673135,102,4687,456,3
0.13651669025421143,0.021303258145363407,0.9714285714285714,0.08885864281547735,0.041692213366033105,0.097926267281106,0.5301436071220244,0.029851911223663437,102,4686,457,3
0.13659675419330597,0.02130770837685398,0.9714285714285714,0.08905308185883726,0.041700735895339326,0.09794507393892836,0.5302408266437043,0.02991881507969319,102,4685,458,3
0.13660423457622528,0.02131216046803176,0.9714285714285714,0.08924752090219716,0.04170926190962993,0.09796388782174414,0.5303380461653843,0.029985630171400532,102,4684,459,3
0.1368386149406433,0.021316614420062698,0.9714285714285714,0.08944195994555706,0.04171779141104295,0.09798270893371758,0.5304352656870642,0.030052356917578314,102,4683,460,3
0.1369841992855072,0.021321070234113712,0.9714285714285714,0.08963639898891697,0.04172632440171814,0.09800153727901614,0.5305324852087442,0.030118995734199995,102,4682,461,3
0.1371043175458908,0.02132552791135271,0.9714285714285714,0.08983083803227689,0.041734860883797055,0.09802037286181049,0.5306297047304241,0.03018554703444519,102,4681,462,3
0.13713720440864563,0.02132998745294856,0.9714285714285714,0.09002527707563679,0.041743400859422956,0.09803921568627451,0.5307269242521041,0.030252011228724934,102,4680,463,3
0.13717839121818542,0.021334448860071114,0.9714285714285714,0.09021971611899669,0.04175194433074089,0.09805806575658527,0.5308241437737841,0.03031838872470669,102,4679,464,3
0.13721340894699097,0.021338912133891212,0.9714285714285714,0.0904141551623566,0.041760491299897645,0.09807692307692308,0.530921363295464,0.030384679927339044,102,4678,465,3
0.13723304867744446,0.021343377275580666,0.9714285714285714,0.09060859420571651,0.04176904176904177,0.09809578765147144,0.531018582817144,0.030450885238876124,102,4677,466,3
0.13726846873760223,0.021347844286312263,0.9714285714285714,0.09080303324907642,0.041777595740323574,0.09811465948441708,0.5311158023388239,0.030517005058901783,102,4676,467,3
0.13728779554367065,0.021352313167259787,0.9714285714285714,0.09099747229243632,0.04178615321589513,0.09813353857994997,0.5312130218605039,0.030583039784353484,102,4675,468,3
0.13736169040203094,0.02135678391959799,0.9714285714285714,0.09119191133579622,0.04179471419791026,0.09815242494226328,0.5313102413821839,0.030648989809545897,102,4674,469,3
0.13736890256404877,0.02136125654450262,0.9714285714285714,0.09138635037915613,0.04180327868852459,0.09817131857555342,0.5314074609038638,0.030714855526194268,102,4673,470,3
0.1375105082988739,0.0213657310431504,0.9714285714285714,0.09158078942251605,0.041811846689895474,0.09819021948402003,0.5315046804255438,0.030780637323437544,102,4672,471,3
0.13756249845027924,0.021370207416719043,0.9714285714285714,0.09177522846587595,0.041820418204182044,0.09820912767186597,0.5316018999472237,0.03084633558786119,102,4671,472,3
0.13759174942970276,0.02137468566638726,0.9714285714285714,0.09196966750923585,0.04182899323354521,0.09822804314329737,0.5316991194689036,0.030911950703519788,102,4670,473,3
0.13775698840618134,0.02137916579333473,0.9714285714285714,0.09216410655259576,0.04183757178014766,0.0982469659025236,0.5317963389905835,0.03097748305195939,102,4669,474,3
0.13778723776340485,0.021383647798742137,0.9714285714285714,0.09235854559595567,0.041846153846153845,0.09826589595375723,0.5318935585122635,0.031042933012239596,102,4668,475,3
0.13796715438365936,0.02138813168379115,0.9714285714285714,0.09255298463931558,0.04185473943373,0.09828483330121411,0.5319907780339435,0.03110830096095544,102,4667,476,3
0.13801051676273346,0.02139261744966443,0.9714285714285714,0.09274742368267548,0.04186332854504412,0.09830377794911334,0.5320879975556234,0.03117358727225897,102,4666,477,3
0.1380324363708496,0.021397105097545627,0.9714285714285714,0.09294186272603538,0.04187192118226601,0.09832272990167727,0.5321852170773034,0.03123879231788067,102,4665,478,3
0.13807830214500427,0.02140159462861939,0.9714285714285714,0.09313630176939529,0.04188051734756724,0.0983416891631315,0.5322824365989833,0.031303916467150576,102,4664,479,3
0.13826443254947662,0.021406086044071352,0.9714285714285714,0.0933307408127552,0.04188911704312115,0.09836065573770492,0.5323796561206633,0.03136896008701919,102,4663,480,3
0.13834579288959503,0.021410579345088162,0.9714285714285714,0.09352517985611511,0.041897720271102896,0.09837962962962964,0.5324768756423433,0.0314339235420782,102,4662,481,3
0.13841237127780914,0.02141507453285744,0.9714285714285714,0.09371961889947501,0.0419063270336894,0.09839861084314104,0.5325740951640232,0.03149880719458092,102,4661,482,3
0.13849462568759918,0.02141957160856783,0.9714285714285714,0.09391405794283492,0.04191493733305938,0.09841759938247781,0.5326713146857032,0.03156361140446256,102,4660,483,3
0.13852784037590027,0.02142407057340895,0.9714285714285714,0.09410849698619483,0.04192355117139334,0.09843659525188188,0.5327685342073831,0.031628336529360215,102,4659,484,3
0.13865849375724792,0.02142857142857143,0.9714285714285714,0.09430293602955474,0.04193216855087359,0.09845559845559845,0.5328657537290631,0.031692982924632726,102,4658,485,3
0.13879773020744324,0.0214330741752469,0.9714285714285714,0.09449737507291464,0.04194078947368421,0.09847460899787604,0.532962973250743,0.031757550943380224,102,4657,486,3
0.13882169127464294,0.021437578814627996,0.9714285714285714,0.09469181411627454,0.041949413942011106,0.0984936268829664,0.533060192772423,0.03182204093646358,102,4656,487,3
0.1390175074338913,0.021442085347908344,0.9714285714285714,0.09488625315963445,0.04195804195804196,0.09851265211512458,0.533157412294103,0.03188645325252354,102,4655,488,3
0.13903766870498657,0.02144659377628259,0.9714285714285714,0.09508069220299437,0.04196667352396626,0.09853168469860897,0.5332546318157829,0.031950788237999704,102,4654,489,3
0.13921326398849487,0.02145110410094637,0.9714285714285714,0.09527513124635427,0.04197530864197531,0.09855072463768116,0.5333518513374629,0.03201504623714933,102,4653,490,3
0.13939835131168365,0.02145561632309634,0.9714285714285714,0.09546957028971417,0.04198394731426219,0.09856977193660611,0.5334490708591428,0.0320792275920659,102,4652,491,3
0.13955992460250854,0.02146013044393015,0.9714285714285714,0.09566400933307408,0.04199258954302182,0.09858882659965204,0.5335462903808228,0.03214333264269747,102,4651,492,3
0.13964056968688965,0.021464646464646464,0.9714285714285714,0.095858448376434,0.042001235330450894,0.09860788863109049,0.5336435099025028,0.0322073617268649,102,4650,493,3
0.13967128098011017,0.02146916438644496,0.9714285714285714,0.0960528874197939,0.042009884678747944,0.09862695803519629,0.5337407294241827,0.0322713151802798,102,4649,494,3
0.1396765410900116,0.021473684210526315,0.9714285714285714,0.0962473264631538,0.042018537590113286,0.09864603481624758,0.5338379489458626,0.03233519333656239,102,4648,495,3
0.139740988612175,0.02147820593809223,0.9714285714285714,0.0964417655065137,0.042027194066749075,0.09866511897852583,0.5339351684675425,0.032398996527259034,102,4647,496,3
0.139804407954216,0.02148272957034541,0.9714285714285714,0.09663620454987361,0.042035854110859264,0.09868421052631579,0.5340323879892225,0.03246272508185976,102,4646,497,3
0.1398571878671646,0.021487255108489572,0.9714285714285714,0.09683064359323353,0.04204451772464963,0.09870330946390556,0.5341296075109024,0.03252637932781545,102,4645,498,3
0.1398804783821106,0.021491782553729456,0.9714285714285714,0.09702508263659343,0.042053184910327765,0.09872241579558652,0.5342268270325824,0.03258995959055493,102,4644,499,3
0.13999997079372406,0.02149631190727081,0.9714285714285714,0.09721952167995333,0.04206185567010309,0.09874152952565343,0.5343240465542624,0.032653466193501846,102,4643,500,3
0.1401340514421463,0.021500843170320406,0.9714285714285714,0.09741396072331324,0.042070530006186845,0.09876065065840434,0.5344212660759423,0.03271689945809139,102,4642,501,3
0.14017342031002045,0.021505376344086023,0.9714285714285714,0.09760839976667315,0.04207920792079208,0.09877977919814061,0.5345184855976223,0.03278025970378685,102,4641,502,3
0.14019380509853363,0.021509911429776464,0.9714285714285714,0.09780283881003306,0.04208788941613369,0.09879891514916699,0.5346157051193022,0.03284354724809595,102,4640,503,3
0.14023393392562866,0.021514448428601562,0.9714285714285714,0.09799727785339296,0.04209657449442839,0.09881805851579151,0.5347129246409822,0.03290676240658708,102,4639,504,3
0.14033585786819458,0.021518987341772152,0.9714285714285714,0.09819171689675286,0.042105263157894736,0.09883720930232558,0.5348101441626621,0.03296990549290532,102,4638,505,3
0.14036184549331665,0.021523528170500107,0.9714285714285714,0.09838615594011277,0.042113955408753095,0.09885636751308394,0.5349073636843421,0.0330329768187883,102,4637,506,3
0.14038114249706268,0.021528070915998312,0.9714285714285714,0.09858059498347269,0.042122651249225686,0.09887553315238465,0.5350045832060221,0.033095976694081895,102,4636,507,3
0.14047355949878693,0.021532615579480684,0.9714285714285714,0.09877503402683259,0.042131350681536554,0.09889470622454916,0.535101802727702,0.033158905426755814,102,4635,508,3
0.14048659801483154,0.02153716216216216,0.9714285714285714,0.09896947307019249,0.04214005370791159,0.09891388673390225,0.535199022249382,0.033221763322918936,102,4634,509,3
0.14052332937717438,0.02154171066525871,0.9714285714285714,0.0991639121135524,0.04214876033057851,0.09893307468477207,0.5352962417710619,0.03328455068683455,102,4633,510,3
0.14067639410495758,0.021546261089987327,0.9714285714285714,0.09935835115691231,0.04215747055176689,0.0989522700814901,0.5353934612927419,0.033347267820935445,102,4632,511,3
0.1408354938030243,0.021550813437566027,0.9714285714285714,0.09955279020027222,0.04216618437370814,0.09897147292839123,0.5354906808144219,0.033409915025838816,102,4631,512,3
0.14089037477970123,0.021555367709213864,0.9714285714285714,0.09974722924363212,0.04217490179863552,0.09899068322981366,0.5355879003361018,0.03347249260036103,102,4630,513,3
0.14094626903533936,0.02155992390615092,0.9714285714285714,0.09994166828699202,0.04218362282878412,0.09900990099009901,0.5356851198577817,0.03353500084153225,102,4629,514,3
0.14098937809467316,0.02156448202959831,0.9714285714285714,0.10013610733035193,0.042192347466390896,0.09902912621359224,0.5357823393794616,0.03359744004461088,102,4628,515,3
0.14101813733577728,0.021569042080778176,0.9714285714285714,0.10033054637371185,0.042201075713694663,0.09904835890464168,0.5358795589011416,0.03365981050309793,102,4627,516,3
0.1411420851945877,0.021573604060913704,0.9714285714285714,0.10052498541707175,0.04220980757293606,0.09906759906759907,0.5359767784228215,0.03372211250875118,102,4626,517,3
0.14129146933555603,0.02157816797122911,0.9714285714285714,0.10071942446043165,0.042218543046357616,0.09908684670681951,0.5360739979445015,0.0337843463515992,102,4625,518,3
0.14134560525417328,0.02158273381294964,0.9714285714285714,0.10091386350379156,0.042227282136203685,0.09910610182666149,0.5361712174661815,0.03384651231995526,102,4624,519,3
0.14136208593845367,0.02158730158730159,0.9714285714285714,0.10110830254715147,0.0422360248447205,0.09912536443148688,0.5362684369878614,0.03390861070043109,102,4623,520,3
0.14136596024036407,0.021591871295512276,0.9714285714285714,0.10130274159051138,0.04224477117415614,0.09914463452566097,0.5363656565095414,0.033970641777950485,102,4622,521,3
0.14140912890434265,0.02159644293881008,0.9714285714285714,0.10149718063387128,0.04225352112676056,0.0991639121135524,0.5364628760312213,0.034032605835762814,102,4621,522,3
0.14144344627857208,0.021601016518424398,0.9714285714285714,0.10169161967723118,0.04226227470478558,0.09918319719953325,0.5365600955529013,0.03409450315545634,102,4620,523,3
0.14159612357616425,0.02160559203558568,0.9714285714285714,0.10188605872059109,0.042271031910484876,0.09920248978797899,0.5366573150745813,0.03415633401697146,102,4619,524,3
0.14163412153720856,0.021610169491525423,0.9714285714285714,0.102080497763951,0.04227979274611399,0.09922178988326848,0.5367545345962612,0.03421809869861379,102,4618,525,3
0.14165472984313965,0.02161474888747616,0.9714285714285714,0.10227493680731091,0.04228855721393035,0.099241097489784,0.5368517541179412,0.034279797477067095,102,4617,526,3
0.1416698545217514,0.02161933022467147,0.9714285714285714,0.10246937585067081,0.04229732531619324,0.09926041261191125,0.5369489736396211,0.03434143062740614,102,4616,527,3
0.14177991449832916,0.021623913504345983,0.9714285714285714,0.10266381489403072,0.04230609705516383,0.09927973525403933,0.5370461931613011,0.0344029984231094,102,4615,528,3
0.1419428288936615,0.021628498727735368,0.9714285714285714,0.10285825393739063,0.042314872433105166,0.09929906542056074,0.537143412682981,0.03446450113607161,102,4614,529,3
0.14201131463050842,0.021633085896076352,0.9714285714285714,0.10305269298075054,0.04232365145228216,0.09931840311587146,0.537240632204661,0.034525939036616236,102,4613,530,3
0.14201387763023376,0.021637675010606705,0.9714285714285714,0.10324713202411044,0.04233243411496161,0.09933774834437085,0.537337851726341,0.034587312393507826,102,4612,531,3
0.14210426807403564,0.021642266072565246,0.9714285714285714,0.10344157106747034,0.04234122042341221,0.09935710111046171,0.5374350712480209,0.03464862147396417,102,4611,532,3
0.14214874804019928,0.02164685908319185,0.9714285714285714,0.10363601011083025,0.042350010379904504,0.09937646141855028,0.5375322907697009,0.03470986654366843,102,4610,533,3
0.14224933087825775,0.021651454043727446,0.9714285714285714,0.10383044915419017,0.04235880398671096,0.09939582927304619,0.5376295102913808,0.034771047866781105,102,4609,534,3
0.14227133989334106,0.02165605095541401,0.9714285714285714,0.10402488819755007,0.04236760124610592,0.09941520467836257,0.5377267298130608,0.03483216570595189,102,4608,535,3
0.14230096340179443,0.021660649819494584,0.9714285714285714,0.10421932724090997,0.0423764021603656,0.09943458763891597,0.5378239493347406,0.03489322032233142,102,4607,536,3
0.14248348772525787,0.021665250637213255,0.9714285714285714,0.10441376628426988,0.04238520673176813,0.09945397815912636,0.5379211688564206,0.03495421197558288,102,4606,537,3
0.14248499274253845,0.021669853409815167,0.9714285714285714,0.1046082053276298,0.04239401496259352,0.0994733762434172,0.5380183883781006,0.03501514092389355,102,4605,538,3
0.14251014590263367,0.021674458138546536,0.9714285714285714,0.1048026443709897,0.04240282685512368,0.09949278189621537,0.5381156078997805,0.03507600742398621,102,4604,539,3
0.1426856964826584,0.021679064824654624,0.9714285714285714,0.1049970834143496,0.042411642411642414,0.09951219512195122,0.5382128274214605,0.03513681173113036,102,4603,540,3
0.14274168014526367,0.021683673469387755,0.9714285714285714,0.1051915224577095,0.042420461634435434,0.09953161592505855,0.5383100469431404,0.03519755409915355,102,4602,541,3
0.14277076721191406,0.021688284073995322,0.9714285714285714,0.10538596150106941,0.042429284525790346,0.09955104430997462,0.5384072664648204,0.03525823478045232,102,4601,542,3
0.1430787444114685,0.021692896639727774,0.9714285714285714,0.10558040054442933,0.04243811108799667,0.09957048028114018,0.5385044859865004,0.03531885402600325,102,4600,543,3
0.14317941665649414,0.02169751116783663,0.9714285714285714,0.10577483958778923,0.04244694132334582,0.09958992384299942,0.5386017055081803,0.03537941208537382,102,4599,544,3
0.143186554312706,0.02170212765957447,0.9714285714285714,0.10596927863114913,0.04245577523413111,0.099609375,0.5386989250298603,0.035439909206733136,102,4598,545,3
0.14319640398025513,0.021706746116194935,0.9714285714285714,0.10616371767450904,0.042464612822647796,0.09962883375659308,0.5387961445515402,0.03550034563686265,102,4597,546,3
0.1432211995124817,0.021711366538952746,0.9714285714285714,0.10635815671786895,0.042473454091193005,0.09964830011723329,0.5388933640732202,0.03556072162116666,102,4596,547,3
0.14327360689640045,0.021715988929103685,0.9714285714285714,0.10655259576122886,0.0424822990420658,0.09966777408637874,0.5389905835949002,0.03562103740368283,102,4595,548,3
0.14331404864788055,0.0217206132879046,0.9714285714285714,0.10674703480458876,0.042491147677567176,0.09968725566849101,0.5390878031165801,0.03568129322709252,102,4594,549,3
0.14336657524108887,0.021725239616613417,0.9714285714285714,0.10694147384794866,0.0425,0.09970674486803519,0.5391850226382601,0.035741489332731025,102,4593,550,3
0.14337128400802612,0.021729867916489135,0.9714285714285714,0.10713591289130857,0.0425088560116691,0.09972624168947986,0.53928224215994,0.0358016259605978,102,4592,551,3
0.14339248836040497,0.021734498188791817,0.9714285714285714,0.10733035193466849,0.0425177157148812,0.09974574613729709,0.53937946168162,0.0358617033493665,102,4591,552,3
0.1435401439666748,0.021739130434782608,0.9714285714285714,0.10752479097802839,0.04252657911194497,0.09976525821596244,0.5394766812033,0.03592172173639493,102,4590,553,3
0.14367419481277466,0.021743764655723728,0.9714285714285714,0.1077192300213883,0.042535446205170975,0.099784777929955,0.5395739007249799,0.03598168135773498,102,4589,554,3
0.14373382925987244,0.021748400852878463,0.9714285714285714,0.1079136690647482,0.042544316996871744,0.09980430528375733,0.5396711202466598,0.036041582448142394,102,4588,555,3
0.14379526674747467,0.021753039027511197,0.9714285714285714,0.10810810810810811,0.0425531914893617,0.09982384028185555,0.5397683397683397,0.03610142524108645,102,4587,556,3
0.14383503794670105,0.021757679180887373,0.9714285714285714,0.10830254715146802,0.04256206968495723,0.09984338292873923,0.5398655592900197,0.03616120996875959,102,4586,557,3
0.14387276768684387,0.02176232131427352,0.9714285714285714,0.10849698619482792,0.04257095158597663,0.09986293322890151,0.5399627788116996,0.036220936862086946,102,4585,558,3
0.14407433569431305,0.02176696542893726,0.9714285714285714,0.10869142523818782,0.042579837194740136,0.099882491186839,0.5400599983333796,0.036280606150735736,102,4584,559,3
0.14413109421730042,0.021771611526147278,0.9714285714285714,0.10888586428154773,0.04258872651356994,0.09990205680705191,0.5401572178550595,0.03634021806312465,102,4583,560,3
0.1441967636346817,0.021776259607173356,0.9714285714285714,0.10908030332490765,0.04259761954479015,0.09992163009404388,0.5402544373767395,0.03639977282643308,102,4582,561,3
0.144219309091568,0.021780909673286355,0.9714285714285714,0.10927474236826755,0.042606516290726815,0.09994121105232216,0.5403516568984195,0.03645927066661029,102,4581,562,3
0.14442962408065796,0.021785561725758223,0.9714285714285714,0.10946918141162745,0.04261541675370796,0.0999607996863975,0.5404488764200994,0.036518711808384514,102,4580,563,3
0.14444975554943085,0.021790215765861997,0.9714285714285714,0.10966362045498736,0.04262432093606352,0.09998039600078416,0.5405460959417794,0.03657809647527196,102,4579,564,3
0.14452748000621796,0.021794871794871794,0.9714285714285714,0.10985805949834727,0.042633228840125395,0.1,0.5406433154634593,0.03663742488958572,102,4578,565,3
0.14453169703483582,0.021799529814062833,0.9714285714285714,0.11005249854170718,0.042642140468227424,0.10001961168856638,0.5407405349851393,0.03669669727244461,102,4577,566,3
0.144584059715271,0.021804189824711415,0.9714285714285714,0.11024693758506708,0.04265105582270542,0.10003923107100823,0.5408377545068193,0.03675591384378194,102,4576,567,3
0.1445913016796112,0.021808851828094934,0.9714285714285714,0.11044137662842698,0.04265997490589712,0.10005885815185403,0.5409349740284992,0.03681507482235417,102,4575,568,3
0.14466504752635956,0.021813515825491875,0.9714285714285714,0.11063581567178689,0.04266889772014223,0.1000784929356358,0.5410321935501792,0.03687418042574951,102,4574,569,3
0.14468367397785187,0.02181818181818182,0.9714285714285714,0.1108302547151468,0.042677824267782424,0.10009813542688911,0.5411294130718591,0.03693323087039648,102,4573,570,3
0.14474685490131378,0.021822849807445442,0.9714285714285714,0.11102469375850671,0.04268675455116133,0.10011778563015312,0.5412266325935391,0.03699222637157232,102,4572,571,3
0.14474967122077942,0.02182751979456452,0.9714285714285714,0.11121913280186661,0.04269568857262453,0.10013744354997055,0.541323852115219,0.037051167143411314,102,4571,572,3
0.14475277066230774,0.02183219178082192,0.9714285714285714,0.11141357184522652,0.042704626334519574,0.10015710919088766,0.541421071636899,0.037110053398913156,102,4570,573,3
0.1447620838880539,0.021836865767501604,0.9714285714285714,0.11160801088858643,0.04271356783919598,0.10017678255745432,0.541518291158579,0.03716888534995113,102,4569,574,3
0.14477220177650452,0.02184154175588865,0.9714285714285714,0.11180244993194634,0.04272251308900524,0.10019646365422397,0.5416155106802589,0.03722766320728026,102,4568,575,3
0.1447729766368866,0.021846219747269222,0.9714285714285714,0.11199688897530624,0.0427314620863008,0.10021615248575359,0.5417127302019389,0.037286387180545354,102,4567,576,3
0.14479757845401764,0.021850899742930592,0.9714285714285714,0.11219132801866614,0.04274041483343809,0.10023584905660378,0.5418099497236187,0.03734505747828902,102,4566,577,3
0.14485320448875427,0.02185558174416113,0.9714285714285714,0.11238576706202605,0.04274937133277452,0.10025555337133871,0.5419071692452987,0.037403674307959586,102,4565,578,3
0.14488302171230316,0.02186026575225032,0.9714285714285714,0.11258020610538597,0.04275833158666946,0.10027526543452615,0.5420043887669787,0.03746223787591895,102,4564,579,3
0.14502772688865662,0.021864951768488745,0.9714285714285714,0.11277464514874587,0.042767295597484274,0.10029498525073746,0.5421016082886586,0.03752074838745037,102,4563,580,3
0.14508847892284393,0.021869639794168096,0.9714285714285714,0.11296908419210577,0.0427762633675823,0.1003147128245476,0.5421988278103386,0.037579206046766164,102,4562,581,3
0.14516706764698029,0.02187432983058117,0.9714285714285714,0.11316352323546568,0.04278523489932886,0.10033444816053512,0.5422960473320185,0.03763761105701535,102,4561,582,3
0.14520558714866638,0.02188371594078524,0.9714285714285714,0.1135524013221855,0.04280318925723878,0.10037394213737454,0.5424904863753784,0.03775426393763895,102,4559,584,3
0.14527122676372528,0.02188841201716738,0.9714285714285714,0.1137468403655454,0.042812172088142704,0.10039370078740158,0.5425877058970584,0.037812512209062794,102,4558,585,3
0.14537197351455688,0.02189311010946555,0.9714285714285714,0.1139412794089053,0.042821158690176324,0.10041346721795628,0.5426849254187384,0.03787070863353373,102,4557,586,3
0.1456574946641922,0.021897810218978103,0.9714285714285714,0.11413571845226521,0.04283014906571488,0.10043324143363529,0.5427821449404183,0.037928853408996634,102,4556,587,3
0.14571984112262726,0.02190251234700451,0.9714285714285714,0.11433015749562513,0.04283914321713566,0.10045302343903881,0.5428793644620983,0.037986946732377534,102,4555,588,3
0.14574195444583893,0.02190721649484536,0.9714285714285714,0.11452459653898503,0.0428481411468179,0.10047281323877069,0.5429765839837782,0.038044988799590805,102,4554,589,3
0.14574222266674042,0.021911922663802364,0.9714285714285714,0.11471903558234493,0.04285714285714286,0.10049261083743842,0.5430738035054582,0.038102979805546326,102,4553,590,3
0.14581923186779022,0.02191663085517834,0.9714285714285714,0.11491347462570484,0.0428661483504938,0.10051241623965314,0.5431710230271382,0.03816091994415646,102,4552,591,3
0.14587931334972382,0.02192134107027724,0.9714285714285714,0.11510791366906475,0.04287515762925599,0.10053222945002957,0.5432682425488181,0.03821880940834313,102,4551,592,3
0.14605462551116943,0.021926053310404127,0.9714285714285714,0.11530235271242466,0.04288417069581669,0.10055205047318612,0.5433654620704981,0.038276648390044674,102,4550,593,3
0.14607444405555725,0.02193076757686519,0.9714285714285714,0.11549679175578456,0.04289318755256518,0.10057187931374482,0.543462681592178,0.038334437080222786,102,4549,594,3
0.14610448479652405,0.02193548387096774,0.9714285714285714,0.11569123079914446,0.04290220820189274,0.10059171597633136,0.543559901113858,0.0383921756688693,102,4548,595,3
0.1461108922958374,0.02194020219402022,0.9714285714285714,0.11588566984250437,0.04291123264619268,0.10061156046557507,0.5436571206355378,0.03844986434501294,102,4547,596,3
0.14623244106769562,0.021944922547332185,0.9714285714285714,0.11608010888586429,0.0429202608878603,0.10063141278610892,0.5437543401572178,0.038507503296726024,102,4546,597,3
0.14630812406539917,0.02194964493221433,0.9714285714285714,0.11627454792922419,0.04292929292929293,0.10065127294256956,0.5438515596788978,0.03856509271113111,102,4545,598,3
0.14632302522659302,0.021954369349978475,0.9714285714285714,0.1164689869725841,0.04293832877288992,0.10067114093959731,0.5439487792005777,0.038622632774407535,102,4544,599,3
0.1463547945022583,0.021959095801937566,0.9714285714285714,0.116663426015944,0.04294736842105263,0.10069101678183613,0.5440459987222577,0.03868012367179802,102,4543,600,3
0.14645540714263916,0.021963824289405683,0.9714285714285714,0.11685786505930391,0.04295641187618446,0.10071090047393365,0.5441432182439376,0.038737565587615035,102,4542,601,3
0.14653611183166504,0.02196855481369804,0.9714285714285714,0.11705230410266382,0.04296545914069082,0.10073079202054118,0.5442404377656176,0.0387949587052473,102,4541,602,3
0.14655491709709167,0.021973287376130978,0.9714285714285714,0.11724674314602372,0.042974510216979143,0.10075069142631371,0.5443376572872975,0.038852303207166074,102,4540,603,3
0.14671017229557037,0.02197802197802198,0.9714285714285714,0.11744118218938362,0.04298356510745891,0.1007705986959099,0.5444348768089775,0.03890959927493152,102,4539,604,3
0.14681264758110046,0.021982758620689654,0.9714285714285714,0.11763562123274353,0.04299262381454162,0.1007905138339921,0.5445320963306575,0.03896684708919889,102,4538,605,3
0.14692778885364532,0.02198749730545376,0.9714285714285714,0.11783006027610345,0.04300168634064081,0.10081043684522632,0.5446293158523374,0.03902404682972476,102,4537,606,3
0.14694426953792572,0.02199223803363519,0.9714285714285714,0.11802449931946335,0.043010752688172046,0.10083036773428232,0.5447265353740174,0.03908119867537316,102,4536,607,3
0.1469791680574417,0.021996980806555964,0.9714285714285714,0.11821893836282325,0.04301982285955293,0.1008503065058335,0.5448237548956973,0.03913830280412167,102,4535,608,3
0.14712880551815033,0.02200172562553926,0.9714285714285714,0.11841337740618316,0.043028896857203125,0.10087025316455696,0.5449209744173773,0.03919535939306744,102,4534,609,3
0.1471654772758484,0.022006472491909384,0.9714285714285714,0.11860781644954307,0.043037974683544304,0.10089020771513353,0.5450181939390573,0.03925236861843319,102,4533,610,3
0.14725159108638763,0.0220112214069918,0.9714285714285714,0.11880225549290298,0.043047056341000214,0.10091017016224772,0.5451154134607372,0.039309330655573134,102,4532,611,3
0.1472572535276413,0.022015972372113102,0.9714285714285714,0.11899669453626288,0.043056141831996624,0.10093014051058777,0.5452126329824172,0.03936624567897891,102,4531,612,3
0.14727085828781128,0.022020725388601035,0.9714285714285714,0.11919113357962278,0.04306523115896137,0.10095011876484561,0.5453098525040971,0.03942311386228534,102,4530,613,3
0.1473437398672104,0.022025480457784494,0.9714285714285714,0.11938557262298269,0.04307432432432432,0.10097010492971689,0.5454070720257771,0.03947993537827628,102,4529,614,3
0.14735829830169678,0.022030237580993522,0.9714285714285714,0.1195800116663426,0.04308342133051742,0.100990099009901,0.545504291547457,0.03953671039889031,102,4528,615,3
0.1474592536687851,0.0220349967595593,0.9714285714285714,0.11977445070970251,0.043092522179974654,0.10101010101010101,0.545601511069137,0.039593439095226474,102,4527,616,3
0.14763396978378296,0.022039757994814176,0.9714285714285714,0.11996888975306241,0.043101626875132054,0.10103011093502377,0.545698730590817,0.039650121637549884,102,4526,617,3
0.14773604273796082,0.022044521288091635,0.9714285714285714,0.12016332879642232,0.04311073541842773,0.10105012878937983,0.5457959501124968,0.03970675819529731,102,4525,618,3
0.14774887263774872,0.02204928664072633,0.9714285714285714,0.12035776783978223,0.04311984781230184,0.10107015457788347,0.5458931696341768,0.039763348937082776,102,4524,619,3
0.14780300855636597,0.022054054054054053,0.9714285714285714,0.12055220688314214,0.04312896405919662,0.10109018830525272,0.5459903891558567,0.03981989403070299,102,4523,620,3
0.14781171083450317,0.022058823529411766,0.9714285714285714,0.12074664592650204,0.04313808416155635,0.10111022997620936,0.5460876086775367,0.03987639364314287,102,4522,621,3
0.14796306192874908,0.022063595068137574,0.9714285714285714,0.12094108496986195,0.04314720812182741,0.10113027959547888,0.5461848281992167,0.039932847940580905,102,4521,622,3
0.14800012111663818,0.02206836867157075,0.9714285714285714,0.12113552401322185,0.04315633594245822,0.10115033716779057,0.5462820477208966,0.03998925708839454,102,4520,623,3
0.14801378548145294,0.02207314434105172,0.9714285714285714,0.12132996305658177,0.04316546762589928,0.1011704026978774,0.5463792672425766,0.040045621251165495,102,4519,624,3
0.1480775624513626,0.02207792207792208,0.9714285714285714,0.12152440209994167,0.04317460317460318,0.10119047619047619,0.5464764867642565,0.04010194059268504,102,4518,625,3
0.1481901854276657,0.022082701883524573,0.9714285714285714,0.12171884114330157,0.04318374259102455,0.10121055765032745,0.5465737062859365,0.040158215275959225,102,4517,626,3
0.14819078147411346,0.02208748375920312,0.9714285714285714,0.12191328018666148,0.04319288587762016,0.10123064708217547,0.5466709258076164,0.04021444546321407,102,4516,627,3
0.14823468029499054,0.022092267706302793,0.9714285714285714,0.1221077192300214,0.043202033036848796,0.10125074449076832,0.5467681453292964,0.04027063131590073,102,4515,628,3
0.14829076826572418,0.022097053726169845,0.9714285714285714,0.1223021582733813,0.04321118407117136,0.10127084988085783,0.5468653648509764,0.040326772994700576,102,4514,629,3
0.14843212068080902,0.02210184182015168,0.9714285714285714,0.1224965973167412,0.043220338983050846,0.1012909632571996,0.5469625843726563,0.04038287065953025,102,4513,630,3
0.14850419759750366,0.022106631989596878,0.9714285714285714,0.1226910363601011,0.04322949777495232,0.10131108462455304,0.5470598038943363,0.04043892446954673,102,4512,631,3
0.1485091596841812,0.02211142423585519,0.9714285714285714,0.12288547540346101,0.04323866044934294,0.1013312139876813,0.5471570234160162,0.040494934583152266,102,4511,632,3
0.14851456880569458,0.022116218560277536,0.9714285714285714,0.12307991444682093,0.043247827008691966,0.10135135135135136,0.5472542429376962,0.04055090115799935,102,4510,633,3
0.14856578409671783,0.022121014964216004,0.9714285714285714,0.12327435349018083,0.043256997455470736,0.10137149672033392,0.5473514624593762,0.04060682435099557,102,4509,634,3
0.14856880903244019,0.02212581344902386,0.9714285714285714,0.12346879253354073,0.043266171792152704,0.10139165009940358,0.5474486819810561,0.04066270431830855,102,4508,635,3
0.14857575297355652,0.022130614016055542,0.9714285714285714,0.12366323157690064,0.04327535002121341,0.10141181149333864,0.5475459015027361,0.040718541215370684,102,4507,636,3
0.14858001470565796,0.022135416666666668,0.9714285714285714,0.12385767062026055,0.04328453214513049,0.10143198090692124,0.547643121024416,0.04077433519688395,102,4506,637,3
0.1486096829175949,0.02214022140221402,0.9714285714285714,0.12405210966362046,0.0432937181663837,0.10145215834493734,0.5477403405460959,0.040830086416824694,102,4505,638,3
0.1486152708530426,0.02214502822405558,0.9714285714285714,0.12424654870698036,0.04330290808745489,0.10147234381217668,0.5478375600677758,0.04088579502844824,102,4504,639,3
0.1486431509256363,0.02214983713355049,0.9714285714285714,0.12444098775034027,0.04331210191082802,0.10149253731343283,0.5479347795894558,0.04094146118429367,102,4503,640,3
0.14869090914726257,0.022154648132059078,0.9714285714285714,0.12463542679370017,0.04332129963898917,0.10151273885350319,0.5480319991111358,0.04099708503618834,102,4502,641,3
0.14869993925094604,0.022159461220942863,0.9714285714285714,0.12482986583706009,0.04333050127442651,0.10153294843718894,0.5481292186328157,0.04105266673525255,102,4501,642,3
0.1487017273902893,0.02216427640156454,0.9714285714285714,0.12502430488042,0.043339706819630335,0.1015531660692951,0.5482264381544957,0.04110820643190406,102,4500,643,3
0.14876939356327057,0.02216909367528798,0.9714285714285714,0.1252187439237799,0.04334891627709307,0.10157339175463055,0.5483236576761756,0.04116370427586265,102,4499,644,3
0.1488170325756073,0.02217391304347826,0.9714285714285714,0.1254131829671398,0.04335812964930925,0.10159362549800798,0.5484208771978556,0.04121916041615452,102,4498,645,3
0.14893858134746552,0.02217873450750163,0.9714285714285714,0.12560762201049971,0.04336734693877551,0.10161386730424388,0.5485180967195356,0.0412745750011168,102,4497,646,3
0.1490158885717392,0.02218355806872553,0.9714285714285714,0.1258020610538596,0.043376568147990645,0.10163411717815862,0.5486153162412155,0.041329948178401965,102,4496,647,3
0.1491921991109848,0.0221883837285186,0.9714285714285714,0.12599650009721952,0.04338579327945555,0.10165437512457644,0.5487125357628955,0.04138528009498217,102,4495,648,3
0.1492340862751007,0.022193211488250653,0.9714285714285714,0.12619093914057944,0.04339502233567326,0.10167464114832536,0.5488097552845754,0.04144057089715361,102,4494,649,3
0.1492539495229721,0.02219804134929271,0.9714285714285714,0.12638537818393933,0.04340425531914894,0.1016949152542373,0.5489069748062554,0.04149582073054083,102,4493,650,3
0.14930617809295654,0.02220287331301698,0.9714285714285714,0.12657981722729925,0.04341349223238987,0.10171519744714799,0.5490041943279353,0.041551029740100984,102,4492,651,3
0.14937470853328705,0.022207707380796866,0.9714285714285714,0.12677425627065914,0.04342273307790549,0.10173548773189707,0.5491014138496153,0.04160619807012805,102,4491,652,3
0.14937594532966614,0.02221254355400697,0.9714285714285714,0.12696869531401905,0.04343197785820737,0.10175578611332801,0.5491986333712953,0.04166132586425713,102,4490,653,3
0.14948149025440216,0.022217381834023088,0.9714285714285714,0.12716313435737897,0.0434412265758092,0.10177609259628817,0.5492958528929752,0.041716413265468474,102,4489,654,3
0.14962801337242126,0.022222222222222223,0.9714285714285714,0.12735757340073886,0.043450479233226834,0.10179640718562874,0.5493930724146552,0.041771460416091755,102,4488,655,3
0.14966481924057007,0.022227064719982568,0.9714285714285714,0.12755201244409878,0.04345973583297827,0.10181672988620483,0.5494902919363351,0.04182646745781007,102,4487,656,3
0.14969444274902344,0.022231909328683522,0.9714285714285714,0.1277464514874587,0.043468996377583634,0.1018370607028754,0.5495875114580151,0.041881434531664076,102,4486,657,3
0.14980216324329376,0.02223675604970569,0.9714285714285714,0.12794089053081859,0.043478260869565216,0.10185739964050329,0.5496847309796951,0.04193636177805602,102,4485,658,3
0.14984211325645447,0.022241604884430877,0.9714285714285714,0.1281353295741785,0.043487529311447455,0.10187774670395526,0.549781950501375,0.04199124933675372,102,4484,659,3
0.14986376464366913,0.022246455834242094,0.9714285714285714,0.1283297686175384,0.04349680170575693,0.1018981018981019,0.5498791700230549,0.04204609734689458,102,4483,660,3
0.14994682371616364,0.02225130890052356,0.9714285714285714,0.1285242076608983,0.04350607805502239,0.10191846522781775,0.5499763895447348,0.0421009059469895,102,4482,661,3
0.14999006688594818,0.022256164084660704,0.9714285714285714,0.12871864670425823,0.043515358361774746,0.1019388366979812,0.5500736090664148,0.04215567527492683,102,4481,662,3
0.15011900663375854,0.022261021388040158,0.9714285714285714,0.12891308574761812,0.04352464262854704,0.10195921631347461,0.5501708285880947,0.042210405467976206,102,4480,663,3
0.15014119446277618,0.02226588081204977,0.9714285714285714,0.12910752479097803,0.04353393085787452,0.10197960407918416,0.5502680481097747,0.04226509666279248,102,4479,664,3
0.15020819008350372,0.0222707423580786,0.9714285714285714,0.12930196383433792,0.043543223052294557,0.102,0.5503652676314547,0.04231974899541946,102,4478,665,3
0.15024057030677795,0.022275606027516926,0.9714285714285714,0.12949640287769784,0.04355251921434671,0.10202040408081617,0.5504624871531346,0.042374362601293764,102,4477,666,3
0.15024790167808533,0.022280471821756225,0.9714285714285714,0.12969084192105776,0.04356181934657271,0.10204081632653061,0.5505597066748146,0.042428937615248546,102,4476,667,3
0.1505102962255478,0.022285339742189207,0.9714285714285714,0.12988528096441765,0.043571123451516446,0.10206123674204523,0.5506569261964945,0.0424834741715173,102,4475,668,3
0.15051116049289703,0.022290209790209792,0.9714285714285714,0.13007972000777757,0.043580431531723994,0.10208166533226581,0.5507541457181745,0.04253797240373748,102,4474,669,3
0.1505257785320282,0.022295081967213116,0.9714285714285714,0.13027415905113746,0.04358974358974359,0.1021021021021021,0.5508513652398545,0.04259243244495424,102,4473,670,3
0.15055304765701294,0.02229995627459554,0.9714285714285714,0.13046859809449737,0.043599059628125665,0.10212254705646776,0.5509485847615344,0.04264685442762406,102,4472,671,3
0.1506541222333908,0.022304832713754646,0.9714285714285714,0.1306630371378573,0.04360837964942283,0.10214300020028039,0.5510458042832144,0.04270123848361839,102,4471,672,3
0.15078105032444,0.02230971128608924,0.9714285714285714,0.13085747618121718,0.04361770365618987,0.10216346153846154,0.5511430238048943,0.042755584744227235,102,4470,673,3
0.15112413465976715,0.022314591992999344,0.9714285714285714,0.1310519152245771,0.04362703165098375,0.10218393107593668,0.5512402433265743,0.04280989334016269,102,4469,674,3
0.15114039182662964,0.022319474835886213,0.9714285714285714,0.13124635426793702,0.04363636363636364,0.10220440881763528,0.5513374628482542,0.04286416440156256,102,4468,675,3
0.15115079283714294,0.02232435981615233,0.9714285714285714,0.1314407933112969,0.043645699614890884,0.10222489476849068,0.5514346823699342,0.04291839805799378,102,4467,676,3
0.15122367441654205,0.0223292469352014,0.9714285714285714,0.13163523235465682,0.04365503958912904,0.10224538893344026,0.5515319018916142,0.042972594438455976,102,4466,677,3
0.1512523889541626,0.022334136194438362,0.9714285714285714,0.1318296713980167,0.04366438356164384,0.1022658913174253,0.551629121413294,0.043026753671384886,102,4465,678,3
0.15131080150604248,0.022339027595269383,0.9714285714285714,0.13202411044137663,0.04367373153500321,0.1022864019253911,0.551726340934974,0.04308087588465581,102,4464,679,3
0.15140032768249512,0.02234392113910186,0.9714285714285714,0.13221854948473655,0.0436830835117773,0.10230692076228685,0.5518235604566539,0.043134961205587,102,4463,680,3
0.15146289765834808,0.022348816827344433,0.9714285714285714,0.13241298852809644,0.043692439494538444,0.10232744783306581,0.5519207799783339,0.04318900976094308,102,4462,681,3
0.15152691304683685,0.022353714661406968,0.9714285714285714,0.13260742757145635,0.043701799485861184,0.10234798314268513,0.5520179995000138,0.04324302167693836,102,4461,682,3
0.15153250098228455,0.02235861464270057,0.9714285714285714,0.13280186661481624,0.04371116348832226,0.10236852669610598,0.5521152190216938,0.04329699707924018,102,4460,683,3
0.15155749022960663,0.02236351677263758,0.9714285714285714,0.13299630565817616,0.04372053150450064,0.10238907849829351,0.5522124385433738,0.04335093609297224,102,4459,684,3
0.1515716165304184,0.02236842105263158,0.9714285714285714,0.13319074470153608,0.04372990353697749,0.10240963855421686,0.5523096580650537,0.04340483884271786,102,4458,685,3
0.1516069620847702,0.02237332748409739,0.9714285714285714,0.13338518374489597,0.04373927958833619,0.10243020686884917,0.5524068775867337,0.04345870545252322,102,4457,686,3
0.1516217142343521,0.022378236068451074,0.9714285714285714,0.1335796227882559,0.04374865966116234,0.10245078344716754,0.5525040971084136,0.04351253604590063,102,4456,687,3
0.1516597718000412,0.02238314680710994,0.9714285714285714,0.13377406183161578,0.043758043758043756,0.1024713682941531,0.5526013166300936,0.04356633074583172,102,4455,688,3
0.15169502794742584,0.022388059701492536,0.9714285714285714,0.1339685008749757,0.04376743188157048,0.102491961414791,0.5526985361517736,0.04362008967477062,102,4454,689,3
0.15170039236545563,0.02239297475301866,0.9714285714285714,0.1341629399183356,0.04377682403433476,0.10251256281407035,0.5527957556734535,0.04367381295464712,102,4453,690,3
0.151713564991951,0.022397891963109356,0.9714285714285714,0.1343573789616955,0.0437862202189311,0.10253317249698432,0.5528929751951335,0.043727500706869815,102,4452,691,3
0.15178227424621582,0.02240281133318691,0.9714285714285714,0.13455181800505542,0.043795620437956206,0.10255379046853007,0.5529901947168134,0.043781153052329214,102,4451,692,3
0.1518358439207077,0.02240773286467487,0.9714285714285714,0.13474625704841534,0.04380502469400902,0.10257441673370878,0.5530874142384934,0.04383477011140084,102,4450,693,3
0.15184170007705688,0.02241265655899802,0.9714285714285714,0.13494069609177523,0.04381443298969072,0.10259505129752565,0.5531846337601733,0.04388835200394827,102,4449,694,3
0.1518479734659195,0.02241758241758242,0.9714285714285714,0.13513513513513514,0.04382384532760473,0.10261569416498995,0.5532818532818533,0.043941898849326214,102,4448,695,3
0.1518675684928894,0.022422510441855354,0.9714285714285714,0.13532957417849503,0.04383326171035668,0.10263634534111492,0.5533790728035333,0.043995410766383504,102,4447,696,3
0.15187281370162964,0.022427440633245383,0.9714285714285714,0.13552401322185495,0.04384268214055448,0.10265700483091787,0.5534762923252132,0.044048887873466114,102,4446,697,3
0.1519635021686554,0.022432372993182317,0.9714285714285714,0.13571845226521487,0.043852106620808254,0.10267767263942017,0.5535735118468932,0.04410233028842015,102,4445,698,3
0.15196800231933594,0.02243730752309723,0.9714285714285714,0.13591289130857476,0.04386153515373038,0.1026983487716472,0.5536707313685731,0.04415573812859475,102,4444,699,3
0.15200449526309967,0.022442244224422443,0.9714285714285714,0.13610733035193467,0.04387096774193548,0.1027190332326284,0.5537679508902531,0.044209111510845125,102,4443,700,3
0.15207283198833466,0.02244718309859155,0.9714285714285714,0.13630176939529456,0.04388040438804044,0.10273972602739725,0.553865170411933,0.04426245055153531,102,4442,701,3
0.15208269655704498,0.022452124147039402,0.9714285714285714,0.13649620843865448,0.04388984509466437,0.10276042716099133,0.5539623899336129,0.04431575536654122,102,4441,702,3
0.15210787951946259,0.022457067371202115,0.9714285714285714,0.1366906474820144,0.04389928986442866,0.10278113663845223,0.5540596094552929,0.04436902607125343,102,4440,703,3
0.15213048458099365,0.022462012772517068,0.9714285714285714,0.1368850865253743,0.04390873869995695,0.10280185446482563,0.5541568289769728,0.044422262780580014,102,4439,704,3
0.15214625000953674,0.022466960352422908,0.9714285714285714,0.1370795255687342,0.04391819160387513,0.1028225806451613,0.5542540484986528,0.04447546560894943,102,4438,705,3
0.1521586924791336,0.02247191011235955,0.9714285714285714,0.1372739646120941,0.04392764857881137,0.102843315184513,0.5543512680203327,0.044528634670313275,102,4437,706,3
0.15229502320289612,0.02247686205376818,0.9714285714285714,0.137468403655454,0.04393710962739608,0.10286405808793868,0.5544484875420127,0.04458177007814912,102,4436,707,3
0.15235838294029236,0.02248181617809125,0.9714285714285714,0.13766284269881393,0.043946574752261956,0.1028848093605003,0.5545457070636927,0.04463487194546321,102,4435,708,3
0.15241988003253937,0.022486772486772486,0.9714285714285714,0.13785728174217382,0.04395604395604396,0.10290556900726393,0.5546429265853726,0.04468794038479328,102,4434,709,3
0.15258879959583282,0.02249173098125689,0.9714285714285714,0.13805172078553374,0.04396551724137931,0.1029263370332997,0.5547401461070526,0.04474097550821127,102,4433,710,3
0.15262751281261444,0.022496691662990738,0.9714285714285714,0.13824615982889366,0.04397499461090752,0.10294711344368188,0.5548373656287325,0.044793977427325944,102,4432,711,3
0.15268446505069733,0.022501654533421574,0.9714285714285714,0.13844059887225355,0.04398447606727038,0.1029678982434888,0.5549345851504125,0.04484694625328572,102,4431,712,3
0.15272080898284912,0.022506619593998235,0.9714285714285714,0.13863503791561346,0.04399396161311193,0.10298869143780291,0.5550318046720925,0.04489988209678123,102,4430,713,3
0.15274448692798615,0.022511586846170824,0.9714285714285714,0.13882947695897335,0.04400345125107852,0.10300949303171077,0.5551290241937724,0.04495278506804799,102,4429,714,3
0.15285624563694,0.022516556291390728,0.9714285714285714,0.13902391600233327,0.04401294498381877,0.10303030303030303,0.5552262437154524,0.045005655276869075,102,4428,715,3
0.15291795134544373,0.022521527931110622,0.9714285714285714,0.1392183550456932,0.0440224428139836,0.10305112143867448,0.5553234632371323,0.04505849283257768,102,4427,716,3
0.15293101966381073,0.022526501766784453,0.9714285714285714,0.13941279408905308,0.044031944744226205,0.103071948261924,0.5554206827588123,0.045111297844059726,102,4426,717,3
0.15299227833747864,0.02253147779986746,0.9714285714285714,0.139607233132413,0.04404145077720207,0.10309278350515463,0.5555179022804922,0.04516407041975643,102,4425,718,3
0.1530456691980362,0.022536456031816175,0.9714285714285714,0.13980167217577288,0.04405096091556899,0.10311362717347351,0.5556151218021721,0.04521681066766688,102,4424,719,3
0.15327422320842743,0.022541436464088398,0.9714285714285714,0.1399961112191328,0.044060475161987044,0.10313447927199192,0.555712341323852,0.045269518695350563,102,4423,720,3
0.15332429111003876,0.022546419098143235,0.9714285714285714,0.14019055026249272,0.0440699935191186,0.10315533980582524,0.555809560845532,0.045322194609929846,102,4422,721,3
0.15337590873241425,0.02255140393544108,0.9714285714285714,0.1403849893058526,0.04407951598962835,0.10317620878009306,0.555906780367212,0.04537483851809254,102,4421,722,3
0.1534305363893509,0.022556390977443608,0.9714285714285714,0.14057942834921253,0.04408904257618327,0.10319708619991906,0.5560039998888919,0.04542745052609433,102,4420,723,3
0.15349817276000977,0.0225613802256138,0.9714285714285714,0.14077386739257242,0.04409857328145266,0.10321797207043108,0.5561012194105719,0.04548003073976128,102,4419,724,3
0.15353889763355255,0.02256637168141593,0.9714285714285714,0.14096830643593233,0.044108108108108106,0.10323886639676114,0.5561984389322518,0.04553257926449224,102,4418,725,3
0.1536116600036621,0.022571365346315556,0.9714285714285714,0.14116274547929225,0.04411764705882353,0.10325976918404535,0.5562956584539318,0.04558509620526131,102,4417,726,3
0.1536923050880432,0.02257636122177955,0.9714285714285714,0.14135718452265214,0.04412719013627515,0.10328068043742406,0.5563928779756118,0.04563758166662024,102,4416,727,3
0.15381547808647156,0.02258135930927607,0.9714285714285714,0.14155162356601206,0.0441367373431415,0.10330160016204172,0.5564900974972917,0.04569003575270083,102,4415,728,3
0.15381677448749542,0.022586359610274578,0.9714285714285714,0.14174606260937198,0.04414628868210344,0.103322528363047,0.5565873170189717,0.045742458567217294,102,4414,729,3
0.15384210646152496,0.022591362126245847,0.9714285714285714,0.14194050165273187,0.04415584415584416,0.1033434650455927,0.5566845365406516,0.045794850213468644,102,4413,730,3
0.1539238691329956,0.02259636685866194,0.9714285714285714,0.14213494069609178,0.044165403767049145,0.10336441021483583,0.5567817560623316,0.04584721079434102,102,4412,731,3
0.15409618616104126,0.022601373808996232,0.9714285714285714,0.14232937973945167,0.04417496751840624,0.10338536387593757,0.5568789755840116,0.04589954041231004,102,4411,732,3
0.15416871011257172,0.022606382978723406,0.9714285714285714,0.1425238187828116,0.044184535412605586,0.10340632603406326,0.5569761951056915,0.04595183916944307,102,4410,733,3
0.15429607033729553,0.022611394369319443,0.9714285714285714,0.1427182578261715,0.04419410745233969,0.10342729669438248,0.5570734146273715,0.04600410716740158,102,4409,734,3
0.15436474978923798,0.02261640798226164,0.9714285714285714,0.1429126968695314,0.04420368364030336,0.10344827586206896,0.5571706341490514,0.046056344507443364,102,4408,735,3
0.1543750762939453,0.02262142381902861,0.9714285714285714,0.14310713591289131,0.044213263979193757,0.10346926354230067,0.5572678536707314,0.04610855129042485,102,4407,736,3
0.15439501404762268,0.022626441881100266,0.9714285714285714,0.1433015749562512,0.04422284847171038,0.10349025974025974,0.5573650731924114,0.046160727616803336,102,4406,737,3
0.15443666279315948,0.022631462169957844,0.9714285714285714,0.14349601399961112,0.04423243712055507,0.10351126446113254,0.5574622927140913,0.04621287358663921,102,4405,738,3
0.15448880195617676,0.022636484687083888,0.9714285714285714,0.14369045304297104,0.04424202992843201,0.10353227771010962,0.5575595122357713,0.04626498929959818,102,4404,739,3
0.15452486276626587,0.022641509433962263,0.9714285714285714,0.14388489208633093,0.04425162689804772,0.10355329949238579,0.5576567317574512,0.04631707485495349,102,4403,740,3
0.15461011230945587,0.02264653641207815,0.9714285714285714,0.14407933112969085,0.044261228032111084,0.10357432981316003,0.5577539512791312,0.046369130351588066,102,4402,741,3
0.15462876856327057,0.022651565622918056,0.9714285714285714,0.14427377017305074,0.044270833333333336,0.1035953686776356,0.557851170800811,0.04642115588799672,102,4401,742,3
0.15463504195213318,0.02265659706796979,0.9714285714285714,0.14446820921641065,0.04428044280442804,0.10361641609101992,0.557948390322491,0.04647315156228832,102,4400,743,3
0.1546645164489746,0.022661630748722506,0.9714285714285714,0.14466264825977057,0.04429005644811116,0.1036374720585247,0.558045609844171,0.04652511747218788,102,4399,744,3
0.1547073870897293,0.02266666666666667,0.9714285714285714,0.14485708730313046,0.04429967426710098,0.10365853658536585,0.5581428293658509,0.046577053715038744,102,4398,745,3
0.15482918918132782,0.022671704823294066,0.9714285714285714,0.14505152634649038,0.044309296264118156,0.10367960967676357,0.5582400488875309,0.04662896038780466,102,4397,746,3
0.15493442118167877,0.02267674522009782,0.9714285714285714,0.1452459653898503,0.044318922441885726,0.10370069133794226,0.5583372684092108,0.0466808375870719,102,4396,747,3
0.1551986187696457,0.02268178785857238,0.9714285714285714,0.14544040443321019,0.04432855280312908,0.10372178157413056,0.5584344879308908,0.04673268540905133,102,4395,748,3
0.15524175763130188,0.022686832740213523,0.9714285714285714,0.1456348434765701,0.04433818735057596,0.10374288039056143,0.5585317074525707,0.04678450394958049,102,4394,749,3
0.15534912049770355,0.022691879866518355,0.9714285714285714,0.14582928251993,0.04434782608695652,0.10376398779247202,0.5586289269742507,0.046836293304125635,102,4393,750,3
0.15536893904209137,0.022696929238985315,0.9714285714285714,0.1460237215632899,0.04435746901500326,0.10378510378510379,0.5587261464959307,0.04688805356778379,102,4392,751,3
0.15537303686141968,0.02270198085911418,0.9714285714285714,0.14621816060664983,0.04436711613745106,0.10380622837370242,0.5588233660176106,0.04693978483528477,102,4391,752,3
0.15539520978927612,0.022707034728406055,0.9714285714285714,0.14641259965000972,0.0443767674570372,0.10382736156351792,0.5589205855392906,0.04699148720099319,102,4390,753,3
0.1554211527109146,0.022712090848363394,0.9714285714285714,0.14660703869336963,0.044386422976501305,0.10384850335980451,0.5590178050609705,0.04704316075891049,102,4389,754,3
0.15543024241924286,0.02271714922048998,0.9714285714285714,0.14680147773672952,0.04439608269858542,0.10386965376782077,0.5591150245826505,0.04709480560267688,102,4388,755,3
0.15580670535564423,0.022722209846290933,0.9714285714285714,0.14699591678008944,0.04440574662603396,0.1038908127928295,0.5592122441043305,0.04714642182557334,102,4387,756,3
0.15584948658943176,0.022732337864943167,0.9714285714285714,0.14738479486680925,0.04442508710801394,0.10393315671489708,0.5594066831476904,0.04724956878009594,102,4385,758,3
0.15585096180438995,0.022737405260811413,0.9714285714285714,0.14757923391016917,0.044434763668046176,0.10395434162250305,0.5595039026693703,0.04730109969650543,102,4384,759,3
0.15590184926986694,0.02274247491638796,0.9714285714285714,0.14777367295352906,0.044444444444444446,0.10397553516819572,0.5596011221910502,0.04735260236161552,102,4383,760,3
0.15600843727588654,0.022747546833184657,0.9714285714285714,0.14796811199688897,0.044454129439965136,0.10399673735725938,0.5596983417127301,0.04740407686694014,102,4382,761,3
0.15608277916908264,0.0227526210127147,0.9714285714285714,0.1481625510402489,0.044463818657367045,0.10401794819498267,0.5597955612344101,0.04745552330364553,102,4381,762,3
0.1561015248298645,0.022757697456492636,0.9714285714285714,0.14835699008360878,0.04447351209941138,0.10403916768665851,0.5598927807560901,0.047506941762552136,102,4380,763,3
0.15622712671756744,0.02276277616603437,0.9714285714285714,0.1485514291269687,0.044483209768861755,0.10406039583758417,0.55999000027777,0.04755833233413647,102,4379,764,3
0.15638643503189087,0.022767857142857142,0.9714285714285714,0.14874586817032862,0.04449291166848419,0.10408163265306122,0.56008721979945,0.04760969510853296,102,4378,765,3
0.1564355492591858,0.02277294038847957,0.9714285714285714,0.1489403072136885,0.04450261780104712,0.1041028781383956,0.5601844393211299,0.047661030175535836,102,4377,766,3
0.1565299928188324,0.022778025904421618,0.9714285714285714,0.14913474625704842,0.04451232816932141,0.10412413229889751,0.5602816588428099,0.0477123376246009,102,4376,767,3
0.1565583348274231,0.0227831136922046,0.9714285714285714,0.1493291853004083,0.044522042776080316,0.10414539513988157,0.5603788783644899,0.04776361754484739,102,4375,768,3
0.15660659968852997,0.022788203753351208,0.9714285714285714,0.14952362434376823,0.04453176162409954,0.10416666666666667,0.5604760978861698,0.04781487002505976,102,4374,769,3
0.1566803902387619,0.022793296089385476,0.9714285714285714,0.14971806338712815,0.0445414847161572,0.1041879468845761,0.5605733174078498,0.04786609515368951,102,4373,770,3
0.15668544173240662,0.022798390701832812,0.9714285714285714,0.14991250243048804,0.04455121205503385,0.10420923579893747,0.5606705369295297,0.04791729301885691,102,4372,771,3
0.15676333010196686,0.022803487592219986,0.9714285714285714,0.15010694147384795,0.04456094364351245,0.10423053341508277,0.5607677564512097,0.04796846370835284,102,4371,772,3
0.15696582198143005,0.022808586762075134,0.9714285714285714,0.15030138051720784,0.044570679484378414,0.10425183973834833,0.5608649759728896,0.04801960730964048,102,4370,773,3
0.15698054432868958,0.022813688212927757,0.9714285714285714,0.15049581956056776,0.044580419580419584,0.10427315477407482,0.5609621954945696,0.048070723909857116,102,4369,774,3
0.15699660778045654,0.022818791946308724,0.9714285714285714,0.15069025860392768,0.04459016393442623,0.10429447852760736,0.5610594150162496,0.04812181359581587,102,4368,775,3
0.1570574939250946,0.02282389796375028,0.9714285714285714,0.15088469764728757,0.04459991254919108,0.10431581100429535,0.5611566345379295,0.048172876454007356,102,4367,776,3
0.157095804810524,0.022829006266786033,0.9714285714285714,0.1510791366906475,0.04460966542750929,0.10433715220949263,0.5612538540596095,0.04822391257060149,102,4366,777,3
0.15711119771003723,0.022834116856950974,0.9714285714285714,0.15127357573400738,0.04461942257217848,0.1043585021485574,0.5613510735812894,0.048274922031449126,102,4365,778,3
0.15711234509944916,0.02283922973578146,0.9714285714285714,0.1514680147773673,0.04462918398599869,0.10437986082685223,0.5614482931029694,0.04832590492208377,102,4364,779,3
0.1571739912033081,0.02284434490481523,0.9714285714285714,0.1516624538207272,0.04463894967177243,0.10440122824974411,0.5615455126246494,0.048376861327723265,102,4363,780,3
0.15718863904476166,0.0228494623655914,0.9714285714285714,0.1518568928640871,0.04464871963230466,0.10442260442260443,0.5616427321463293,0.04842779133327144,102,4362,781,3
0.1572652906179428,0.022854582119650458,0.9714285714285714,0.15205133190744702,0.0446584938704028,0.10444398935080892,0.5617399516680093,0.04847869502331977,102,4361,782,3
0.15727850794792175,0.02285970416853429,0.9714285714285714,0.15224577095080694,0.044668272388876724,0.10446538303973782,0.5618371711896892,0.04852957248214908,102,4360,783,3
0.15742646157741547,0.022864828513786146,0.9714285714285714,0.15244020999416683,0.04467805519053877,0.10448678549477566,0.5619343907113691,0.04858042379373105,102,4359,784,3
0.15744398534297943,0.022869955156950672,0.9714285714285714,0.15263464903752674,0.04468784227820372,0.10450819672131148,0.562031610233049,0.04863124904173,102,4358,785,3
0.15750685334205627,0.022875084099573895,0.9714285714285714,0.15282908808088663,0.044697633654688866,0.10452961672473868,0.562128829754729,0.048682048309504386,102,4357,786,3
0.15753275156021118,0.02288021534320323,0.9714285714285714,0.15302352712424655,0.044707429322813935,0.1045510455104551,0.562226049276409,0.04873282168010846,102,4356,787,3
0.15758882462978363,0.02288534888938748,0.9714285714285714,0.15321796616760647,0.04471722928540114,0.10457248308386304,0.5623232687980889,0.048783569236293844,102,4355,788,3
0.15759539604187012,0.02289048473967684,0.9714285714285714,0.15341240521096636,0.04472703354527516,0.10459392945036916,0.5624204883197689,0.04883429106051112,102,4354,789,3
0.15760263800621033,0.022895622895622896,0.9714285714285714,0.15360684425432627,0.04473684210526316,0.10461538461538461,0.5625177078414488,0.0488849872349114,102,4353,790,3
0.1576414406299591,0.022900763358778626,0.9714285714285714,0.15380128329768616,0.04474665496819478,0.104636848584325,0.5626149273631288,0.048935657841347895,102,4352,791,3
0.15764181315898895,0.022905906130698407,0.9714285714285714,0.15399572234104608,0.04475647213690215,0.1046583213626103,0.5627121468848088,0.04898630296137746,102,4351,792,3
0.15778504312038422,0.022911051212938006,0.9714285714285714,0.154190161384406,0.04476629361421988,0.10467980295566502,0.5628093664064887,0.04903692267626214,102,4350,793,3
0.15781518816947937,0.022916198607054593,0.9714285714285714,0.1543846004277659,0.04477611940298507,0.10470129336891809,0.5629065859281687,0.04908751706697071,102,4349,794,3
0.1578197330236435,0.02292134831460674,0.9714285714285714,0.1545790394711258,0.04478594950603732,0.10472279260780287,0.5630038054498486,0.04913808621418018,102,4348,795,3
0.15785318613052368,0.022926500337154418,0.9714285714285714,0.1547734785144857,0.04479578392621871,0.10474430067775724,0.5631010249715286,0.049188630198277336,102,4347,796,3
0.1578599214553833,0.022931654676258992,0.9714285714285714,0.1549679175578456,0.04480562266637382,0.1047658175842235,0.5631982444932085,0.049239149099360204,102,4346,797,3
0.15792346000671387,0.022936811333483246,0.9714285714285714,0.15516235660120553,0.04481546572934974,0.10478734333264846,0.5632954640148885,0.049289642997239584,102,4345,798,3
0.1580193042755127,0.022941970310391364,0.9714285714285714,0.15535679564456542,0.04482531311799604,0.10480887792848335,0.5633926835365685,0.04934011197144052,102,4344,799,3
0.15811175107955933,0.022947131608548933,0.9714285714285714,0.15555123468792534,0.04483516483516484,0.10483042137718397,0.5634899030582484,0.04939055610120374,102,4343,800,3
0.15812452137470245,0.022952295229522954,0.9714285714285714,0.15574567373128526,0.04484502088371071,0.10485197368421052,0.5635871225799284,0.0494409754654872,102,4342,801,3
0.15824970602989197,0.022957461174881837,0.9714285714285714,0.15594011277464515,0.044854881266490766,0.10487353485502776,0.5636843421016082,0.049491370142967464,102,4341,802,3
0.15825144946575165,0.02296262944619541,0.9714285714285714,0.15613455181800506,0.04486474598636463,0.1048951048951049,0.5637815616232882,0.04954174021204118,102,4340,803,3
0.1582813560962677,0.022967800045034903,0.9714285714285714,0.15632899086136495,0.04487461504619446,0.10491668380991566,0.5638787811449681,0.04959208575082652,102,4339,804,3
0.1583254337310791,0.022972972972972974,0.9714285714285714,0.15652342990472487,0.044884488448844885,0.10493827160493827,0.5639760006666481,0.04964240683716461,102,4338,805,3
0.1583256870508194,0.02297814823158369,0.9714285714285714,0.1567178689480848,0.0448943661971831,0.10495986828565548,0.5640732201883281,0.04969270354862094,102,4337,806,3
0.15835228562355042,0.02298332582244254,0.9714285714285714,0.15691230799144468,0.044904248294078804,0.10498147385755455,0.564170439710008,0.049742975962486766,102,4336,807,3
0.15837517380714417,0.022988505747126436,0.9714285714285714,0.1571067470348046,0.04491413474240423,0.10500308832612724,0.564267659231688,0.04979322415578057,102,4335,808,3
0.15845006704330444,0.022993688007213707,0.9714285714285714,0.15730118607816448,0.044924025545034135,0.10502471169686985,0.5643648787533679,0.049843448205249344,102,4334,809,3
0.1586197316646576,0.022998872604284102,0.9714285714285714,0.1574956251215244,0.044933920704845816,0.10504634397528322,0.5644620982750479,0.049893648187370084,102,4333,810,3
0.15873965620994568,0.023004059539918808,0.9714285714285714,0.15769006416488432,0.0449438202247191,0.10506798516687268,0.5645593177967279,0.049943824178351096,102,4332,811,3
0.15875621140003204,0.02300924881570043,0.9714285714285714,0.1578845032082442,0.04495372410753636,0.10508963527714815,0.5646565373184078,0.04999397625413337,102,4331,812,3
0.1589113473892212,0.023014440433212997,0.9714285714285714,0.15807894225160413,0.0449636323561825,0.10511129431162407,0.5647537568400878,0.05004410449039199,102,4330,813,3
0.15901824831962585,0.023019634394041977,0.9714285714285714,0.15827338129496402,0.04497354497354497,0.10513296227581942,0.5648509763617677,0.05009420896253741,102,4329,814,3
0.15905475616455078,0.023024830699774266,0.9714285714285714,0.15846782033832393,0.04498346196251378,0.10515463917525773,0.5649481958834477,0.05014428974571684,102,4328,815,3
0.15916438400745392,0.023030029351998195,0.9714285714285714,0.15866225938168385,0.044993383325981476,0.1051763250154671,0.5650454154051276,0.050194346914815564,102,4327,816,3
0.159189373254776,0.023035230352303523,0.9714285714285714,0.15885669842504374,0.04500330906684315,0.1051980198019802,0.5651426349268076,0.050244380544458275,102,4326,817,3
0.1592411994934082,0.023040433702281454,0.9714285714285714,0.15905113746840366,0.04501323918799647,0.10521972354033422,0.5652398544484876,0.05029439070901037,102,4325,818,3
0.1593032330274582,0.023045639403524627,0.9714285714285714,0.15924557651176358,0.04502317369234165,0.10524143623607099,0.5653370739701675,0.05034437748257929,102,4324,819,3
0.1593988686800003,0.02305084745762712,0.9714285714285714,0.15944001555512347,0.045033112582781455,0.10526315789473684,0.5654342934918475,0.05039434093901577,102,4323,820,3
0.15944448113441467,0.02305605786618445,0.9714285714285714,0.15963445459848338,0.045043055862221244,0.10528488852188274,0.5655315130135274,0.05044428115191518,102,4322,821,3
0.15965014696121216,0.02306127063079358,0.9714285714285714,0.15982889364184327,0.045053003533568906,0.10530662812306421,0.5656287325352074,0.05049419819461878,102,4321,822,3
0.1596560925245285,0.023066485753052916,0.9714285714285714,0.1600233326852032,0.04506295559973492,0.10532837670384139,0.5657259520568874,0.05054409214021501,102,4320,823,3
0.15966862440109253,0.023071703234562316,0.9714285714285714,0.1602177717285631,0.04507291206363235,0.10535013426977897,0.5658231715785673,0.05059396306154074,102,4319,824,3
0.15969625115394592,0.023076923076923078,0.9714285714285714,0.160412210771923,0.045082872928176795,0.10537190082644628,0.5659203911002472,0.05064381103118254,102,4318,825,3
0.15971091389656067,0.02308214528173795,0.9714285714285714,0.16060664981528291,0.04509283819628647,0.10539367637941724,0.5660176106219271,0.050693636121477946,102,4317,826,3
0.15982107818126678,0.023087369850611137,0.9714285714285714,0.1608010888586428,0.04510280787088216,0.10541546093427036,0.5661148301436071,0.05074343840451667,102,4316,827,3
0.15983609855175018,0.02309259678514829,0.9714285714285714,0.16099552790200272,0.045112781954887216,0.10543725449658879,0.566212049665287,0.05079321795214185,102,4315,828,3
0.15986087918281555,0.02309782608695652,0.9714285714285714,0.16118996694536264,0.0451227604512276,0.1054590570719603,0.566309269186967,0.050842974835951314,102,4314,829,3
0.1598815768957138,0.023103057757644395,0.9714285714285714,0.16138440598872253,0.04513274336283186,0.10548086866597725,0.566406488708647,0.050892709127298735,102,4313,830,3
0.15989930927753448,0.023108291798821932,0.9714285714285714,0.16157884503208245,0.04514273069263111,0.10550268928423666,0.5665037082303269,0.05094242089729491,102,4312,831,3
0.15991529822349548,0.023113528212100613,0.9714285714285714,0.16177328407544234,0.0451527224435591,0.10552451893234016,0.5666009277520069,0.05099211021680891,102,4311,832,3
0.15993991494178772,0.023118766999093383,0.9714285714285714,0.16196772311880225,0.04516271861855214,0.10554635761589404,0.5666981472736868,0.05104177715646933,102,4310,833,3
0.15999875962734222,0.023124008161414644,0.9714285714285714,0.16216216216216217,0.045172719220549155,0.10556820534050922,0.5667953667953668,0.05109142178666542,102,4309,834,3
0.16001613438129425,0.02312925170068027,0.9714285714285714,0.16235660120552206,0.045182724252491695,0.10559006211180125,0.5668925863170468,0.05114104417754834,102,4308,835,3
0.16009262204170227,0.0231344976185076,0.9714285714285714,0.16255104024888198,0.04519273371732388,0.10561192793539036,0.5669898058387267,0.05119064439903228,102,4307,836,3
0.16014917194843292,0.023139745916515426,0.9714285714285714,0.1627454792922419,0.045202747617992464,0.1056338028169014,0.5670870253604067,0.05124022252079566,102,4306,837,3
0.16023343801498413,0.02314499659632403,0.9714285714285714,0.16293991833560179,0.04521276595744681,0.10565568676196395,0.5671842448820866,0.05128977861228227,102,4305,838,3
0.16032283008098602,0.02315024965955515,0.9714285714285714,0.1631343573789617,0.045222788738638886,0.10567757977621219,0.5672814644037666,0.05133931274270245,102,4304,839,3
0.16038663685321808,0.02315550510783201,0.9714285714285714,0.1633287964223216,0.04523281596452328,0.10569948186528498,0.5673786839254465,0.05138882498103423,102,4303,840,3
0.16038689017295837,0.02316076294277929,0.9714285714285714,0.1635232354656815,0.04524284763805722,0.10572139303482588,0.5674759034471265,0.051438315396024455,102,4302,841,3
0.16041509807109833,0.023166023166023165,0.9714285714285714,0.16371767450904143,0.04525288376220053,0.1057433132904831,0.5675731229688065,0.051487784056189936,102,4301,842,3
0.16048534214496613,0.023171285779191277,0.9714285714285714,0.16391211355240132,0.04526292433991569,0.10576524263790958,0.5676703424904863,0.051537231029818574,102,4300,843,3
0.16061612963676453,0.023176550783912748,0.9714285714285714,0.16410655259576123,0.045272969374167776,0.10578718108276292,0.5677675620121663,0.05158665638497048,102,4299,844,3
0.16064561903476715,0.023181818181818182,0.9714285714285714,0.16430099163912112,0.045283018867924525,0.10580912863070539,0.5678647815338462,0.05163606018947909,102,4298,845,3
0.16082599759101868,0.02318708797453967,0.9714285714285714,0.16449543068248104,0.0452930728241563,0.10583108528740402,0.5679620010555262,0.051685442510952286,102,4297,846,3
0.16093352437019348,0.023192360163710776,0.9714285714285714,0.16468986972584096,0.04530313124583611,0.10585305105853052,0.5680592205772061,0.05173480341677346,102,4296,847,3
0.16095827519893646,0.02319763475096657,0.9714285714285714,0.16488430876920085,0.04531319413593958,0.10587502594976127,0.5681564400988861,0.05178414297410264,102,4295,848,3
0.16107839345932007,0.023202911737943584,0.9714285714285714,0.16507874781256077,0.04532326149744501,0.10589700996677741,0.5682536596205661,0.051833461249877574,102,4294,849,3
0.16111429035663605,0.023208191126279865,0.9714285714285714,0.16527318685592066,0.04533333333333334,0.1059190031152648,0.568350879142246,0.05188275831081478,102,4293,850,3
0.16125240921974182,0.02321347291761493,0.9714285714285714,0.16546762589928057,0.04534340964658813,0.105941005400914,0.568448098663926,0.05193203422341069,102,4292,851,3
0.16136398911476135,0.0232187571135898,0.9714285714285714,0.1656620649426405,0.04535349044019564,0.10596301682942032,0.5685453181856059,0.05198128905394262,102,4291,852,3
0.16137507557868958,0.023224043715846996,0.9714285714285714,0.16585650398600038,0.04536357571714476,0.1059850374064838,0.5686425377072859,0.05203052286846994,102,4290,853,3
0.1614023894071579,0.023229332726030515,0.9714285714285714,0.1660509430293603,0.045373665480427046,0.10600706713780919,0.5687397572289659,0.05207973573283502,102,4289,854,3
0.16141179203987122,0.023234624145785875,0.9714285714285714,0.16624538207272022,0.04538375973303671,0.10602910602910603,0.5688369767506458,0.052128927712664364,102,4288,855,3
0.16149945557117462,0.02323991797676008,0.9714285714285714,0.1664398211160801,0.04539385847797063,0.10605115408608859,0.5689341962723258,0.05217809887336962,102,4287,856,3
0.161931574344635,0.02324521422060164,0.9714285714285714,0.16663426015944002,0.04540396171822836,0.10607321131447588,0.5690314157940057,0.052227249280148616,102,4286,857,3
0.16196194291114807,0.023250512878960565,0.9714285714285714,0.1668286992027999,0.04541406945681211,0.10609527771999168,0.5691286353156857,0.052276378997986386,102,4285,858,3
0.16197361052036285,0.023255813953488372,0.9714285714285714,0.16702313824615983,0.04542418169672679,0.10611735330836454,0.5692258548373657,0.0523254880916562,102,4284,859,3
0.16198064386844635,0.023261117445838083,0.9714285714285714,0.16721757728951975,0.04543429844097996,0.10613943808532779,0.5693230743590456,0.05237457662572059,102,4283,860,3
0.162003293633461,0.023266423357664233,0.9714285714285714,0.16741201633287964,0.04544441969258187,0.10616153205661949,0.5694202938807256,0.05242364466453235,102,4282,861,3
0.16203367710113525,0.02327173169062286,0.9714285714285714,0.16760645537623955,0.045454545454545456,0.1061836352279825,0.5695175134024055,0.05247269227223555,102,4281,862,3
0.16203926503658295,0.02327704244637152,0.9714285714285714,0.16780089441959944,0.045464675729886335,0.10620574760516452,0.5696147329240855,0.05252171951276652,102,4280,863,3
0.16204456984996796,0.023282355626569277,0.9714285714285714,0.16799533346295936,0.045474810521622826,0.10622786919391794,0.5697119524457654,0.052570726449854874,102,4279,864,3
0.16206343472003937,0.023287671232876714,0.9714285714285714,0.16818977250631928,0.04548494983277592,0.10625,0.5698091719674454,0.05261971314702449,102,4278,865,3
0.16209854185581207,0.023292989266955926,0.9714285714285714,0.16838421154967917,0.045495093666369314,0.10627214002917275,0.5699063914891253,0.05266867966759444,102,4277,866,3
0.1622002124786377,0.023298309730470534,0.9714285714285714,0.1685786505930391,0.0455052420254294,0.106294289287203,0.5700036110108052,0.05271762607468006,102,4276,867,3
0.16228850185871124,0.023303632625085675,0.9714285714285714,0.16877308963639898,0.04551539491298527,0.10631644777986242,0.5701008305324852,0.05276655243119384,102,4275,868,3
0.16232635080814362,0.02330895795246801,0.9714285714285714,0.1689675286797589,0.04552555233206874,0.10633861551292743,0.5701980500541651,0.05281545879984644,102,4274,869,3
0.1623319536447525,0.023314285714285714,0.9714285714285714,0.1691619677231188,0.045535714285714284,0.10636079249217935,0.5702952695758451,0.052864345243147634,102,4273,870,3
0.1623329073190689,0.023319615912208505,0.9714285714285714,0.1693564067664787,0.04554588077695914,0.10638297872340426,0.570392489097525,0.05291321182340723,102,4272,871,3
0.1624346226453781,0.023324948547907613,0.9714285714285714,0.16955084580983862,0.045556051808843236,0.10640517421239307,0.570489708619205,0.05296205860273608,102,4271,872,3
0.1624458134174347,0.02333028362305581,0.9714285714285714,0.16974528485319854,0.0455662273844092,0.10642737896494157,0.570586928140885,0.053010885643046984,102,4270,873,3
0.16245046257972717,0.023335621139327384,0.9714285714285714,0.16993972389655843,0.045576407506702415,0.10644959298685035,0.5706841476625649,0.05305969300605564,102,4269,874,3
0.16252736747264862,0.02334096109839817,0.9714285714285714,0.17013416293991834,0.04558659217877095,0.10647181628392484,0.5707813671842449,0.053108480753281555,102,4268,875,3
0.1625668704509735,0.023346303501945526,0.9714285714285714,0.17032860198327823,0.045596781403665625,0.10649404886197536,0.5708785867059248,0.053157248946049014,102,4267,876,3
0.16257430613040924,0.023351648351648352,0.9714285714285714,0.17052304102663815,0.04560697518443997,0.10651629072681704,0.5709758062276048,0.05320599764548795,102,4266,877,3
0.16259558498859406,0.023356995649187084,0.9714285714285714,0.17071748006999807,0.04561717352415027,0.1065385418842699,0.5710730257492848,0.05325472691253491,102,4265,878,3
0.16270582377910614,0.0233623453962437,0.9714285714285714,0.17091191911335796,0.045627376425855515,0.1065608023401588,0.5711702452709647,0.053303436807933924,102,4264,879,3
0.16272935271263123,0.02336769759450172,0.9714285714285714,0.17110635815671787,0.04563758389261745,0.10658307210031348,0.5712674647926447,0.05335212739223743,102,4263,880,3
0.16274186968803406,0.023373052245646196,0.9714285714285714,0.17130079720007776,0.04564779592750056,0.10660535117056856,0.5713646843143246,0.05340079872580718,102,4262,881,3
0.162814199924469,0.02337840935136374,0.9714285714285714,0.17149523624343768,0.045658012533572066,0.10662763955676353,0.5714619038360046,0.05344945086881512,102,4261,882,3
0.16281870007514954,0.023383768913342505,0.9714285714285714,0.1716896752867976,0.04566823371390195,0.10664993726474278,0.5715591233576846,0.05349808388124429,102,4260,883,3
0.1628234088420868,0.023389130933272186,0.9714285714285714,0.1718841143301575,0.04567845947156292,0.10667224430035557,0.5716563428793644,0.0535466978228897,102,4259,884,3
0.16291972994804382,0.023394495412844038,0.9714285714285714,0.1720785533735174,0.04568868980963046,0.10669456066945607,0.5717535624010444,0.05359529275335922,102,4258,885,3
0.16292281448841095,0.02339986235375086,0.9714285714285714,0.1722729924168773,0.0456989247311828,0.10671688637790333,0.5718507819227243,0.05364386873207445,102,4257,886,3
0.16302236914634705,0.023405231757687012,0.9714285714285714,0.1724674314602372,0.045709164239300916,0.10673922143156132,0.5719480014444043,0.05369242581827157,102,4256,887,3
0.1630454808473587,0.023410603626348406,0.9714285714285714,0.17266187050359713,0.04571940833706858,0.10676156583629894,0.5720452209660842,0.05374096407100225,102,4255,888,3
0.16311141848564148,0.023415977961432508,0.9714285714285714,0.17285630954695702,0.04572965702757229,0.10678391959798995,0.5721424404877642,0.053789483549134466,102,4254,889,3
0.16312259435653687,0.023421354764638348,0.9714285714285714,0.17305074859031694,0.045739910313901344,0.1068062827225131,0.5722396600094442,0.05383798431135337,102,4253,890,3
0.16313743591308594,0.023426734037666513,0.9714285714285714,0.17324518763367686,0.04575016819914779,0.106828655215752,0.5723368795311241,0.05388646641616215,102,4252,891,3
0.1632518619298935,0.02343211578221916,0.9714285714285714,0.17343962667703675,0.04576043068640646,0.10685103708359522,0.5724340990528041,0.05393492992188286,102,4251,892,3
0.1632707267999649,0.0234375,0.9714285714285714,0.17363406572039666,0.04577069777877496,0.10687342833193629,0.572531318574484,0.05398337488665725,102,4250,893,3
0.1632743626832962,0.02344288669271432,0.9714285714285714,0.17382850476375655,0.04578096947935368,0.10689582896667366,0.572628538096164,0.054031801368447645,102,4249,894,3
0.16329485177993774,0.023448275862068966,0.9714285714285714,0.17402294380711647,0.04579124579124579,0.1069182389937107,0.572725757617844,0.054080209425037745,102,4248,895,3
0.1633176952600479,0.023223729593009886,0.9619047619047619,0.17402294380711647,0.04535249214189493,0.10589222059131893,0.5679638528559392,0.05051686006239456,101,4248,895,4
0.1634545475244522,0.023229070837166514,0.9619047619047619,0.1742173828504764,0.04536267684706939,0.10591442953020135,0.5680610723776192,0.05056682344188908,101,4247,896,4
0.1636599749326706,0.023234414538762366,0.9619047619047619,0.17441182189383628,0.04537286612758311,0.10593664778686805,0.5681582918992991,0.050616765543796384,101,4246,897,4
0.1637292057275772,0.023239760699493787,0.9619047619047619,0.1746062609371962,0.04538305998651988,0.10595887536718422,0.5682555114209791,0.050666686433466175,101,4245,898,4
0.16374488174915314,0.023245109321058686,0.9619047619047619,0.17480069998055608,0.045393258426966294,0.10598111227701994,0.568352730942659,0.05071658617604126,101,4244,899,4
0.16387569904327393,0.023250460405156537,0.9619047619047619,0.174995139023916,0.04540346145201169,0.10600335852225021,0.568449950464339,0.050766464836458525,101,4243,900,4
0.1638902723789215,0.023255813953488372,0.9619047619047619,0.17518957806727592,0.045413669064748204,0.10602561410875498,0.568547169986019,0.050816322479449866,101,4242,901,4
0.16399462521076202,0.023261169967756793,0.9619047619047619,0.1753840171106358,0.045423881268270745,0.10604787904241915,0.5686443895076989,0.05086615916954317,101,4241,902,4
0.16399699449539185,0.023266528449665976,0.9619047619047619,0.17557845615399573,0.04543409806567701,0.10607015332913254,0.5687416090293789,0.05091597497106325,101,4240,903,4
0.1640159636735916,0.023271889400921657,0.9619047619047619,0.17577289519735562,0.045444319460067495,0.10609243697478991,0.5688388285510588,0.05096576994813279,101,4239,904,4
0.16402502357959747,0.02327725282323116,0.9619047619047619,0.17596733424071553,0.045454545454545456,0.10611472998529103,0.5689360480727388,0.05101554416467327,101,4238,905,4
0.1640440821647644,0.023282618718303366,0.9619047619047619,0.17616177328407545,0.04546477605221697,0.10613703236654057,0.5690332675944187,0.051065297684405916,101,4237,906,4
0.16411827504634857,0.023287987087848742,0.9619047619047619,0.17635621232743534,0.045475011256190905,0.10615934412444818,0.5691304871160986,0.05111503057085262,101,4236,907,4
0.1641818732023239,0.023293357933579336,0.9619047619047619,0.17655065137079526,0.04548525106957892,0.10618166526492852,0.5692277066377786,0.051164742887336856,101,4235,908,4
0.164376899600029,0.023298731257208764,0.9619047619047619,0.17674509041415518,0.045495495495495496,0.10620399579390116,0.5693249261594585,0.051214434696984605,101,4234,909,4
0.16445252299308777,0.023304107060452238,0.9619047619047619,0.17693952945751507,0.0455057445370579,0.1062263357172907,0.5694221456811385,0.051264106062725245,101,4233,910,4
0.1644679754972458,0.02330948534502654,0.9619047619047619,0.17713396850087498,0.04551599819738621,0.10624868504102672,0.5695193652028184,0.05131375704729249,101,4232,911,4
0.1645602136850357,0.023314866112650046,0.9619047619047619,0.17732840754423487,0.04552625647960334,0.10627104377104377,0.5696165847244984,0.051363387713225246,101,4231,912,4
0.1646260768175125,0.023320249365042716,0.9619047619047619,0.1775228465875948,0.045536519386834985,0.10629341191328141,0.5697138042461783,0.05141299812286857,101,4230,913,4
0.16474603116512299,0.023325635103926098,0.9619047619047619,0.1777172856309547,0.045546786922209696,0.10631578947368421,0.5698110237678583,0.05146258833837449,101,4229,914,4
0.16487029194831848,0.02333102333102333,0.9619047619047619,0.1779117246743146,0.04555705908885882,0.10633817645820173,0.5699082432895383,0.051512158421702946,101,4228,915,4
0.16491588950157166,0.02333641404805915,0.9619047619047619,0.17810616371767451,0.04556733588991654,0.10636057287278854,0.5700054628112182,0.0515617084346226,101,4227,916,4
0.1650020033121109,0.023110700254217704,0.9523809523809523,0.17810616371767451,0.04512635379061372,0.10532968190436065,0.5652435580493134,0.04803383720872015,100,4227,916,5
0.16500535607337952,0.02311604253351826,0.9523809523809523,0.1783006027610344,0.045136538027533285,0.10535187526337969,0.5653407775709933,0.04808487458542189,100,4226,917,5
0.16508306562900543,0.023121387283236993,0.9523809523809523,0.17849504180439432,0.045146726862302484,0.1053740779768177,0.5654379970926733,0.0481358892259657,100,4225,918,5
0.16510345041751862,0.02312673450508788,0.9523809523809523,0.17868948084775424,0.045156920298035676,0.10539629005059022,0.5655352166143532,0.04818688119896033,100,4224,919,5
0.1651553064584732,0.023132084200786492,0.9523809523809523,0.17888391989111413,0.045167118337850046,0.10541851149061775,0.5656324361360332,0.04823785057279862,100,4223,920,5
0.1652480810880661,0.02313743637204998,0.9523809523809523,0.17907835893447405,0.0451773209848656,0.10544074230282581,0.5657296556577132,0.04828879741565847,100,4222,921,5
0.1653783619403839,0.023142791020597082,0.9523809523809523,0.17927279797783394,0.04518752824220515,0.10546298249314491,0.5658268751793931,0.04833972179550382,100,4221,922,5
0.1653931885957718,0.023148148148148147,0.9523809523809523,0.17946723702119385,0.04519774011299435,0.10548523206751055,0.5659240947010731,0.04839062378008567,100,4220,923,5
0.16544274985790253,0.0231535077564251,0.9523809523809523,0.17966167606455377,0.045207956600361664,0.10550749103186326,0.566021314222753,0.04844150343694303,100,4219,924,5
0.165471151471138,0.02315886984715146,0.9523809523809523,0.17985611510791366,0.04521817770743839,0.10552975939214859,0.566118533744433,0.048492360833403865,100,4218,925,5
0.16547878086566925,0.02316423442205235,0.9523809523809523,0.18005055415127358,0.045228403437358664,0.10555203715431707,0.566215753266113,0.0485431960365861,100,4217,926,5
0.16550187766551971,0.023169601482854494,0.9523809523809523,0.1802449931946335,0.045238633793259445,0.10557432432432433,0.5663129727877929,0.048594009113398576,100,4216,927,5
0.1655225306749344,0.023174971031286212,0.9523809523809523,0.18043943223799339,0.04524886877828054,0.10559662090813093,0.5664101923094729,0.04864480013054198,100,4215,928,5
0.16554449498653412,0.023180343069077423,0.9523809523809523,0.1806338712813533,0.04525910839556461,0.10561892691170258,0.5665074118311528,0.048695569154509816,100,4214,929,5
0.16559699177742004,0.023185717597959656,0.9523809523809523,0.1808283103247132,0.04526935264825713,0.10564124234100992,0.5666046313528328,0.04874631625158933,100,4213,930,5
0.16562484204769135,0.023191094619666047,0.9523809523809523,0.1810227493680731,0.04527960153950645,0.10566356720202874,0.5667018508745127,0.04879704148786248,100,4212,931,5
0.16565698385238647,0.023196474135931337,0.9523809523809523,0.18121718841143303,0.04528985507246377,0.1056859015007398,0.5667990703961927,0.048847744929206814,100,4211,932,5
0.16575823724269867,0.02320185614849188,0.9523809523809523,0.18141162745479292,0.045300113250283124,0.10570824524312897,0.5668962899178727,0.048898426641296455,100,4210,933,5
0.16576306521892548,0.023207240659085634,0.9523809523809523,0.18160606649815283,0.045310376076121435,0.10573059843518715,0.5669935094395526,0.048949086689603,100,4209,934,5
0.16576431691646576,0.02321262766945218,0.9523809523809523,0.18180050554151272,0.04532064355313845,0.10575296108291032,0.5670907289612326,0.04899972513939643,100,4208,935,5
0.16579729318618774,0.023218017181332713,0.9523809523809523,0.18199494458487264,0.04533091568449683,0.10577533319229955,0.5671879484829125,0.04905034205574604,100,4207,936,5
0.16580764949321747,0.023223409196470042,0.9523809523809523,0.18218938362823256,0.045341192473362046,0.10579771476936098,0.5672851680045925,0.04910093750352132,100,4206,937,5
0.16582630574703217,0.023228803716608595,0.9523809523809523,0.18238382267159245,0.045351473922902494,0.10582010582010581,0.5673823875262723,0.0491515115473929,100,4205,938,5
0.1658499389886856,0.023234200743494422,0.9523809523809523,0.18257826171495237,0.04536176003628941,0.10584250635055038,0.5674796070479523,0.04920206425183338,100,4204,939,5
0.16590158641338348,0.023239600278875203,0.9523809523809523,0.18277270075831226,0.045372050816696916,0.10586491636671606,0.5675768265696323,0.04925259568111831,100,4203,940,5
0.16594886779785156,0.023245002324500233,0.9523809523809523,0.18296713980167217,0.04538234626730202,0.1058873358746294,0.5676740460913122,0.049303105899327015,100,4202,941,5
0.1659678965806961,0.023250406882120437,0.9523809523809523,0.1831615788450321,0.04539264639128461,0.10590976488032197,0.5677712656129922,0.04935359497034349,100,4201,942,5
0.16600725054740906,0.023255813953488372,0.9523809523809523,0.18335601788839198,0.04540295119182747,0.1059322033898305,0.5678684851346721,0.049404062957857285,100,4200,943,5
0.16615284979343414,0.023261223540358224,0.9523809523809523,0.1835504569317519,0.045413260672116255,0.10595465140919687,0.5679657046563521,0.04945450992536439,100,4199,944,5
0.16616128385066986,0.023266635644485806,0.9523809523809523,0.18374489597511182,0.04542357483533954,0.10597710894446799,0.5680629241780321,0.04950493593616806,100,4198,945,5
0.16623324155807495,0.023272050267628578,0.9523809523809523,0.1839393350184717,0.04543389368468878,0.10599957600169599,0.568160143699712,0.049555341053379734,100,4197,946,5
0.16627776622772217,0.023044692737430168,0.9428571428571428,0.1839393350184717,0.044989775051124746,0.1049618320610687,0.5633982389378073,0.04607437907589517,99,4197,946,6
0.16630224883556366,0.023050058207217696,0.9428571428571428,0.18413377406183162,0.045,0.10498409331919406,0.5634954584594872,0.04612618497325622,99,4196,947,6
0.16630595922470093,0.02305542617605962,0.9428571428571428,0.1843282131051915,0.04501022959763583,0.10500636402206194,0.5635926779811672,0.04617796753789935,99,4195,948,6
0.16630877554416656,0.023060796645702306,0.9428571428571428,0.18452265214855143,0.045020463847203276,0.10502864417568428,0.5636898975028471,0.04622972683893583,99,4194,949,6
0.16633741557598114,0.022833178005591797,0.9333333333333333,0.18452265214855143,0.044575847168523995,0.10398981324278438,0.5589279927409424,0.04275587045939159,98,4194,949,7
0.16641364991664886,0.022838499184339316,0.9333333333333333,0.18471709119191135,0.044585987261146494,0.10401188707280833,0.5590252122626224,0.04280901534964256,98,4193,950,7
0.16642239689826965,0.022843822843822845,0.9333333333333333,0.18491153023527124,0.04459613196814562,0.1040339702760085,0.5591224317843023,0.04286213458191632,98,4192,951,7
0.16647475957870483,0.02284914898577757,0.9333333333333333,0.18510596927863116,0.04460628129267182,0.10405606285835634,0.5592196513059823,0.042915228231138795,98,4191,952,7
0.16650454699993134,0.022621268656716417,0.9238095238095239,0.18510596927863116,0.044161165490553156,0.10301614273576891,0.5544577465440775,0.039448415949920414,97,4191,952,8
0.16658425331115723,0.022626545369722417,0.9238095238095239,0.18530040832199104,0.0441712204007286,0.1030380284682388,0.5545549660657575,0.03950288020495662,97,4190,953,8
0.16662684082984924,0.02263182454503033,0.9238095238095239,0.18549484736535096,0.044181279890685494,0.10305992350191245,0.5546521855874375,0.039557316526381295,97,4189,954,8
0.16667456924915314,0.02263710618436406,0.9238095238095239,0.18568928640871088,0.04419134396355353,0.1030818278427205,0.5547494051091174,0.03961172499475502,97,4188,955,8
0.16671933233737946,0.022642390289449112,0.9238095238095239,0.18588372545207077,0.044201412622465255,0.10310374149659864,0.5548466246307973,0.03966610569038513,97,4187,956,8
0.16688001155853271,0.02264767686201261,0.9238095238095239,0.1860781644954307,0.04421148587055606,0.10312566446948757,0.5549438441524772,0.03972045869332678,97,4186,957,8
0.16688692569732666,0.022652965903783278,0.9238095238095239,0.18627260353879058,0.04422156371096421,0.10314759676733305,0.5550410636741572,0.039774784083384106,97,4185,958,8
0.1670687347650528,0.022658257416491474,0.9238095238095239,0.1864670425821505,0.044231646146830825,0.10316953839608593,0.5551382831958371,0.03982908194011135,97,4184,959,8
0.1671379655599594,0.02266355140186916,0.9238095238095239,0.1866614816255104,0.04424173318129988,0.10319148936170212,0.5552355027175171,0.039883352342813996,97,4183,960,8
0.1671447455883026,0.022668847861649917,0.9238095238095239,0.1868559206688703,0.04425182481751825,0.10321344967014258,0.555332722239197,0.03993759537054984,97,4182,961,8
0.1671648472547531,0.022674146797568958,0.9238095238095239,0.18705035971223022,0.04426192105863564,0.10323541932737335,0.555429941760877,0.039991811102130126,97,4181,962,8
0.1671687662601471,0.022679448211363105,0.9238095238095239,0.18724479875559014,0.04427202190780465,0.10325739833936555,0.555527161282557,0.04004599961612067,97,4180,963,8
0.1673358827829361,0.022684752104770813,0.9238095238095239,0.18743923779895003,0.04428212736818078,0.1032793867120954,0.5556243808042369,0.04010016099084289,97,4179,964,8
0.16734221577644348,0.022690058479532163,0.9238095238095239,0.18763367684230994,0.04429223744292238,0.1033013844515442,0.5557216003259169,0.04015429530437496,97,4178,965,8
0.1674252152442932,0.022695367337388864,0.9238095238095239,0.18782811588566983,0.04430235213519068,0.10332339156369834,0.5558188198475968,0.04020840263455285,97,4177,966,8
0.16755853593349457,0.02270067868008425,0.9238095238095239,0.18802255492902975,0.04431247144814984,0.10334540805454932,0.5559160393692768,0.04026248305897144,97,4176,967,8
0.16759568452835083,0.022705992509363296,0.9238095238095239,0.18821699397238967,0.04432259538496687,0.10336743393009377,0.5560132588909568,0.04031653665498554,97,4175,968,8
0.16759805381298065,0.022711308826972604,0.9238095238095239,0.18841143301574956,0.0443327239488117,0.1033894691963334,0.5561104784126367,0.04037056349971101,97,4174,969,8
0.16760453581809998,0.02271662763466042,0.9238095238095239,0.18860587205910948,0.04434285714285714,0.10341151385927505,0.5562076979343167,0.040424563670025775,97,4173,970,8
0.16762211918830872,0.022721948934176624,0.9238095238095239,0.18880031110246936,0.04435299497027892,0.10343356792493069,0.5563049174559966,0.04047853724257093,97,4172,971,8
0.16762465238571167,0.022727272727272728,0.9238095238095239,0.18899475014582928,0.04436313743425566,0.1034556313993174,0.5564021369776766,0.04053248429375174,97,4171,972,8
0.16767361760139465,0.022732599015701897,0.9238095238095239,0.1891891891891892,0.04437328453796889,0.10347770428845744,0.5564993564993566,0.04058640489973869,97,4170,973,8
0.16769620776176453,0.02273792780121894,0.9238095238095239,0.1893836282325491,0.04438343628460307,0.10349978659837815,0.5565965760210365,0.04064029913646856,97,4169,974,8
0.16773433983325958,0.022743259085580305,0.9238095238095239,0.189578067275909,0.044393592677345536,0.10352187833511206,0.5566937955427165,0.04069416707964541,97,4168,975,8
0.16780638694763184,0.02274859287054409,0.9238095238095239,0.1897725063192689,0.04440375371938659,0.10354397950469683,0.5567910150643964,0.040748008804741616,97,4167,976,8
0.1678771674633026,0.022753929157870046,0.9238095238095239,0.18996694536262881,0.044413919413919416,0.10356609011317532,0.5568882345860764,0.04080182438699894,97,4166,977,8
0.1678876280784607,0.022759267949319567,0.9238095238095239,0.19016138440598873,0.04442408976414014,0.10358821016659547,0.5569854541077564,0.04085561390142945,97,4165,978,8
0.16808471083641052,0.022764609246655715,0.9238095238095239,0.19035582344934862,0.04443426477324782,0.10361033967101047,0.5570826736294362,0.04090937742281664,97,4164,979,8
0.16809441149234772,0.022769953051643192,0.9238095238095239,0.19055026249270854,0.044444444444444446,0.10363247863247864,0.5571798931511162,0.04096311502571633,97,4163,980,8
0.168218195438385,0.022775299366048368,0.9238095238095239,0.19074470153606846,0.044454628780934924,0.10365462705706348,0.5572771126727961,0.04101682678445776,97,4162,981,8
0.16828732192516327,0.022780648191639268,0.9238095238095239,0.19093914057942835,0.04446481778592711,0.10367678495083368,0.5573743321944761,0.041070512773144496,97,4161,982,8
0.1683504581451416,0.022785999530185577,0.9238095238095239,0.19113357962278826,0.044475011462631824,0.10369895231986316,0.557471551716156,0.041124173065655474,97,4160,983,8
0.1684093326330185,0.022791353383458647,0.9238095238095239,0.19132801866614815,0.04448520981426279,0.10372112917023096,0.557568771237836,0.04117780773564599,97,4159,984,8
0.16842089593410492,0.022796709753231493,0.9238095238095239,0.19152245770950807,0.0444954128440367,0.10374331550802139,0.557665990759516,0.04123141685654862,97,4158,985,8
0.16852375864982605,0.022802068641278796,0.9238095238095239,0.191716896752868,0.0445056205551732,0.10376551133932392,0.5577632102811959,0.04128500050157425,97,4157,986,8
0.1685621291399002,0.02280743004937691,0.9238095238095239,0.19191133579622788,0.0445158329508949,0.10378771667023326,0.5578604298028759,0.04133855874371301,97,4156,987,8
0.16867996752262115,0.022812793979303858,0.9238095238095239,0.1921057748395878,0.04452605003442736,0.10380993150684932,0.5579576493245558,0.041392091655735264,97,4155,988,8
0.1686815321445465,0.02281816043283933,0.9238095238095239,0.19230021388294768,0.04453627180899908,0.10383215585527725,0.5580548688462358,0.041445599310192545,97,4154,989,8
0.1687435656785965,0.022823529411764704,0.9238095238095239,0.1924946529263076,0.04454649827784156,0.10385438972162742,0.5581520883679157,0.0414990817794185,97,4153,990,8
0.16874884068965912,0.022828900917863028,0.9238095238095239,0.19268909196966752,0.04455672944418925,0.10387663311201542,0.5582493078895957,0.04155253913552986,97,4152,991,8
0.16881386935710907,0.02283427495291902,0.9238095238095239,0.1928835310130274,0.04456696531127958,0.10389888603256213,0.5583465274112757,0.041605971450427374,97,4151,992,8
0.16889694333076477,0.022839651518719094,0.9238095238095239,0.19307797005638733,0.04457720588235294,0.10392114848939361,0.5584437469329556,0.04165937879579674,97,4150,993,8
0.16892126202583313,0.022845030617051343,0.9238095238095239,0.19327240909974722,0.04458745116065272,0.10394342048864123,0.5585409664546356,0.04171276124310955,97,4149,994,8
0.1689642071723938,0.022850412249705535,0.9238095238095239,0.19346684814310713,0.04459770114942529,0.10396570203644159,0.5586381859763155,0.04176611886362419,97,4148,995,8
0.1689690202474594,0.02285579641847314,0.9238095238095239,0.19366128718646705,0.044607955851919984,0.10398799313893653,0.5587354054979955,0.041819451728386796,97,4147,996,8
0.16897955536842346,0.022861183125147302,0.9238095238095239,0.19385572622982694,0.04461821527138914,0.10401029380227321,0.5588326250196753,0.04187275990823216,97,4146,997,8
0.16905196011066437,0.022866572371522866,0.9238095238095239,0.19405016527318686,0.04462847941108811,0.10403260403260403,0.5589298445413553,0.04192604347378461,97,4145,998,8
0.16917932033538818,0.02287196415939637,0.9238095238095239,0.19424460431654678,0.0446387482742752,0.10405492383608668,0.5590270640630353,0.041979302495458996,97,4144,999,8
0.1692029982805252,0.022877358490566036,0.9238095238095239,0.19443904335990667,0.04464902186421174,0.10407725321888411,0.5591242835847152,0.042032537043461486,97,4143,1000,8
0.1693199872970581,0.0228827553668318,0.9238095238095239,0.19463348240326658,0.04465930018416206,0.10409959218716462,0.5592215031063952,0.04208574718779057,97,4142,1001,8
0.16933207213878632,0.022888154789995282,0.9238095238095239,0.19482792144662647,0.044669583237393506,0.10412194074710177,0.5593187226280751,0.04213893299823787,97,4141,1002,8
0.1694134920835495,0.022893556761859807,0.9238095238095239,0.1950223604899864,0.04467987102717642,0.10414429890487438,0.5594159421497551,0.0421920945443891,97,4140,1003,8
0.16947825253009796,0.022898961284230405,0.9238095238095239,0.1952167995333463,0.04469016355678415,0.10416666666666667,0.559513161671435,0.04224523189562488,97,4139,1004,8
0.16956843435764313,0.022904368358913813,0.9238095238095239,0.1954112385767062,0.04470046082949309,0.1041890440386681,0.559610381193115,0.04229834512112169,97,4138,1005,8
0.16958114504814148,0.02290977798771847,0.9238095238095239,0.19560567762006612,0.04471076284858262,0.10421143102707349,0.559707600714795,0.042351434289852656,97,4137,1006,8
0.16958355903625488,0.022915190172454525,0.9238095238095239,0.195800116663426,0.04472106961733518,0.10423382763808296,0.5598048202364749,0.04240449947058851,97,4136,1007,8
0.16961193084716797,0.022920604914933838,0.9238095238095239,0.19599455570678592,0.0447313811390362,0.10425623387790198,0.5599020397581549,0.04245754073189841,97,4135,1008,8
0.1696268767118454,0.022926022216969984,0.9238095238095239,0.19618899475014584,0.04474169741697417,0.10427864975274134,0.5599992592798348,0.0425105581421508,97,4134,1009,8
0.16963888704776764,0.02293144208037825,0.9238095238095239,0.19638343379350573,0.0447520184544406,0.1043010752688172,0.5600964788015148,0.04256355176951428,97,4133,1010,8
0.1696542352437973,0.022936864506975643,0.9238095238095239,0.19657787283686565,0.04476234425473004,0.10432351043235104,0.5601936983231948,0.04261652168195845,97,4132,1011,8
0.16974158585071564,0.02294228949858089,0.9238095238095239,0.19677231188022554,0.044772674821140085,0.1043459552495697,0.5602909178448747,0.04266946794725478,97,4131,1012,8
0.1698031723499298,0.02294771705701443,0.9238095238095239,0.19696675092358545,0.04478301015697138,0.1043684097267054,0.5603881373665547,0.042722390632977406,97,4130,1013,8
0.16981521248817444,0.022953147184098438,0.9238095238095239,0.19716118996694537,0.04479335026552759,0.1043908738699957,0.5604853568882346,0.04277528980650403,97,4129,1014,8
0.16984720528125763,0.022958579881656806,0.9238095238095239,0.19735562901030526,0.04480369515011547,0.10441334768568353,0.5605825764099146,0.042828165535016706,97,4128,1015,8
0.16986000537872314,0.022964015151515152,0.9238095238095239,0.19755006805366518,0.044814044814044815,0.10443583118001723,0.5606797959315946,0.0428810178855027,97,4127,1016,8
0.16996030509471893,0.02296945299550083,0.9238095238095239,0.1977445070970251,0.044824399260628464,0.10445832435925048,0.5607770154532745,0.04293384692475531,97,4126,1017,8
0.17001907527446747,0.02297489341544292,0.9238095238095239,0.19793894614038499,0.044834758493182345,0.1044808272296424,0.5608742349749545,0.04298665271937468,97,4125,1018,8
0.17005112767219543,0.022980336413172233,0.9238095238095239,0.1981333851837449,0.044845122515025426,0.10450333979745745,0.5609714544966344,0.04303943533576862,97,4124,1019,8
0.1700640171766281,0.02298578199052133,0.9238095238095239,0.1983278242271048,0.04485549132947977,0.10452586206896551,0.5610686740183143,0.04309219484015343,97,4123,1020,8
0.17015677690505981,0.022991230149324485,0.9238095238095239,0.1985222632704647,0.04486586493987049,0.1045483940504419,0.5611658935399942,0.0431449312985547,97,4122,1021,8
0.17017121613025665,0.022996680891417733,0.9238095238095239,0.19871670231382463,0.04487624334952579,0.10457093574816731,0.5612631130616742,0.043197644776808125,97,4121,1022,8
0.17028480768203735,0.023002134218638844,0.9238095238095239,0.19891114135718452,0.04488662656177696,0.10459348716842787,0.5613603325833542,0.0432503353405603,97,4120,1023,8
0.1702931970357895,0.023007590132827323,0.9238095238095239,0.19910558040054444,0.044897014579958344,0.1046160483175151,0.5614575521050341,0.04330300305526951,97,4119,1024,8
0.17030151188373566,0.023013048635824436,0.9238095238095239,0.19930001944390432,0.04490740740740741,0.104638619201726,0.5615547716267141,0.043355647986206544,97,4118,1025,8
0.17030563950538635,0.023018509729473186,0.9238095238095239,0.19949445848726424,0.04491780504746469,0.10466119982736297,0.561651991148394,0.04340827019845546,97,4117,1026,8
0.1704718917608261,0.023023973415618324,0.9238095238095239,0.19968889753062416,0.04492820750347383,0.10468379020073386,0.561749210670074,0.04346086975691439,97,4116,1027,8
0.1705205887556076,0.023029439696106362,0.9238095238095239,0.19988333657398405,0.04493861477878156,0.10470639032815199,0.561846430191754,0.04351344672629631,97,4115,1028,8
0.17052893340587616,0.023034908572785562,0.9238095238095239,0.20007777561734397,0.04494902687673772,0.10472900021593608,0.5619436497134339,0.04356600117112983,97,4114,1029,8
0.17056460678577423,0.02304038004750594,0.9238095238095239,0.20027221466070386,0.04495944380069525,0.10475161987041037,0.5620408692351139,0.043618533155759955,97,4113,1030,8
0.17057520151138306,0.023045854122119267,0.9238095238095239,0.20046665370406377,0.0449698655540102,0.10477424929790452,0.5621380887567938,0.04367104274434884,97,4112,1031,8
0.17058764398097992,0.023051330798479087,0.9238095238095239,0.2006610927474237,0.04498029214004173,0.10479688850475367,0.5622353082784738,0.0437235300008766,97,4111,1032,8
0.17058923840522766,0.023056810078440695,0.9238095238095239,0.20085553179078358,0.044990723562152134,0.10481953749729847,0.5623325278001537,0.043775994989142045,97,4110,1033,8
0.1705922782421112,0.02306229196386115,0.9238095238095239,0.2010499708341435,0.045001159823706796,0.104842196281885,0.5624297473218337,0.04382843777276341,97,4109,1034,8
0.17060081660747528,0.023067776456599288,0.9238095238095239,0.20124440987750342,0.04501160092807425,0.10486486486486486,0.5625269668435137,0.04388085841517916,97,4108,1035,8
0.1706368625164032,0.0230732635585157,0.9238095238095239,0.2014388489208633,0.04502204687862613,0.10488754325259515,0.5626241863651936,0.04393325697964872,97,4107,1036,8
0.1707453727722168,0.023078753271472758,0.9238095238095239,0.20163328796422322,0.04503249767873723,0.10491023145143846,0.5627214058868736,0.043985633529253214,97,4106,1037,8
0.17075636982917786,0.0230842455973346,0.9238095238095239,0.2018277270075831,0.045042953331785464,0.10493292946776288,0.5628186254085534,0.04403798812689621,97,4105,1038,8
0.17083868384361267,0.02308974053796715,0.9238095238095239,0.20202216605094303,0.04505341384115188,0.10495563730794201,0.5629158449302334,0.04409032083530446,97,4104,1039,8
0.17093434929847717,0.023095238095238096,0.9238095238095239,0.20221660509430295,0.045063879210220675,0.10497835497835498,0.5630130644519133,0.044142631717028646,97,4103,1040,8
0.17113561928272247,0.02310073827101691,0.9238095238095239,0.20241104413766284,0.04507434944237918,0.10500108248538645,0.5631102839735933,0.0441949208344441,97,4102,1041,8
0.17124274373054504,0.023106241067174845,0.9238095238095239,0.20260548318102276,0.04508482454101789,0.1050238198354266,0.5632075034952733,0.04424718824975153,97,4101,1042,8
0.17125463485717773,0.023111746485584943,0.9238095238095239,0.20279992222438264,0.04509530450953045,0.10504656703487113,0.5633047230169532,0.044299434024977755,97,4100,1043,8
0.17125658690929413,0.023117254528122022,0.9238095238095239,0.20299436126774256,0.045105789351313645,0.10506932409012132,0.5634019425386332,0.04435165822197641,97,4099,1044,8
0.1714504063129425,0.023122765196662693,0.9238095238095239,0.20318880031110248,0.045116279069767444,0.10509209100758396,0.5634991620603131,0.044403860902428684,97,4098,1045,8
0.17156952619552612,0.02312827849308536,0.9238095238095239,0.20338323935446237,0.04512677366829495,0.10511486779367143,0.5635963815819931,0.04445604212784402,97,4097,1046,8
0.17173518240451813,0.02313379441927021,0.9238095238095239,0.2035776783978223,0.045137273150302464,0.10513765445480165,0.5636936011036731,0.044508201959560824,97,4096,1047,8
0.17175444960594177,0.023139312977099237,0.9238095238095239,0.20377211744118218,0.04514777751919944,0.1051604509973981,0.563790820625353,0.04456034045874717,97,4095,1048,8
0.17178258299827576,0.023144834168456217,0.9238095238095239,0.2039665564845421,0.04515828677839851,0.10518325742788982,0.563888040147033,0.044612457686401506,97,4094,1049,8
0.17179234325885773,0.02315035799522673,0.9238095238095239,0.204160995527902,0.045168800931315485,0.1052060737527115,0.5639852596687129,0.04466455370335338,97,4093,1050,8
0.17179368436336517,0.023155884459298164,0.9238095238095239,0.2043554345712619,0.04517931998136935,0.10522889997830331,0.5640824791903929,0.04471662857026407,97,4092,1051,8
0.17181596159934998,0.023161413562559695,0.9238095238095239,0.20454987361462182,0.0451898439319823,0.1052517361111111,0.5641796987120729,0.044768682347627355,97,4091,1052,8
0.17183956503868103,0.023166945306902317,0.9238095238095239,0.20474431265798174,0.045200372786579686,0.10527458215758628,0.5642769182337528,0.044820715095770146,97,4090,1053,8
0.17189176380634308,0.022933588150979456,0.9142857142857143,0.20474431265798174,0.04474481472850152,0.10421189752496743,0.559515013471848,0.04148561887728063,96,4090,1053,9
0.17192213237285614,0.022939068100358423,0.9142857142857143,0.20493875170134163,0.044755244755244755,0.10423452768729642,0.5596122329935279,0.041538798847755715,96,4089,1054,9
0.17192305624485016,0.022944550669216062,0.9142857142857143,0.20513319074470154,0.04476567964560504,0.10425716768027801,0.5597094525152079,0.041591955957204954,96,4088,1055,9
0.17200623452663422,0.02295003585943103,0.9142857142857143,0.20532762978806143,0.04477611940298507,0.10427981751031935,0.5598066720368878,0.04164509026988491,96,4087,1056,9
0.17201390862464905,0.02295552367288379,0.9142857142857143,0.20552206883142135,0.04478656403079076,0.10430247718383312,0.5599038915585678,0.041698201849873384,96,4086,1057,9
0.17202259600162506,0.02296101411145659,0.9142857142857143,0.20571650787478127,0.04479701353243117,0.10432514670723755,0.5600011110802477,0.041751290761070176,96,4085,1058,9
0.17202503979206085,0.022966507177033493,0.9142857142857143,0.20591094691814116,0.04480746791131855,0.10434782608695652,0.5600983306019277,0.04180435706719778,96,4084,1059,9
0.17204083502292633,0.02297200287150036,0.9142857142857143,0.20610538596150108,0.04481792717086835,0.10437051532941943,0.5601955501236077,0.04185740083180214,96,4083,1060,9
0.17213937640190125,0.022977501196744854,0.9142857142857143,0.20629982500486096,0.044828391314499186,0.10439321444106132,0.5602927696452876,0.04191042211825334,96,4082,1061,9
0.17217124998569489,0.022983002154656453,0.9142857142857143,0.20649426404822088,0.044838860345632885,0.10441592342832282,0.5603899891669676,0.04196342098974636,96,4081,1062,9
0.17217883467674255,0.022988505747126436,0.9142857142857143,0.2066887030915808,0.04484933426769446,0.10443864229765012,0.5604872086886475,0.04201639750930178,96,4080,1063,9
0.17223209142684937,0.022994011976047904,0.9142857142857143,0.2068831421349407,0.044859813084112146,0.1044613710554951,0.5605844282103275,0.042069351739766454,96,4079,1064,9
0.17229704558849335,0.022999520843315763,0.9142857142857143,0.2070775811783006,0.04487029679831736,0.10448410970831519,0.5606816477320075,0.04212228374381427,96,4078,1065,9
0.17232376337051392,0.023005032350826744,0.9142857142857143,0.2072720202216605,0.04488078541374474,0.10450685826257348,0.5607788672536874,0.042175193583946835,96,4077,1066,9
0.17242226004600525,0.023010546500479387,0.9142857142857143,0.20746645926502041,0.04489127893383212,0.10452961672473868,0.5608760867753674,0.04222808132249418,96,4076,1067,9
0.17244850099086761,0.02301606329417406,0.9142857142857143,0.20766089830838033,0.04490177736202058,0.10455238510128512,0.5609733062970473,0.042280947021615445,96,4075,1068,9
0.1725064069032669,0.02302158273381295,0.9142857142857143,0.20785533735174022,0.04491228070175438,0.10457516339869281,0.5610705258187272,0.042333790743299585,96,4074,1069,9
0.17251339554786682,0.023027104821300073,0.9142857142857143,0.20804977639510014,0.044922788956481045,0.10459795162344737,0.5611677453404071,0.042386612549366064,96,4073,1070,9
0.17251618206501007,0.023032629558541268,0.9142857142857143,0.20824421543846006,0.0449333021296513,0.1046207497820401,0.5612649648620871,0.04243941250146554,96,4072,1071,9
0.17254187166690826,0.023038156947444204,0.9142857142857143,0.20843865448181995,0.0449438202247191,0.10464355788096795,0.5613621843837671,0.042492190661080516,96,4071,1072,9
0.17254875600337982,0.023043686989918388,0.9142857142857143,0.20863309352517986,0.04495434324514165,0.10466637592673354,0.561459403905447,0.04254494708952611,96,4070,1073,9
0.1725677251815796,0.02304921968787515,0.9142857142857143,0.20882753256853975,0.04496487119437939,0.10468920392584515,0.561556623427127,0.042597681847950625,96,4069,1074,9
0.1726835072040558,0.023054755043227664,0.9142857142857143,0.20902197161189967,0.044975404075895994,0.10471204188481675,0.5616538429488069,0.042650394997336305,96,4068,1075,9
0.17270125448703766,0.023060293057890945,0.9142857142857143,0.2092164106552596,0.04498594189315839,0.10473488981016801,0.5617510624704869,0.04270308659849995,96,4067,1076,9
0.172781839966774,0.023065833733781835,0.9142857142857143,0.20941084969861948,0.04499648464963675,0.10475774770842426,0.5618482819921669,0.04275575671209363,96,4066,1077,9
0.17283576726913452,0.023071377072819033,0.9142857142857143,0.2096052887419794,0.0450070323488045,0.10478061558611657,0.5619455015138468,0.04280840539860533,96,4065,1078,9
0.17290811240673065,0.023076923076923078,0.9142857142857143,0.20979972778533929,0.045017584994138334,0.10480349344978165,0.5620427210355268,0.042861032718359594,96,4064,1079,9
0.172970712184906,0.02308247174801635,0.9142857142857143,0.2099941668286992,0.0450281425891182,0.104826381305962,0.5621399405572067,0.04291363873151821,96,4063,1080,9
0.1730073094367981,0.023088023088023088,0.9142857142857143,0.21018860587205912,0.045038705137227304,0.10484927916120576,0.5622371600788867,0.042966223498080845,96,4062,1081,9
0.17309001088142395,0.02309357709886938,0.9142857142857143,0.210383044915419,0.04504927264195214,0.10487218702206685,0.5623343796005666,0.04301878707788573,96,4061,1082,9
0.17335841059684753,0.023099133782483156,0.9142857142857143,0.21057748395877893,0.045059845106782445,0.1048951048951049,0.5624315991222466,0.04307132953061026,96,4060,1083,9
0.1735037863254547,0.023104693140794223,0.9142857142857143,0.21077192300213882,0.04507042253521127,0.10491803278688525,0.5625288186439266,0.043123850915771686,96,4059,1084,9
0.17353969812393188,0.023110255175734232,0.9142857142857143,0.21096636204549873,0.045081004930734914,0.10494097070397901,0.5626260381656065,0.04317635129272772,96,4058,1085,9
0.17355890572071075,0.023115819889236697,0.9142857142857143,0.21116080108885865,0.04509159229685298,0.10496391865296305,0.5627232576872865,0.04322883072067721,96,4057,1086,9
0.17359232902526855,0.023121387283236993,0.9142857142857143,0.21135524013221854,0.04510218463706836,0.10498687664041995,0.5628204772089664,0.04328128925866074,96,4056,1087,9
0.1736273467540741,0.02312695735967237,0.9142857142857143,0.21154967917557846,0.045112781954887216,0.10500984467293809,0.5629176967306464,0.0433337269655613,96,4055,1088,9
0.17369504272937775,0.02313253012048193,0.9142857142857143,0.21174411821893838,0.04512338425381904,0.1050328227571116,0.5630149162523264,0.04338614390010487,96,4054,1089,9
0.1737106442451477,0.023138105567606652,0.9142857142857143,0.21193855726229827,0.045133991537376586,0.10505581089954039,0.5631121357740063,0.04343854012086111,96,4053,1090,9
0.17379069328308105,0.023143683702989394,0.9142857142857143,0.21213299630565818,0.045144603809075944,0.10507880910683012,0.5632093552956863,0.04349091568624392,96,4052,1091,9
0.1738232523202896,0.023149264528574874,0.9142857142857143,0.21232743534901807,0.045155221072436504,0.1051018173855923,0.5633065748173661,0.04354327065451211,96,4051,1092,9
0.17397794127464294,0.023154848046309694,0.9142857142857143,0.212521874392378,0.04516584333098095,0.10512483574244415,0.5634037943390461,0.043595605083769993,96,4050,1093,9
0.17399665713310242,0.02316043425814234,0.9142857142857143,0.2127163134357379,0.0451764705882353,0.10514786418400876,0.563501013860726,0.043647919031968,96,4049,1094,9
0.17412279546260834,0.023166023166023165,0.9142857142857143,0.2129107524790978,0.04518710284772888,0.10517090271691498,0.563598233382406,0.04370021255690331,96,4048,1095,9
0.17414331436157227,0.023171614771904415,0.9142857142857143,0.21310519152245772,0.04519774011299435,0.1051939513477975,0.563695452904086,0.04375248571622044,96,4047,1096,9
0.17423543334007263,0.02317720907774022,0.9142857142857143,0.2132996305658176,0.04520838238756769,0.1052170100832968,0.5637926724257659,0.04380473856741186,96,4046,1097,9
0.17424285411834717,0.023182806085486597,0.9142857142857143,0.21349406960917752,0.045219029674988226,0.1052400789300592,0.5638898919474459,0.043856971167818615,96,4045,1098,9
0.17430134117603302,0.02318840579710145,0.9142857142857143,0.21368850865253744,0.045229681978798585,0.10526315789473684,0.5639871114691258,0.04390918357463087,96,4044,1099,9
0.17430688440799713,0.023194008214544575,0.9142857142857143,0.21388294769589733,0.04524033930254477,0.10528624698398771,0.5640843309908058,0.04396137584488859,96,4043,1100,9
0.17436574399471283,0.02319961333977767,0.9142857142857143,0.21407738673925725,0.0452510016497761,0.10530934620447564,0.5641815505124858,0.044013548035482054,96,4042,1101,9
0.17437930405139923,0.023205221174764323,0.9142857142857143,0.21427182578261714,0.04526166902404526,0.10533245556287031,0.5642787700341657,0.04406570020315251,96,4041,1102,9
0.174442857503891,0.02321083172147002,0.9142857142857143,0.21446626482597705,0.04527234142890828,0.10535557506584724,0.5643759895558457,0.04411783240449273,96,4040,1103,9
0.1744590848684311,0.023216444981862153,0.9142857142857143,0.21466070386933697,0.045283018867924525,0.10537870472008781,0.5644732090775256,0.04416994469594759,96,4039,1104,9
0.17454470694065094,0.023222060957910014,0.9142857142857143,0.21485514291269686,0.04529370134465676,0.10540184453227931,0.5645704285992056,0.044222037133814694,96,4038,1105,9
0.17458564043045044,0.023227679651584805,0.9142857142857143,0.21504958195605678,0.045304388862671074,0.10542499450911487,0.5646676481208855,0.04427410977424492,96,4037,1106,9
0.17465732991695404,0.023233301064859633,0.9142857142857143,0.2152440209994167,0.04531508142553694,0.1054481546572935,0.5647648676425655,0.04432616267324301,96,4036,1107,9
0.17470598220825195,0.023238925199709513,0.9142857142857143,0.2154384600427766,0.0453257790368272,0.1054713249835201,0.5648620871642455,0.04437819588666815,96,4035,1108,9
0.17473693192005157,0.02324455205811138,0.9142857142857143,0.2156328990861365,0.045336481700118066,0.1054945054945055,0.5649593066859254,0.04443020947023452,96,4034,1109,9
0.1749819964170456,0.02325018164204408,0.9142857142857143,0.2158273381294964,0.04534718941898914,0.10551769619696637,0.5650565262076053,0.04448220347951192,96,4033,1110,9
0.17504939436912537,0.023255813953488372,0.9142857142857143,0.2160217771728563,0.04535790219702339,0.10554089709762533,0.5651537457292852,0.04453417796992626,96,4032,1111,9
0.17507988214492798,0.023261448994426944,0.9142857142857143,0.21621621621621623,0.045368620037807186,0.10556410820321091,0.5652509652509652,0.044586132996760175,96,4031,1112,9
0.17509187757968903,0.0232670867668444,0.9142857142857143,0.21641065525957612,0.045379342944930276,0.10558732952045755,0.5653481847726451,0.0446380686151536,96,4030,1113,9
0.17512041330337524,0.02327272727272727,0.9142857142857143,0.21660509430293604,0.04539007092198582,0.10561056105610561,0.5654454042943251,0.044689984880104276,96,4029,1114,9
0.17520539462566376,0.023278370514064017,0.9142857142857143,0.21679953334629593,0.04540080397257035,0.1056338028169014,0.5655426238160051,0.04474188184646837,96,4028,1115,9
0.1752246469259262,0.023284016492845016,0.9142857142857143,0.21699397238965584,0.04541154210028382,0.10565705480959718,0.565639843337685,0.04479375956896098,96,4027,1116,9
0.17529995739459991,0.023289665211062592,0.9142857142857143,0.21718841143301576,0.0454222853087296,0.10568031704095113,0.565737062859365,0.0448456181021567,96,4026,1117,9
0.17530779540538788,0.023295316670710994,0.9142857142857143,0.21738285047637565,0.04543303360151443,0.10570358951772738,0.5658342823810449,0.04489745750049018,96,4025,1118,9
0.17530889809131622,0.02330097087378641,0.9142857142857143,0.21757728951973557,0.04544378698224852,0.10572687224669604,0.5659315019027249,0.04494927781825668,96,4024,1119,9
0.1753242313861847,0.023306627822286964,0.9142857142857143,0.21777172856309546,0.045454545454545456,0.10575016523463318,0.5660287214244049,0.04500107910961259,96,4023,1120,9
0.175370454788208,0.023312287518212724,0.9142857142857143,0.21796616760645537,0.04546530902202226,0.10577346848832085,0.5661259409460848,0.045052861428575966,96,4022,1121,9
0.17543168365955353,0.023317949963565704,0.9142857142857143,0.2181606066498153,0.045476077688299386,0.10579678201454706,0.5662231604677648,0.04510462482902713,96,4021,1122,9
0.17549143731594086,0.023323615160349854,0.9142857142857143,0.21835504569317518,0.04548685145700071,0.10582010582010581,0.5663203799894447,0.04515636936470912,96,4020,1123,9
0.17553821206092834,0.023329283110571083,0.9142857142857143,0.2185494847365351,0.04549763033175355,0.10584343991179714,0.5664175995111247,0.04520809508922828,96,4019,1124,9
0.17554756999015808,0.02333495381623724,0.9142857142857143,0.21874392377989502,0.04550841431618867,0.105866784296427,0.5665148190328047,0.045259802056054795,96,4018,1125,9
0.17570741474628448,0.023340627279358133,0.9142857142857143,0.2189383628232549,0.04551920341394026,0.10589013898080742,0.5666120385544846,0.04531149031852318,96,4017,1126,9
0.17571227252483368,0.023346303501945526,0.9142857142857143,0.21913280186661482,0.04552999762864596,0.1059135039717564,0.5667092580761646,0.045363159929832864,96,4016,1127,9
0.17575490474700928,0.023351982486013136,0.9142857142857143,0.2193272409099747,0.04554079696394687,0.10593687927609799,0.5668064775978445,0.04541481094304863,96,4015,1128,9
0.17577724158763885,0.02335766423357664,0.9142857142857143,0.21952167995333463,0.04555160142348755,0.10596026490066225,0.5669036971195245,0.045466443411101246,96,4014,1129,9
0.17608237266540527,0.023363348746653686,0.9142857142857143,0.21971611899669455,0.045562411010915994,0.10598366085228528,0.5670009166412044,0.04551805738678788,96,4013,1130,9
0.17611293494701385,0.023369036027263874,0.9142857142857143,0.21991055804005444,0.04557322572988369,0.10600706713780919,0.5670981361628844,0.045569652922772694,96,4012,1131,9
0.17612463235855103,0.02337472607742878,0.9142857142857143,0.22010499708341436,0.045584045584045586,0.10603048376408217,0.5671953556845644,0.045621230071587325,96,4011,1132,9
0.17615336179733276,0.023380418899171942,0.9142857142857143,0.22029943612677425,0.04559487057706008,0.10605391073795846,0.5672925752062442,0.04567278888563138,96,4010,1133,9
0.17622996866703033,0.02338611449451888,0.9142857142857143,0.22049387517013416,0.04560570071258908,0.10607734806629834,0.5673897947279242,0.045724329417172985,96,4009,1134,9
0.17625920474529266,0.023391812865497075,0.9142857142857143,0.22068831421349408,0.045616535994297935,0.10610079575596817,0.5674870142496041,0.045775851718349275,96,4008,1135,9
0.17637775838375092,0.023397514014136,0.9142857142857143,0.22088275325685397,0.045627376425855515,0.10612425381384037,0.5675842337712841,0.04582735584116691,96,4007,1136,9
0.17639634013175964,0.02340321794246709,0.9142857142857143,0.2210771923002139,0.045638222010934155,0.10614772224679346,0.567681453292964,0.04587884183750252,96,4006,1137,9
0.17642566561698914,0.023408924652523776,0.9142857142857143,0.22127163134357378,0.0456490727532097,0.10617120106171202,0.567778672814644,0.045930309759103324,96,4005,1138,9
0.1764421910047531,0.023414634146341463,0.9142857142857143,0.2214660703869337,0.045659928656361475,0.10619469026548672,0.567875892336324,0.045981759657587495,96,4004,1139,9
0.1765875220298767,0.023420346425957552,0.9142857142857143,0.2216605094302936,0.04567078972407231,0.10621818986501438,0.5679731118580039,0.04603319158444476,96,4003,1140,9
0.17662666738033295,0.02342606149341142,0.9142857142857143,0.2218549484736535,0.04568165596002855,0.10624169986719788,0.5680703313796839,0.04608460559103683,96,4002,1141,9
0.17662978172302246,0.023431779350744447,0.9142857142857143,0.22204938751701342,0.04569252736792004,0.1062652202789462,0.5681675509013638,0.04613600172859792,96,4001,1142,9
0.17664596438407898,0.0234375,0.9142857142857143,0.22224382656037334,0.04570340395144013,0.10628875110717449,0.5682647704230438,0.04618738004823524,96,4000,1143,9
0.17672356963157654,0.023443223443223443,0.9142857142857143,0.22243826560373323,0.045714285714285714,0.10631229235880399,0.5683619899447238,0.04623874060092947,96,3999,1144,9
0.17677366733551025,0.02344894968246214,0.9142857142857143,0.22263270464709314,0.04572517266015718,0.10633584404076207,0.5684592094664037,0.046290083437535254,96,3998,1145,9
0.17679303884506226,0.023454678719765452,0.9142857142857143,0.22282714369045303,0.045736064792758456,0.10635940615998227,0.5685564289880837,0.046341408608781665,96,3997,1146,9
0.1767933964729309,0.02346041055718475,0.9142857142857143,0.22302158273381295,0.045746962115797,0.10638297872340426,0.5686536485097636,0.04639271616527272,96,3996,1147,9
0.17682889103889465,0.023466145196773404,0.9142857142857143,0.22321602177717287,0.04575786463298379,0.10640656173797385,0.5687508680314436,0.04644400615748782,96,3995,1148,9
0.17690658569335938,0.0234718826405868,0.9142857142857143,0.22341046082053276,0.04576877234803337,0.10643015521064302,0.5688480875531235,0.046495278635782254,96,3994,1149,9
0.17701341211795807,0.02347762289068232,0.9142857142857143,0.22360489986389268,0.045779685264663805,0.10645375914836992,0.5689453070748035,0.046546533650387675,96,3993,1150,9
0.1770581752061844,0.023483365949119372,0.9142857142857143,0.22379933890725257,0.04579060338659671,0.1064773735581189,0.5690425265964834,0.046597771251412526,96,3992,1151,9
0.17718090116977692,0.023489111817959384,0.9142857142857143,0.22399377795061248,0.04580152671755725,0.10650099844686044,0.5691397461181633,0.04664899148884258,96,3991,1152,9
0.17721107602119446,0.023494860499265784,0.9142857142857143,0.2241882169939724,0.04581245526127416,0.10652463382157124,0.5692369656398433,0.046700194412541356,96,3990,1153,9
0.17726552486419678,0.02350061199510404,0.9142857142857143,0.2243826560373323,0.04582338902147971,0.10654827968923418,0.5693341851615232,0.046751380072250596,96,3989,1154,9
0.17727933824062347,0.023506366307541625,0.9142857142857143,0.2245770950806922,0.045834328001909765,0.10657193605683836,0.5694314046832032,0.04680254851759075,96,3988,1155,9
0.1773359775543213,0.02351212343864805,0.9142857142857143,0.2247715341240521,0.045845272206303724,0.10659560293137908,0.5695286242048831,0.046853699798061386,96,3987,1156,9
0.17735351622104645,0.023517883390494855,0.9142857142857143,0.22496597316741201,0.04585622163840459,0.10661928031985785,0.5696258437265631,0.04690483396304173,96,3986,1157,9
0.17739541828632355,0.0235236461651556,0.9142857142857143,0.22516041221077193,0.04586717630195891,0.10664296822928238,0.5697230632482431,0.046955951061791054,96,3985,1158,9
0.1774318516254425,0.023529411764705882,0.9142857142857143,0.22535485125413182,0.045878136200716846,0.10666666666666667,0.569820282769923,0.047007051143449136,96,3984,1159,9
0.177448570728302,0.02353518019122334,0.9142857142857143,0.22554929029749174,0.045889101338432124,0.1066903756390309,0.569917502291603,0.04705813425703677,96,3983,1160,9
0.17758674919605255,0.023540951446787643,0.9142857142857143,0.22574372934085166,0.04590007171886206,0.10671409515340151,0.5700147218132829,0.04710920045145615,96,3982,1161,9
0.17766110599040985,0.0235467255334805,0.9142857142857143,0.22593816838421155,0.04591104734576758,0.1067378252168112,0.5701119413349629,0.04716024977549136,96,3981,1162,9
0.17770534753799438,0.023552502453385672,0.9142857142857143,0.22613260742757146,0.04592202822291318,0.10676156583629894,0.5702091608566429,0.0472112822778088,96,3980,1163,9
0.17775674164295197,0.02355828220858896,0.9142857142857143,0.22632704647093135,0.045933014354066985,0.1067853170189099,0.5703063803783228,0.04726229800695764,96,3979,1164,9
0.17779001593589783,0.023564064801178203,0.9142857142857143,0.22652148551429127,0.04594400574300072,0.1068090787716956,0.5704035999000028,0.047313297011370284,96,3978,1165,9
0.17779694497585297,0.02356985023324331,0.9142857142857143,0.2267159245576512,0.04595500239348971,0.10683285110171378,0.5705008194216827,0.047364279339362776,96,3977,1166,9
0.1778341680765152,0.023575638506876228,0.9142857142857143,0.22691036360101108,0.045966004309312906,0.10685663401602849,0.5705980389433627,0.04741524503913523,96,3976,1167,9
0.17785018682479858,0.023581429624170966,0.9142857142857143,0.227104802644371,0.04597701149425287,0.10688042752171009,0.5706952584650427,0.04746619415877235,96,3975,1168,9
0.177881121635437,0.023587223587223587,0.9142857142857143,0.22729924168773089,0.04598802395209581,0.10690423162583519,0.5707924779867226,0.04751712674624374,96,3974,1169,9
0.1778901070356369,0.02359302039813222,0.9142857142857143,0.2274936807310908,0.04599904168663153,0.10692804633548675,0.5708896975084026,0.04756804284940445,96,3973,1170,9
0.17789596319198608,0.02359882005899705,0.9142857142857143,0.22768811977445072,0.04601006470165349,0.10695187165775401,0.5709869170300825,0.047618942515995334,96,3972,1171,9
0.17789827287197113,0.023604622571920333,0.9142857142857143,0.2278825588178106,0.046021093000958774,0.10697570759973256,0.5710841365517625,0.04766982579364353,96,3971,1172,9
0.17795725166797638,0.023610427939006393,0.9142857142857143,0.22807699786117053,0.04603212658834812,0.1069995541685243,0.5711813560734424,0.047720692729862846,96,3970,1173,9
0.17804017663002014,0.023616236162361623,0.9142857142857143,0.22827143690453042,0.0460431654676259,0.10702341137123746,0.5712785755951223,0.047771543372054213,96,3969,1174,9
0.1780526340007782,0.023622047244094488,0.9142857142857143,0.22846587594789033,0.046054209642600145,0.10704727921498662,0.5713757951168023,0.04782237776750609,96,3968,1175,9
0.17816901206970215,0.02362786118631553,0.9142857142857143,0.22866031499125025,0.046065259117082535,0.10707115770689271,0.5714730146384822,0.04787319596339491,96,3967,1176,9
0.17820921540260315,0.023633677991137372,0.9142857142857143,0.22885475403461014,0.04607631389488841,0.107095046854083,0.5715702341601622,0.04792399800678548,96,3966,1177,9
0.1782136857509613,0.023639497660674712,0.9142857142857143,0.22904919307797006,0.046087373979836775,0.10711894666369114,0.5716674536818421,0.0479747839446314,96,3965,1178,9
0.1782512217760086,0.023645320197044337,0.9142857142857143,0.22924363212132998,0.0460984393757503,0.10714285714285714,0.5717646732035221,0.0480255538237755,96,3964,1179,9
0.17828330397605896,0.023651145602365115,0.9142857142857143,0.22943807116468987,0.04610951008645533,0.1071667782987274,0.571861892725202,0.04807630769095021,96,3963,1180,9
0.1783619076013565,0.02365697387875801,0.9142857142857143,0.22963251020804978,0.04612058611578189,0.10719071013845467,0.571959112246882,0.04812704559277804,96,3962,1181,9
0.17837278544902802,0.023662805028346067,0.9142857142857143,0.22982694925140967,0.04613166746756367,0.10721465266919812,0.572056331768562,0.048177767575771926,96,3961,1182,9
0.1784324049949646,0.023668639053254437,0.9142857142857143,0.2300213882947696,0.046142754145638065,0.10723860589812333,0.5721535512902419,0.048228473686335684,96,3960,1183,9
0.17843568325042725,0.02367447595561036,0.9142857142857143,0.2302158273381295,0.046153846153846156,0.10726256983240223,0.5722507708119219,0.04827916397076438,96,3959,1184,9
0.17845307290554047,0.023680315737543166,0.9142857142857143,0.2304102663814894,0.0461649434960327,0.10728654447921324,0.5723479903336018,0.04832983847524477,96,3958,1185,9
0.178477481007576,0.023686158401184307,0.9142857142857143,0.23060470542484932,0.046176046176046176,0.10731052984574112,0.5724452098552818,0.04838049724585569,96,3957,1186,9
0.17848972976207733,0.023692003948667325,0.9142857142857143,0.2307991444682092,0.04618715419773876,0.1073345259391771,0.5725424293769618,0.048431140328568455,96,3956,1187,9
0.17857058346271515,0.02369785238212787,0.9142857142857143,0.23099358351156912,0.04619826756496631,0.10735853276671886,0.5726396488986417,0.04848176776924725,96,3955,1188,9
0.17857764661312103,0.023703703703703703,0.9142857142857143,0.23118802255492904,0.046209386281588445,0.10738255033557047,0.5727368684203217,0.04853237961364956,96,3954,1189,9
0.17862190306186676,0.0237095579155347,0.9142857142857143,0.23138246159828893,0.046220510351468465,0.1074065786529425,0.5728340879420016,0.04858297590742653,96,3953,1190,9
0.17866352200508118,0.023715415019762844,0.9142857142857143,0.23157690064164885,0.046231639778473395,0.10743061772605192,0.5729313074636816,0.04863355669612339,96,3952,1191,9
0.17871564626693726,0.023721275018532245,0.9142857142857143,0.23177133968500874,0.046242774566473986,0.10745466756212223,0.5730285269853614,0.048684122025179834,96,3951,1192,9
0.17872948944568634,0.023727137913989126,0.9142857142857143,0.23196577872836865,0.04625391471934474,0.10747872816838334,0.5731257465070414,0.048734671939930405,96,3950,1193,9
0.17875833809375763,0.023733003708281828,0.9142857142857143,0.23216021777172857,0.04626506024096386,0.10750279955207166,0.5732229660287214,0.048785206485604894,96,3949,1194,9
0.17877784371376038,0.02373887240356083,0.9142857142857143,0.23235465681508846,0.046276211135213303,0.10752688172043011,0.5733201855504013,0.04883572570732875,96,3948,1195,9
0.17883476614952087,0.023744744001978728,0.9142857142857143,0.23254909585844838,0.04628736740597879,0.10755097468070804,0.5734174050720813,0.048886229650123396,96,3947,1196,9
0.1788548082113266,0.02375061850569025,0.9142857142857143,0.2327435349018083,0.04629852905714975,0.10757507844016136,0.5735146245937612,0.048936718358906714,96,3946,1197,9
0.1788628250360489,0.023756495916852263,0.9142857142857143,0.2329379739451682,0.04630969609261939,0.10759919300605246,0.5736118441154412,0.04898719187849335,96,3945,1198,9
0.1788800060749054,0.023762376237623763,0.9142857142857143,0.2331324129885281,0.04632086851628468,0.10762331838565023,0.5737090636371212,0.049037650253595126,96,3944,1199,9
0.1789316087961197,0.023768259470165882,0.9142857142857143,0.233326852031888,0.04633204633204633,0.1076474545862301,0.5738062831588011,0.04908809352882142,96,3943,1200,9
0.17900705337524414,0.0237741456166419,0.9142857142857143,0.2335212910752479,0.04634322954380883,0.10767160161507403,0.5739035026804811,0.049138521748679526,96,3942,1201,9
0.17913056910037994,0.02378003467921724,0.9142857142857143,0.23371573011860783,0.04635441815548044,0.1076957594794705,0.574000722202161,0.04918893495757507,96,3941,1202,9
0.17916013300418854,0.023785926660059464,0.9142857142857143,0.23391016916196772,0.046365612170973194,0.10771992818671454,0.574097941723841,0.04923933319981233,96,3940,1203,9
0.17917858064174652,0.02379182156133829,0.9142857142857143,0.23410460820532764,0.0463768115942029,0.10774410774410774,0.574195161245521,0.04928971651959467,96,3939,1204,9
0.17929744720458984,0.023797719385225583,0.9142857142857143,0.23429904724868753,0.04638801642908915,0.10776829815895823,0.5742923807672009,0.04934008496102486,96,3938,1205,9
0.1793043613433838,0.023803620133895365,0.9142857142857143,0.23449348629204744,0.04639922667955534,0.10779249943858073,0.5743896002888809,0.049390438568105474,96,3937,1206,9
0.17932571470737457,0.023809523809523808,0.9142857142857143,0.23468792533540736,0.046410442349528645,0.1078167115902965,0.5744868198105608,0.049440777384739266,96,3936,1207,9
0.17936484515666962,0.023815430414289258,0.9142857142857143,0.23488236437876725,0.04642166344294004,0.10784093462143339,0.5745840393322408,0.049491101454729486,96,3935,1208,9
0.1794278472661972,0.02382133995037221,0.9142857142857143,0.23507680342212717,0.04643288996372431,0.10786516853932585,0.5746812588539207,0.049541410821780325,96,3934,1209,9
0.17944826185703278,0.023827252419955324,0.9142857142857143,0.23527124246548706,0.04644412191582003,0.1078894133513149,0.5747784783756007,0.04959170552949722,96,3933,1210,9
0.1794995665550232,0.023833167825223437,0.9142857142857143,0.23546568150884697,0.04645535930316961,0.1079136690647482,0.5748756978972807,0.04964198562138722,96,3932,1211,9
0.17954692244529724,0.023839086168363548,0.9142857142857143,0.2356601205522069,0.046466602129719266,0.10793793568697999,0.5749729174189606,0.04969225114085938,96,3931,1212,9
0.17966865003108978,0.02384500745156483,0.9142857142857143,0.23585455959556678,0.04647785039941903,0.10796221322537113,0.5750701369406406,0.0497425021312251,96,3930,1213,9
0.17967066168785095,0.023850931677018634,0.9142857142857143,0.2360489986389267,0.04648910411622276,0.10798650168728909,0.5751673564623205,0.04979273863569847,96,3929,1214,9
0.17967945337295532,0.02385685884691849,0.9142857142857143,0.23624343768228662,0.04650036328408816,0.10801080108010801,0.5752645759840005,0.049842960697396646,96,3928,1215,9
0.17973639070987701,0.023862788963460103,0.9142857142857143,0.2364378767256465,0.046511627906976744,0.10803511141120864,0.5753617955056803,0.04989316835934021,96,3927,1216,9
0.17974688112735748,0.023868722028841372,0.9142857142857143,0.23663231576900642,0.04652289798885389,0.1080594326879784,0.5754590150273603,0.04994336166445349,96,3926,1217,9
0.17978535592556,0.023874658045262374,0.9142857142857143,0.2368267548123663,0.0465341735336888,0.1080837649178113,0.5755562345490403,0.04999354065556494,96,3925,1218,9
0.17982904613018036,0.023880597014925373,0.9142857142857143,0.23702119385572623,0.04654545454545454,0.10810810810810811,0.5756534540707202,0.0500437053754075,96,3924,1219,9
0.17985202372074127,0.023886538940034834,0.9142857142857143,0.23721563289908615,0.04655674102812803,0.1081324622662762,0.5757506735924002,0.05009385586661891,96,3923,1220,9
0.1799093633890152,0.023892483822797413,0.9142857142857143,0.23741007194244604,0.04656803298569003,0.10815682739972961,0.5758478931140801,0.05014399217174208,96,3922,1221,9
0.18005341291427612,0.02389843166542196,0.9142857142857143,0.23760451098580596,0.046579330422125184,0.10818120351588911,0.5759451126357601,0.05019411433322543,96,3921,1222,9
0.18019822239875793,0.02390438247011952,0.9142857142857143,0.23779895002916585,0.04659063334142199,0.10820559062218214,0.57604233215744,0.05024422239342325,96,3920,1223,9
0.18022097647190094,0.023910336239103363,0.9142857142857143,0.23799338907252576,0.04660194174757282,0.10822998872604284,0.57613955167912,0.050294316394596014,96,3919,1224,9
0.18024370074272156,0.02391629297458894,0.9142857142857143,0.23818782811588568,0.04661325564457393,0.10825439783491204,0.5762367712008,0.05034439637891075,96,3918,1225,9
0.18036781251430511,0.02392225267879392,0.9142857142857143,0.23838226715924557,0.04662457503642545,0.10827881795623731,0.5763339907224799,0.05039446238844133,96,3917,1226,9
0.18041262030601501,0.023928215353938187,0.9142857142857143,0.2385767062026055,0.04663589992713141,0.10830324909747292,0.5764312102441599,0.05044451446516889,96,3916,1227,9
0.18046706914901733,0.02393418100224383,0.9142857142857143,0.23877114524596538,0.04664723032069971,0.1083276912660799,0.5765284297658398,0.050494552650982114,96,3915,1228,9
0.18049071729183197,0.023940149625935162,0.9142857142857143,0.2389655842893253,0.046658566221142166,0.10835214446952596,0.5766256492875198,0.05054457698767755,96,3914,1229,9
0.18052101135253906,0.02394612122723871,0.9142857142857143,0.2391600233326852,0.04666990763247448,0.10837660871528562,0.5767228688091998,0.05059458751696,96,3913,1230,9
0.18056505918502808,0.023952095808383235,0.9142857142857143,0.2393544623760451,0.046681254558716266,0.10840108401084012,0.5768200883308797,0.05064458428044281,96,3912,1231,9
0.1806349903345108,0.0239580733715997,0.9142857142857143,0.23954890141940502,0.04669260700389105,0.10842557036367743,0.5769173078525597,0.05069456731964823,96,3911,1232,9
0.1806381195783615,0.023964053919121316,0.9142857142857143,0.23974334046276494,0.04670396497202627,0.10845006778129236,0.5770145273742396,0.05074453667600771,96,3910,1233,9
0.18064479529857635,0.02397003745318352,0.9142857142857143,0.23993777950612483,0.04671532846715328,0.10847457627118644,0.5771117468959195,0.05079449239086228,96,3909,1234,9
0.18077026307582855,0.023976023976023976,0.9142857142857143,0.24013221854948474,0.04672669749330737,0.10849909584086799,0.5772089664175994,0.05084443450546281,96,3908,1235,9
0.18078278005123138,0.02398201348988259,0.9142857142857143,0.24032665759284463,0.04673807205452775,0.10852362649785213,0.5773061859392794,0.05089436306097041,96,3907,1236,9
0.18096329271793365,0.0239880059970015,0.9142857142857143,0.24052109663620455,0.04674945215485756,0.10854816824966079,0.5774034054609594,0.0509442780984567,96,3906,1237,9
0.18101876974105835,0.023994001499625092,0.9142857142857143,0.24071553567956447,0.046760837798343884,0.10857272110382267,0.5775006249826393,0.05099417965890413,96,3905,1238,9
0.1810285896062851,0.024,0.9142857142857143,0.24090997472292436,0.04677222898903776,0.1085972850678733,0.5775978445043193,0.05104406778320639,96,3904,1239,9
0.1810430884361267,0.024006001500375095,0.9142857142857143,0.24110441376628428,0.04678362573099415,0.10862186014935506,0.5776950640259992,0.051093942512168575,96,3903,1240,9
0.18114575743675232,0.0240120060030015,0.9142857142857143,0.24129885280964417,0.046795028028272,0.1086464463558171,0.5777922835476792,0.05114380388650766,96,3902,1241,9
0.18118050694465637,0.0240180135101326,0.9142857142857143,0.24149329185300408,0.04680643588493418,0.10867104369481549,0.5778895030693592,0.05119365194685273,96,3901,1242,9
0.18118427693843842,0.024024024024024024,0.9142857142857143,0.241687730896364,0.04681784930504755,0.10869565217391304,0.5779867225910391,0.051243486733745305,96,3900,1243,9
0.18137864768505096,0.024030037546933666,0.9142857142857143,0.2418821699397239,0.04682926829268293,0.1087202718006795,0.5780839421127191,0.05129330828763969,96,3899,1244,9
0.18138012290000916,0.024036054081121683,0.9142857142857143,0.2420766089830838,0.046840692851915104,0.10874490258269144,0.578181161634399,0.05134311664890325,96,3898,1245,9
0.181387260556221,0.02404207362885049,0.9142857142857143,0.2422710480264437,0.04685212298682284,0.10876954452753229,0.578278381156079,0.05139291185781676,96,3897,1246,9
0.18138910830020905,0.02404809619238477,0.9142857142857143,0.24246548706980361,0.046863558701488894,0.10879419764279238,0.578375600677759,0.05144269395457467,96,3896,1247,9
0.18140673637390137,0.02405412177399148,0.9142857142857143,0.24265992611316353,0.046875,0.10881886193606892,0.5784728201994389,0.05149246297928546,96,3895,1248,9
0.1814083456993103,0.02406015037593985,0.9142857142857143,0.24285436515652342,0.046886446886446886,0.10884353741496598,0.5785700397211189,0.051542218971971934,96,3894,1249,9
0.18150334060192108,0.02406618200050138,0.9142857142857143,0.24304880419988334,0.04689789936492428,0.10886822408709458,0.5786672592427988,0.0515919619725715,96,3893,1250,9
0.18152351677417755,0.024072216649949848,0.9142857142857143,0.24324324324324326,0.046909357439530903,0.1088929219600726,0.5787644787644788,0.05164169202093653,96,3892,1251,9
0.18153800070285797,0.024078254326561323,0.9142857142857143,0.24343768228660315,0.0469208211143695,0.10891763104152484,0.5788616982861587,0.05169140915683463,96,3891,1252,9
0.1816176325082779,0.02408429503261415,0.9142857142857143,0.24363212132996306,0.04693229039354681,0.10894235133908307,0.5789589178078387,0.05174111341994893,96,3890,1253,9
0.18165378272533417,0.02409033877038896,0.9142857142857143,0.24382656037332295,0.0469437652811736,0.10896708286038592,0.5790561373295187,0.05179080484987842,96,3889,1254,9
0.1817057579755783,0.024096385542168676,0.9142857142857143,0.24402099941668287,0.04695524578136464,0.10899182561307902,0.5791533568511986,0.05184048348613825,96,3888,1255,9
0.1818251758813858,0.024102435350238514,0.9142857142857143,0.2442154384600428,0.046966731898238745,0.1090165796048149,0.5792505763728786,0.05189014936815998,96,3887,1256,9
0.1818808913230896,0.024108488196885988,0.9142857142857143,0.24440987750340268,0.04697822363591877,0.10904134484325306,0.5793477958945584,0.05193980253529196,96,3886,1257,9
0.18191055953502655,0.024114544084400905,0.9142857142857143,0.2446043165467626,0.04698972099853157,0.10906612133605999,0.5794450154162384,0.051989443026799566,96,3885,1258,9
0.18193592131137848,0.024120603015075376,0.9142857142857143,0.24479875559012249,0.04700122399020808,0.10909090909090909,0.5795422349379183,0.0520390708818655,96,3884,1259,9
0.18195199966430664,0.02412666499120382,0.9142857142857143,0.2449931946334824,0.04701273261508325,0.1091157081154808,0.5796394544595983,0.05208868613959012,96,3883,1260,9
0.18196499347686768,0.024132730015082957,0.9142857142857143,0.24518763367684232,0.0470242468772961,0.10914051841746249,0.5797366739812783,0.05213828883899172,96,3882,1261,9
0.18199840188026428,0.024138798089011818,0.9142857142857143,0.2453820727202022,0.04703576678098971,0.10916534000454856,0.5798338935029582,0.05218787901900679,96,3881,1262,9
0.18205787241458893,0.02414486921529175,0.9142857142857143,0.24557651176356213,0.0470472923303112,0.1091901728844404,0.5799311130246382,0.05223745671849036,96,3880,1263,9
0.1821315735578537,0.024150943396226414,0.9142857142857143,0.24577095080692202,0.047058823529411764,0.10921501706484642,0.5800283325463181,0.05228702197621626,96,3879,1264,9
0.18216277658939362,0.02415702063412179,0.9142857142857143,0.24596538985028193,0.04707036038244668,0.10923987255348203,0.5801255520679981,0.052336574830877385,96,3878,1265,9
0.18224166333675385,0.024163100931286183,0.9142857142857143,0.24615982889364185,0.047081902893575285,0.10926473935806966,0.580222771589678,0.05238611532108605,96,3877,1266,9
0.18226410448551178,0.02416918429003021,0.9142857142857143,0.24635426793700174,0.047093451066961,0.1092896174863388,0.580319991111358,0.05243564348537424,96,3876,1267,9
0.1823001503944397,0.024175270712666834,0.9142857142857143,0.24654870698036166,0.047105004906771344,0.10931450694602596,0.580417210633038,0.05248515936219387,96,3875,1268,9
0.18235820531845093,0.024181360201511334,0.9142857142857143,0.24674314602372158,0.04711656441717792,0.10933940774487472,0.5805144301547179,0.0525346629899171,96,3874,1269,9
0.18246763944625854,0.02418745275888133,0.9142857142857143,0.24693758506708147,0.047128129602356406,0.10936431989063568,0.5806116496763979,0.05258415440683665,96,3873,1270,9
0.18254707753658295,0.024193548387096774,0.9142857142857143,0.24713202411044138,0.04713970046648662,0.10938924339106655,0.5807088691980778,0.052633633651165974,96,3872,1271,9
0.18259379267692566,0.02419964708847996,0.9142857142857143,0.24732646315380127,0.047151277013752456,0.10941417825393207,0.5808060887197578,0.052683100761039686,96,3871,1272,9
0.1826830357313156,0.024205748865355523,0.9142857142857143,0.2475209021971612,0.04716285924834193,0.1094391244870041,0.5809033082414378,0.052732555774513724,96,3870,1273,9
0.18268351256847382,0.02421185372005044,0.9142857142857143,0.2477153412405211,0.04717444717444717,0.10946408209806158,0.5810005277631177,0.05278199872956568,96,3869,1274,9
0.18293678760528564,0.024217961654894045,0.9142857142857143,0.247909780283881,0.04718604079626444,0.10948905109489052,0.5810977472847976,0.052831429664095084,96,3868,1275,9
0.18295548856258392,0.024224072672218017,0.9142857142857143,0.24810421932724092,0.0471976401179941,0.10951403148528405,0.5811949668064775,0.052880848615923653,96,3867,1276,9
0.18300184607505798,0.024230186774356385,0.9142857142857143,0.2482986583706008,0.047209245143840665,0.10953902327704244,0.5812921863281575,0.05293025562279559,96,3866,1277,9
0.18308143317699432,0.024236303963645543,0.9142857142857143,0.24849309741396072,0.04722085587801279,0.10956402647797306,0.5813894058498374,0.05297965072237783,96,3865,1278,9
0.1831846386194229,0.024242424242424242,0.9142857142857143,0.24868753645732064,0.047232472324723246,0.1095890410958904,0.5814866253715174,0.05302903395226034,96,3864,1279,9
0.18333549797534943,0.024248547613033595,0.9142857142857143,0.24888197550068053,0.047244094488188976,0.10961406713861613,0.5815838448931974,0.05307840534995641,96,3863,1280,9
0.1835290938615799,0.02425467407781708,0.9142857142857143,0.24907641454404045,0.04725572237263106,0.10963910461397898,0.5816810644148773,0.05312776495290286,96,3862,1281,9
0.18364201486110687,0.024260803639120546,0.9142857142857143,0.24927085358740034,0.047267355982274745,0.10966415352981494,0.5817782839365573,0.05317711279846037,96,3861,1282,9
0.18365637958049774,0.024266936299292215,0.9142857142857143,0.24946529263076025,0.047278995321349424,0.10968921389396709,0.5818755034582372,0.05322644892391371,96,3860,1283,9
0.18365974724292755,0.02427307206068268,0.9142857142857143,0.24965973167412017,0.04729064039408867,0.10971428571428571,0.5819727229799172,0.05327577336647204,96,3859,1284,9
0.1838071048259735,0.024279210925644917,0.9142857142857143,0.24985417071748006,0.04730229120473023,0.10973936899862825,0.5820699425015972,0.053325086163269156,96,3858,1285,9
0.18380862474441528,0.024285352896534277,0.9142857142857143,0.25004860976084,0.04731394775751602,0.10976446375485936,0.5821671620232771,0.05337438735136375,96,3857,1286,9
0.1838260293006897,0.024291497975708502,0.9142857142857143,0.2502430488041999,0.047325610056692134,0.10978956999085086,0.5822643815449571,0.05342367696773972,96,3856,1287,9
0.18394611775875092,0.024297646165527716,0.9142857142857143,0.2504374878475598,0.047337278106508875,0.10981468771448182,0.582361601066637,0.05347295504930635,96,3855,1288,9
0.18401378393173218,0.02430379746835443,0.9142857142857143,0.2506319268909197,0.04734895191122072,0.10983981693363844,0.582458820588317,0.05352222163289868,96,3854,1289,9
0.1840788722038269,0.02430995188655356,0.9142857142857143,0.2508263659342796,0.04736063147508633,0.10986495765621423,0.582556040109997,0.053571476755277646,96,3853,1290,9
0.1841108351945877,0.0243161094224924,0.9142857142857143,0.2510208049776395,0.047372316802368614,0.10989010989010989,0.5826532596316769,0.05362072045313046,96,3852,1291,9
0.18429306149482727,0.024322270078540664,0.9142857142857143,0.25121524402099943,0.04738400789733465,0.10991527364323334,0.5827504791533569,0.05366995276307079,96,3851,1292,9
0.18429505825042725,0.024328433857070453,0.9142857142857143,0.25140968306435935,0.04739570476425574,0.10994044892349977,0.5828476986750368,0.05371917372163904,96,3850,1293,9
0.1843065321445465,0.024334600760456272,0.9142857142857143,0.2516041221077192,0.047407407407407405,0.10996563573883161,0.5829449181967168,0.05376838336530262,96,3849,1294,9
0.1843263804912567,0.02434077079107505,0.9142857142857143,0.2517985611510791,0.0474191158310694,0.10999083409715857,0.5830421377183967,0.05381758173045619,96,3848,1295,9
0.1843927651643753,0.024346943951306113,0.9142857142857143,0.25199300019443904,0.04743083003952569,0.1100160440064176,0.5831393572400767,0.05386676885342191,96,3847,1296,9
0.18450316786766052,0.0243531202435312,0.9142857142857143,0.25218743923779896,0.04744255003706449,0.11004126547455295,0.5832365767617567,0.05391594477044972,96,3846,1297,9
0.18450777232646942,0.024359299670134484,0.9142857142857143,0.2523818782811589,0.04745427582797825,0.11006649850951616,0.5833337962834366,0.053965109517717554,96,3845,1298,9
0.1845138669013977,0.024365482233502538,0.9142857142857143,0.25257631732451874,0.047466007416563656,0.11009174311926606,0.5834310158051165,0.05401426313133164,96,3844,1299,9
0.18465037643909454,0.024371667936024372,0.9142857142857143,0.25277075636787866,0.04747774480712166,0.11011699931176876,0.5835282353267964,0.05406340564732671,96,3843,1300,9
0.18475112318992615,0.02437785678009142,0.9142857142857143,0.2529651954112386,0.047489488003957456,0.1101422670949977,0.5836254548484764,0.05411253710166627,96,3842,1301,9
0.1849748194217682,0.024384048768097535,0.9142857142857143,0.2531596344545985,0.0475012370113805,0.11016754647693366,0.5837226743701563,0.054161657530242845,96,3841,1302,9
0.184987872838974,0.024390243902439025,0.9142857142857143,0.2533540734979584,0.047512991833704527,0.11019283746556474,0.5838198938918363,0.054210766968878214,96,3840,1303,9
0.18516027927398682,0.02439644218551461,0.9142857142857143,0.25354851254131827,0.047524752475247525,0.11021814006888633,0.5839171134135163,0.05425986545332372,96,3839,1304,9
0.18520928919315338,0.02440264361972547,0.9142857142857143,0.2537429515846782,0.047536518940331764,0.11024345429490125,0.5840143329351962,0.05430895301926043,96,3838,1305,9
0.18534933030605316,0.02440884820747521,0.9142857142857143,0.2539373906280381,0.0475482912332838,0.11026878015161957,0.5841115524568762,0.05435802970229941,96,3837,1306,9
0.18539686501026154,0.024415055951169887,0.9142857142857143,0.254131829671398,0.04756006935843448,0.11029411764705882,0.5842087719785561,0.05440709553798201,96,3836,1307,9
0.18540501594543457,0.02442126685321801,0.9142857142857143,0.25432626871475794,0.04757185332011893,0.11031946678924386,0.5843059915002361,0.05445615056178006,96,3835,1308,9
0.18546666204929352,0.024427480916030534,0.9142857142857143,0.2545207077581178,0.04758364312267658,0.1103448275862069,0.5844032110219161,0.05450519480909614,96,3834,1309,9
0.18547722697257996,0.02443369814202087,0.9142857142857143,0.2547151468014777,0.047595438770451165,0.11037020004598758,0.584500430543596,0.05455422831526379,96,3833,1310,9
0.1855047345161438,0.024439918533604887,0.9142857142857143,0.25490958584483764,0.04760724026779073,0.11039558417663294,0.584597650065276,0.0546032511155478,96,3832,1311,9
0.18550945818424225,0.024446142093200916,0.9142857142857143,0.25510402488819756,0.047619047619047616,0.11042097998619738,0.5846948695869559,0.05465226324514442,96,3831,1312,9
0.18554678559303284,0.02445236882322975,0.9142857142857143,0.2552984639315575,0.047630860828578515,0.11044638748274276,0.5847920891086359,0.054701264739181577,96,3830,1313,9
0.1856820285320282,0.02445859872611465,0.9142857142857143,0.2554929029749174,0.04764267990074442,0.11047180667433831,0.5848893086303159,0.05475025563271915,96,3829,1314,9
0.18580569326877594,0.024464831804281346,0.9142857142857143,0.25568734201827725,0.04765450483991065,0.11049723756906077,0.5849865281519957,0.054799235960749204,96,3828,1315,9
0.18582020699977875,0.024471068060158044,0.9142857142857143,0.25588178106163717,0.047666335650446874,0.11052268017499424,0.5850837476736757,0.05484820575819621,96,3827,1316,9
0.18582949042320251,0.02447730749617542,0.9142857142857143,0.2560762201049971,0.047678172336727095,0.11054813450023031,0.5851809671953556,0.05489716505991729,96,3826,1317,9
0.18621937930583954,0.02448355011476664,0.9142857142857143,0.256270659148357,0.04769001490312966,0.11057360055286801,0.5852781867170356,0.05494611390070244,96,3825,1318,9
0.18630912899971008,0.024489795918367346,0.9142857142857143,0.2564650981917169,0.04770186335403727,0.11059907834101383,0.5853754062387155,0.05499505231527478,96,3824,1319,9
0.18642181158065796,0.024496044909415666,0.9142857142857143,0.2566595372350768,0.04771371769383698,0.11062456787278174,0.5854726257603955,0.055043980338290784,96,3823,1320,9
0.18647196888923645,0.02450229709035222,0.9142857142857143,0.2568539762784367,0.047725577926920205,0.11065006915629322,0.5855698452820755,0.05509289800434049,96,3822,1321,9
0.18648764491081238,0.024508552463620117,0.9142857142857143,0.2570484153217966,0.047737444057682744,0.1106755821996772,0.5856670648037554,0.05514180534794776,96,3821,1322,9
0.18663948774337769,0.024514811031664963,0.9142857142857143,0.25724285436515654,0.04774931609052475,0.11070110701107011,0.5857642843254354,0.0551907024035705,96,3820,1323,9
0.18676407635211945,0.024521072796934867,0.9142857142857143,0.25743729340851645,0.04776119402985075,0.11072664359861592,0.5858615038471153,0.055239589205600875,96,3819,1324,9
0.18679073452949524,0.02452733776188043,0.9142857142857143,0.2576317324518763,0.04777307788006967,0.11075219197046608,0.5859587233687953,0.05528846578836555,96,3818,1325,9
0.18679626286029816,0.024533605928954767,0.9142857142857143,0.25782617149523623,0.047784967645594825,0.1107777521347796,0.5860559428904752,0.05533733218612594,96,3817,1326,9
0.1868029236793518,0.024539877300613498,0.9142857142857143,0.25802061053859615,0.04779686333084392,0.11080332409972299,0.5861531624121552,0.05538618843307837,96,3816,1327,9
0.1868060678243637,0.02454615187931475,0.9142857142857143,0.25821504958195607,0.04780876494023904,0.11082890787347033,0.5862503819338352,0.05543503456335437,96,3815,1328,9
0.18690332770347595,0.024552429667519183,0.9142857142857143,0.258409488625316,0.047820672478206726,0.11085450346420324,0.5863476014555151,0.055483870611020884,96,3814,1329,9
0.18699534237384796,0.024558710667689946,0.9142857142857143,0.25860392766867585,0.04783258594917788,0.11088011088011088,0.5864448209771951,0.05553269661008045,96,3813,1330,9
0.18700332939624786,0.02456499488229273,0.9142857142857143,0.25879836671203577,0.04784450535758784,0.11090573012939002,0.586542040498875,0.05558151259447148,96,3812,1331,9
0.18701785802841187,0.02457128231379575,0.9142857142857143,0.2589928057553957,0.047856430707876374,0.11093136122024497,0.586639260020555,0.05563031859806845,96,3811,1332,9
0.18710212409496307,0.02457757296466974,0.9142857142857143,0.2591872447987556,0.04786836200448766,0.11095700416088766,0.586736479542235,0.05567911465468212,96,3810,1333,9
0.18717306852340698,0.024583866837387964,0.9142857142857143,0.2593816838421155,0.047880299251870324,0.11098265895953757,0.5868336990639149,0.05572790079805978,96,3809,1334,9
0.18720094859600067,0.02459016393442623,0.9142857142857143,0.2595761228854754,0.04789224245447742,0.11100832562442182,0.5869309185855949,0.05577667706188544,96,3808,1335,9
0.18725518882274628,0.024596464258262875,0.9142857142857143,0.2597705619288353,0.04790419161676647,0.11103400416377515,0.5870281381072748,0.05582544347978007,96,3807,1336,9
0.18739467859268188,0.02460276781137878,0.9142857142857143,0.2599650009721952,0.0479161467431994,0.11105969458583989,0.5871253576289548,0.05587420008530181,96,3806,1337,9
0.18743892014026642,0.02460907459625737,0.9142857142857143,0.26015944001555513,0.04792810783824263,0.111085396898866,0.5872225771506348,0.055922946911946166,96,3805,1338,9
0.18745312094688416,0.024615384615384615,0.9142857142857143,0.26035387905891505,0.04794007490636704,0.1111111111111111,0.5873197966723147,0.05597168399314628,96,3804,1339,9
0.18750035762786865,0.02462169787124904,0.9142857142857143,0.2605483181022749,0.04795204795204795,0.11113683723084047,0.5874170161939946,0.056020411362273086,96,3803,1340,9
0.18776574730873108,0.024628014366341714,0.9142857142857143,0.26074275714563483,0.04796402697976518,0.111162575266327,0.5875142357156745,0.05606912905263557,96,3802,1341,9
0.1878708302974701,0.024634334103156273,0.9142857142857143,0.26093719618899475,0.047976011994003,0.11118832522585129,0.5876114552373545,0.05611783709748095,96,3801,1342,9
0.187941774725914,0.024640657084188913,0.9142857142857143,0.26113163523235466,0.047988002999250184,0.11121408711770157,0.5877086747590344,0.056166535529994906,96,3800,1343,9
0.1880238652229309,0.024646983311938382,0.9142857142857143,0.2613260742757146,0.048,0.11123986095017381,0.5878058942807144,0.05621522438330181,96,3799,1344,9
0.18803884088993073,0.02465331278890601,0.9142857142857143,0.26152051331907444,0.04801200300075019,0.11126564673157163,0.5879031138023944,0.05626390369046488,96,3798,1345,9
0.18815702199935913,0.024659645517595686,0.9142857142857143,0.26171495236243436,0.048024012006003,0.11129144447020635,0.5880003333240743,0.05631257348448647,96,3797,1346,9
0.18816155195236206,0.024665981500513873,0.9142857142857143,0.2619093914057943,0.0480360270202652,0.11131725417439703,0.5880975528457543,0.0563612337983082,96,3796,1347,9
0.1881629079580307,0.02467232074016962,0.9142857142857143,0.2621038304491542,0.04804804804804805,0.11134307585247043,0.5881947723674342,0.05640988466481124,96,3795,1348,9
0.18824075162410736,0.024678663239074552,0.9142857142857143,0.2622982694925141,0.04806007509386733,0.11136890951276102,0.5882919918891142,0.056458526116816454,96,3794,1349,9
0.18824630975723267,0.024685008999742866,0.9142857142857143,0.26249270853587403,0.04807210816224337,0.11139475516361105,0.5883892114107941,0.056507158187084655,96,3793,1350,9
0.18855099380016327,0.024691358024691357,0.9142857142857143,0.2626871475792339,0.04808414725770098,0.11142061281337047,0.5884864309324741,0.05655578090831676,96,3792,1351,9
0.18856072425842285,0.024697710316439414,0.9142857142857143,0.2628815866225938,0.04809619238476954,0.11144648247039703,0.5885836504541541,0.05660439431315407,96,3791,1352,9
0.18863067030906677,0.024704065877509007,0.9142857142857143,0.2630760256659537,0.04810824354798296,0.1114723641430562,0.588680869975834,0.0566529984341784,96,3790,1353,9
0.18866294622421265,0.02471042471042471,0.9142857142857143,0.26327046470931365,0.0481203007518797,0.11149825783972125,0.588778089497514,0.05670159330391233,96,3789,1354,9
0.1886848360300064,0.024716786817713696,0.9142857142857143,0.26346490375267356,0.04813236400100276,0.11152416356877323,0.5888753090191939,0.05675017895481939,96,3788,1355,9
0.18879656493663788,0.024723152201905744,0.9142857142857143,0.2636593427960334,0.048144433299899696,0.11155008133860098,0.5889725285408738,0.05679875541930427,96,3787,1356,9
0.1888159215450287,0.02472952086553323,0.9142857142857143,0.26385378183939334,0.04815650865312265,0.11157601115760112,0.5890697480625537,0.05684732272971303,96,3786,1357,9
0.18897907435894012,0.02473589281113115,0.9142857142857143,0.26404822088275326,0.0481685900652283,0.1116019530341781,0.5891669675842337,0.05689588091833328,96,3785,1358,9
0.18901534378528595,0.024742268041237112,0.9142857142857143,0.2642426599261132,0.04818067754077792,0.11162790697674418,0.5892641871059137,0.05694443001739439,96,3784,1359,9
0.18902823328971863,0.02474864655839134,0.9142857142857143,0.2644370989694731,0.04819277108433735,0.11165387299371947,0.5893614066275936,0.0569929700590677,96,3783,1360,9
0.18903908133506775,0.02475502836513667,0.9142857142857143,0.26463153801283296,0.04820487070047703,0.11167985109353187,0.5894586261492736,0.05704150107546669,96,3782,1361,9
0.18916702270507812,0.02476141346401857,0.9142857142857143,0.2648259770561929,0.048216976393771975,0.11170584128461718,0.5895558456709535,0.05709002309864723,96,3781,1362,9
0.18922369182109833,0.02476780185758514,0.9142857142857143,0.2650204160995528,0.04822908816880181,0.11173184357541899,0.5896530651926335,0.057138536160607746,96,3780,1363,9
0.18923765420913696,0.024774193548387096,0.9142857142857143,0.2652148551429127,0.04824120603015075,0.11175785797438882,0.5897502847143135,0.05718704029328939,96,3779,1364,9
0.18930426239967346,0.0247805885389778,0.9142857142857143,0.2654092941862726,0.04825332998240764,0.11178388448998602,0.5898475042359934,0.05723553552857626,96,3778,1365,9
0.18943500518798828,0.024786986831913247,0.9142857142857143,0.2656037332296325,0.048265460030165915,0.11180992313067785,0.5899447237576734,0.05728402189829566,96,3777,1366,9
0.18946239352226257,0.024793388429752067,0.9142857142857143,0.2657981722729924,0.048277596178023637,0.11183597390493942,0.5900419432793533,0.057332499434218163,96,3776,1367,9
0.1894870549440384,0.024799793335055543,0.9142857142857143,0.2659926113163523,0.0482897384305835,0.11186203682125379,0.5901391628010333,0.05738096816805791,96,3775,1368,9
0.1895027905702591,0.024806201550387597,0.9142857142857143,0.26618705035971224,0.04830188679245283,0.11188811188811189,0.5902363823227132,0.05742942813147278,96,3774,1369,9
0.18950463831424713,0.02481261307831481,0.9142857142857143,0.26638148940307216,0.04831404126824358,0.1119141991140126,0.5903336018443932,0.05747787935606455,96,3773,1370,9
0.18953236937522888,0.02481902792140641,0.9142857142857143,0.266575928446432,0.04832620186257237,0.11194029850746269,0.5904308213660732,0.05752632187337912,96,3772,1371,9
0.1896245926618576,0.02482544608223429,0.9142857142857143,0.26677036748979194,0.04833836858006042,0.11196641007697691,0.5905280408877531,0.05757475571490668,96,3771,1372,9
0.18968673050403595,0.024831867563372995,0.9142857142857143,0.26696480653315185,0.04835054142533367,0.11199253383107793,0.5906252604094331,0.05762318091208195,96,3770,1373,9
0.1897042691707611,0.02483829236739974,0.9142857142857143,0.2671592455765118,0.04836272040302267,0.11201866977829639,0.590722479931113,0.05767159749628429,96,3769,1374,9
0.18977171182632446,0.024844720496894408,0.9142857142857143,0.2673536846198717,0.04837490551776266,0.11204481792717087,0.590819699452793,0.057720005498837955,96,3768,1375,9
0.18983860313892365,0.024851151954439554,0.9142857142857143,0.26754812366323155,0.04838709677419355,0.11207097828624796,0.590916918974473,0.05776840495101227,96,3767,1376,9
0.1898890733718872,0.024857586742620404,0.9142857142857143,0.26774256270659147,0.04839929417695992,0.1120971508640822,0.5910141384961529,0.057816795884021784,96,3766,1377,9
0.18991419672966003,0.024864024864024864,0.9142857142857143,0.2679370017499514,0.048411497730711045,0.11212333566923616,0.5911113580178329,0.05786517832902651,96,3765,1378,9
0.18995119631290436,0.024870466321243522,0.9142857142857143,0.2681314407933113,0.04842370744010088,0.11214953271028037,0.5912085775395128,0.05791355231713205,96,3764,1379,9
0.1899970918893814,0.024876911116869654,0.9142857142857143,0.2683258798366712,0.04843592330978809,0.11217574199579342,0.5913057970611928,0.05796191787938986,96,3763,1380,9
0.19001026451587677,0.024883359253499222,0.9142857142857143,0.2685203188800311,0.04844814534443603,0.11220196353436185,0.5914030165828726,0.058010275046797344,96,3762,1381,9
0.19007959961891174,0.02488981073373088,0.9142857142857143,0.268714757923391,0.04846037354871277,0.11222819733458031,0.5915002361045526,0.05805862385029811,96,3761,1382,9
0.19008438289165497,0.024896265560165973,0.9142857142857143,0.2689091969667509,0.048472607927291085,0.11225444340505145,0.5915974556262326,0.05810696432078211,96,3760,1383,9
0.19008637964725494,0.024902723735408562,0.9142857142857143,0.26910363601011084,0.048484848484848485,0.11228070175438597,0.5916946751479125,0.058155296489085864,96,3759,1384,9
0.19010721147060394,0.024649714582252204,0.9047619047619048,0.26910363601011084,0.047991917150795656,0.11113710809546093,0.5869327703860078,0.055122535435865615,95,3759,1384,10
0.19020232558250427,0.024656112120425643,0.9047619047619048,0.26929807505347075,0.048004042445679636,0.11116311724783524,0.5870299899076877,0.05517155596152514,95,3758,1385,10
0.19023913145065308,0.02466251298026999,0.9047619047619048,0.26949251409683067,0.048016173869092744,0.11118913857677902,0.5871272094293677,0.05522056722094273,95,3757,1386,10
0.1902521699666977,0.02466891716437289,0.9047619047619048,0.26968695314019053,0.04802831142568251,0.11121517209084524,0.5872244289510477,0.05526956924647236,95,3756,1387,10
0.19028359651565552,0.024675324675324677,0.9047619047619048,0.26988139218355045,0.04804045512010114,0.11124121779859485,0.5873216484727276,0.05531856207041094,95,3755,1388,10
0.1903391033411026,0.024681735515718367,0.9047619047619048,0.27007583122691037,0.048052604957005564,0.11126727570859686,0.5874188679944076,0.05536754572499849,95,3754,1389,10
0.1905052810907364,0.02468814968814969,0.9047619047619048,0.2702702702702703,0.048064760941057424,0.1112933458294283,0.5875160875160875,0.05541652024241833,95,3753,1390,10
0.19051024317741394,0.02469456719521705,0.9047619047619048,0.2704647093136302,0.04807692307692308,0.11131942816967424,0.5876133070377675,0.05546548565479731,95,3752,1391,10
0.19056987762451172,0.02470098803952158,0.9047619047619048,0.27065914835699006,0.0480890913692736,0.1113455227379278,0.5877105265594474,0.05551444199420594,95,3751,1392,10
0.19066034257411957,0.0247074122236671,0.9047619047619048,0.27085358740035,0.04810126582278481,0.11137162954279015,0.5878077460811274,0.05556338929265863,95,3750,1393,10
0.1907491683959961,0.024713839750260147,0.9047619047619048,0.2710480264437099,0.04811344644213725,0.11139774859287055,0.5879049656028074,0.055612327582113874,95,3749,1394,10
0.19093488156795502,0.024720270621909967,0.9047619047619048,0.2712424654870698,0.04812563323201621,0.1114238798967863,0.5880021851244873,0.055661256894474404,95,3748,1395,10
0.19103609025478363,0.024726704841228526,0.9047619047619048,0.27143690453042973,0.04813782619711173,0.11145002346316284,0.5880994046461673,0.05571017726158743,95,3747,1396,10
0.1910426765680313,0.02473314241083051,0.9047619047619048,0.2716313435737896,0.0481500253421186,0.11147617930063365,0.5881966241678471,0.05575908871524479,95,3746,1397,10
0.19104807078838348,0.024739583333333332,0.9047619047619048,0.2718257826171495,0.048162230671736375,0.11150234741784038,0.5882938436895271,0.05580799128718313,95,3745,1398,10
0.19110456109046936,0.024746027611357125,0.9047619047619048,0.27202022166050943,0.048174442190669374,0.11152852782343273,0.588391063211207,0.055856885009084145,95,3744,1399,10
0.19116929173469543,0.024752475247524754,0.9047619047619048,0.27221466070386935,0.04818665990362668,0.11155472052606857,0.588488282732887,0.05590576991257471,95,3743,1400,10
0.19124992191791534,0.02475892624446182,0.9047619047619048,0.27240909974722927,0.04819888381532217,0.11158092553441391,0.588585502254567,0.055954646029227076,95,3742,1401,10
0.19127918779850006,0.024765380604796664,0.9047619047619048,0.27260353879058913,0.048211113930474496,0.11160714285714286,0.5886827217762469,0.056003513390559076,95,3741,1402,10
0.191297709941864,0.024771838331160364,0.9047619047619048,0.27279797783394905,0.048223350253807105,0.11163337250293771,0.5887799412979269,0.0560523720280343,95,3740,1403,10
0.19134299457073212,0.02477829942618675,0.9047619047619048,0.27299241687730896,0.048235592790048236,0.11165961448048896,0.5888771608196068,0.05610122197306226,95,3739,1404,10
0.19135387241840363,0.02478476389251239,0.9047619047619048,0.2731868559206689,0.04824784154393093,0.11168586879849518,0.5889743803412868,0.0561500632569986,95,3738,1405,10
0.19140619039535522,0.024791231732776618,0.9047619047619048,0.2733812949640288,0.048260096520193044,0.11171213546566322,0.5890715998629668,0.05619889591114527,95,3737,1406,10
0.19142010807991028,0.024797702949621508,0.9047619047619048,0.27357573400738866,0.048272357723577235,0.11173841449070807,0.5891688193846467,0.056247719966750674,95,3736,1407,10
0.19143825769424438,0.024804177545691905,0.9047619047619048,0.2737701730507486,0.048284625158831,0.11176470588235295,0.5892660389063267,0.0562965354550099,95,3735,1408,10
0.19144178926944733,0.024810655523635414,0.9047619047619048,0.2739646120941085,0.04829689883070666,0.11179100964932925,0.5893632584280066,0.05634534240706489,95,3734,1409,10
0.19153109192848206,0.024817136886102403,0.9047619047619048,0.2741590511374684,0.04830917874396135,0.11181732580037665,0.5894604779496866,0.056394140854004585,95,3733,1410,10
0.19157180190086365,0.024823621635746015,0.9047619047619048,0.27435349018082833,0.04832146490335707,0.111843654344243,0.5895576974713665,0.05644293082686513,95,3732,1411,10
0.19174595177173615,0.024830109775222164,0.9047619047619048,0.2745479292241882,0.048333757313660644,0.11186999528968442,0.5896549169930465,0.056491712356630065,95,3731,1412,10
0.19178538024425507,0.02483660130718954,0.9047619047619048,0.2747423682675481,0.04834605597964377,0.11189634864546526,0.5897521365147265,0.056540485474230476,95,3730,1413,10
0.1917872577905655,0.024843096234309622,0.9047619047619048,0.274936807310908,0.048358360906082976,0.11192271442035816,0.5898493560364064,0.056589250210545186,95,3729,1414,10
0.1918163001537323,0.024849594559246665,0.9047619047619048,0.27513124635426794,0.04837067209775967,0.11194909262314401,0.5899465755580864,0.05663800659640091,95,3728,1415,10
0.1919459104537964,0.024856096284667714,0.9047619047619048,0.27532568539762786,0.048382989559460146,0.11197548326261197,0.5900437950797663,0.056686754662572496,95,3727,1416,10
0.19194674491882324,0.02486260141324261,0.9047619047619048,0.2755201244409877,0.048395313295975545,0.11200188634755953,0.5901410146014463,0.05673549443978298,95,3726,1417,10
0.1919497400522232,0.024869109947643978,0.9047619047619048,0.27571456348434764,0.048407643312101914,0.11202830188679246,0.5902382341231263,0.0567842259587039,95,3725,1418,10
0.19198685884475708,0.024875621890547265,0.9047619047619048,0.27590900252770756,0.04841997961264016,0.1120547298891248,0.5903354536448062,0.05683294924995537,95,3724,1419,10
0.19213753938674927,0.024882137244630696,0.9047619047619048,0.2761034415710675,0.04843232220239613,0.11208117036337895,0.5904326731664862,0.056881664344106284,95,3723,1420,10
0.1921442598104477,0.02488865601257532,0.9047619047619048,0.2762978806144274,0.04844467108618052,0.11210762331838565,0.5905298926881661,0.056930371271674496,95,3722,1421,10
0.19214680790901184,0.02489517819706499,0.9047619047619048,0.2764923196577873,0.048457026268808975,0.11213408876298395,0.5906271122098461,0.05697907006312699,95,3721,1422,10
0.19215160608291626,0.02490170380078637,0.9047619047619048,0.2766867587011472,0.04846938775510204,0.11216056670602124,0.5907243317315259,0.057027760748880045,95,3720,1423,10
0.19223278760910034,0.024908232826428945,0.9047619047619048,0.2768811977445071,0.048481755549885173,0.11218705715635333,0.5908215512532059,0.0570764433592994,95,3719,1424,10
0.19223594665527344,0.024914765276685024,0.9047619047619048,0.277075636787867,0.04849412965798877,0.11221356012284432,0.5909187707748859,0.057125117924700444,95,3718,1425,10
0.19230593740940094,0.024921301154249738,0.9047619047619048,0.2772700758312269,0.048506510084248146,0.11224007561436673,0.5910159902965658,0.057173784475348356,95,3717,1426,10
0.19231665134429932,0.024927840461821043,0.9047619047619048,0.27746451487458684,0.04851889683350358,0.11226660363980147,0.5911132098182458,0.05722244304145832,95,3716,1427,10
0.19232942163944244,0.024934383202099737,0.9047619047619048,0.2776589539179467,0.04853128991060025,0.11229314420803782,0.5912104293399257,0.05727109365319563,95,3715,1428,10
0.19236692786216736,0.024940929377789446,0.9047619047619048,0.2778533929613066,0.04854368932038835,0.11231969732797352,0.5913076488616057,0.05731973634067592,95,3714,1429,10
0.1924022138118744,0.02494747899159664,0.9047619047619048,0.27804783200466654,0.048556095067722974,0.11234626300851466,0.5914048683832857,0.05736837113396529,95,3713,1430,10
0.1924183964729309,0.024954032046230628,0.9047619047619048,0.27824227104802646,0.04856850715746421,0.11237284125857583,0.5915020879049656,0.05741699806308048,95,3712,1431,10
0.1925746351480484,0.024960588544403573,0.9047619047619048,0.2784367100913864,0.04858092559447712,0.11239943208707998,0.5915993074266456,0.05746561715798908,95,3711,1432,10
0.19258522987365723,0.024967148488830485,0.9047619047619048,0.27863114913474624,0.04859335038363171,0.11242603550295859,0.5916965269483255,0.05751422844860959,95,3710,1433,10
0.19263818860054016,0.024973711882229233,0.9047619047619048,0.27882558817810615,0.04860578152980302,0.11245265151515152,0.5917937464700055,0.05756283196481171,95,3709,1434,10
0.1926903873682022,0.024980278727320535,0.9047619047619048,0.27902002722146607,0.04861821903787104,0.11247928013260715,0.5918909659916854,0.057611427736416435,95,3708,1435,10
0.19277653098106384,0.024986849026827986,0.9047619047619048,0.279214466264826,0.04863066291272076,0.11250592136428234,0.5919881855133654,0.0576600157931962,95,3707,1436,10
0.19280380010604858,0.024993422783478034,0.9047619047619048,0.2794089053081859,0.04864311315924219,0.11253257521914238,0.5920854050350454,0.057708596164875114,95,3706,1437,10
0.19287222623825073,0.025,0.9047619047619048,0.27960334435154577,0.04865556978233035,0.11255924170616113,0.5921826245567252,0.057757168881129056,95,3705,1438,10
0.19290004670619965,0.025006580679126086,0.9047619047619048,0.2797977833949057,0.048668032786885244,0.11258592083432092,0.5922798440784052,0.05780573397158588,95,3704,1439,10
0.19299320876598358,0.025013164823591363,0.9047619047619048,0.2799922224382656,0.04868050217781194,0.11261261261261261,0.5923770636000851,0.057854291465825526,95,3703,1440,10
0.19301332533359528,0.02501975243613379,0.9047619047619048,0.2801866614816255,0.0486929779600205,0.11263931705003558,0.5924742831217651,0.05790284139338026,95,3702,1441,10
0.19311226904392242,0.025026343519494204,0.9047619047619048,0.28038110052498544,0.04870546013842605,0.11266603415559773,0.592571502643445,0.05795138378373475,95,3701,1442,10
0.1931983083486557,0.025032938076416336,0.9047619047619048,0.2805755395683453,0.04871794871794872,0.11269276393831554,0.592668722165125,0.05799991866632629,95,3700,1443,10
0.19339658319950104,0.02503953610964681,0.9047619047619048,0.2807699786117052,0.048730443703513725,0.11271950640721405,0.592765941686805,0.05804844607054493,95,3699,1444,10
0.19344612956047058,0.025046137621935145,0.9047619047619048,0.28096441765506514,0.04874294510005131,0.11274626157132685,0.5928631612084849,0.0580969660257336,95,3698,1445,10
0.19348470866680145,0.025052742616033755,0.9047619047619048,0.28115885669842505,0.04875545291249679,0.11277302943969611,0.5929603807301649,0.05814547856118837,95,3697,1446,10
0.19351601600646973,0.02505935109469797,0.9047619047619048,0.28135329574178497,0.048767967145790556,0.1127998100213726,0.5930576002518448,0.0581939837061585,95,3696,1447,10
0.19353023171424866,0.025065963060686015,0.9047619047619048,0.28154773478514483,0.04878048780487805,0.11282660332541568,0.5931548197735248,0.058242481489846634,95,3695,1448,10
0.19354033470153809,0.02507257851675904,0.9047619047619048,0.28174217382850475,0.04879301489470981,0.11285340936089332,0.5932520392952048,0.058290971941409,95,3694,1449,10
0.19358956813812256,0.0250791974656811,0.9047619047619048,0.28193661287186467,0.04880554842024146,0.11288022813688213,0.5933492588168847,0.05833945508995552,95,3693,1450,10
0.19369861483573914,0.02508581991021917,0.9047619047619048,0.2821310519152246,0.04881808838643371,0.11290705966246732,0.5934464783385647,0.05838793096454994,95,3692,1451,10
0.19374124705791473,0.025092445853143158,0.9047619047619048,0.2823254909585845,0.04883063479825238,0.11293390394674274,0.5935436978602446,0.05843639959421005,95,3691,1452,10
0.193744495511055,0.02509907529722589,0.9047619047619048,0.28251993000194436,0.04884318766066838,0.11296076099881094,0.5936409173819246,0.0584848610079078,95,3690,1453,10
0.19378779828548431,0.02510570824524313,0.9047619047619048,0.2827143690453043,0.04885574697865775,0.11298763082778307,0.5937381369036046,0.058533315234569464,95,3689,1454,10
0.1938033252954483,0.025112344699973567,0.9047619047619048,0.2829088080886642,0.048868312757201646,0.11301451344277896,0.5938353564252845,0.058581762303075796,95,3688,1455,10
0.19381466507911682,0.025118984664198835,0.9047619047619048,0.2831032471320241,0.04888088500128634,0.11304140885292718,0.5939325759469645,0.05863020224226217,95,3687,1456,10
0.19412916898727417,0.02512562814070352,0.9047619047619048,0.28329768617538403,0.048893463715903245,0.1130683170673649,0.5940297954686444,0.05867863508091873,95,3686,1457,10
0.19419780373573303,0.02513227513227513,0.9047619047619048,0.28349212521874395,0.0489060489060489,0.1130952380952381,0.5941270149903244,0.05872706084779057,95,3685,1458,10
0.1943454146385193,0.025138925641704155,0.9047619047619048,0.2836865642621038,0.04891864057672503,0.11312217194570136,0.5942242345120043,0.05877547957157786,95,3684,1459,10
0.19449971616268158,0.02514557967178401,0.9047619047619048,0.28388100330546373,0.04893123873293845,0.11314911862791806,0.5943214540336843,0.058823891280936,95,3683,1460,10
0.1945231854915619,0.025152237225311094,0.9047619047619048,0.28407544234882365,0.04894384337970119,0.11317607815106027,0.5944186735553643,0.058872296004475785,95,3682,1461,10
0.19457370042800903,0.025158898305084745,0.9047619047619048,0.28426988139218357,0.0489564545220304,0.11320305052430886,0.5945158930770442,0.05892069377076352,95,3681,1462,10
0.19459988176822662,0.025165562913907286,0.9047619047619048,0.2844643204355435,0.04896907216494845,0.11323003575685339,0.5946131125987242,0.05896908460832122,95,3680,1463,10
0.19476628303527832,0.025172231054583997,0.9047619047619048,0.28465875947890334,0.048981696313482856,0.11325703385789222,0.594710332120404,0.05901746854562672,95,3679,1464,10
0.19479933381080627,0.02517890272992314,0.9047619047619048,0.28485319852226326,0.04899432697266632,0.11328404483663249,0.594807551642084,0.05906584561111383,95,3678,1465,10
0.19483627378940582,0.02518557794273595,0.9047619047619048,0.2850476375656232,0.049006964147536754,0.11331106870229007,0.594904771163764,0.059114215833172494,95,3677,1466,10
0.19489873945713043,0.02519225669583665,0.9047619047619048,0.2852420766089831,0.049019607843137254,0.11333810546408972,0.5950019906854439,0.05916257924014892,95,3676,1467,10
0.19498395919799805,0.025198938992042442,0.9047619047619048,0.285436515652343,0.04903225806451613,0.11336515513126491,0.5950992102071239,0.05921093586034576,95,3675,1468,10
0.19504159688949585,0.02520562483417352,0.9047619047619048,0.2856309546957029,0.049044914816726896,0.113392217713058,0.5951964297288038,0.0592592857220222,95,3674,1469,10
0.19504167139530182,0.02521231422505308,0.9047619047619048,0.2858253937390628,0.049057578104828296,0.11341929321872016,0.5952936492504838,0.05930762885339416,95,3673,1470,10
0.1950431913137436,0.0252190071675073,0.9047619047619048,0.2860198327824227,0.0490702479338843,0.11344638165751135,0.5953908687721637,0.05935596528263444,95,3672,1471,10
0.19504334032535553,0.025225703664365374,0.9047619047619048,0.28621427182578263,0.04908292430896409,0.11347348303870043,0.5954880882938437,0.05940429503787279,95,3671,1472,10
0.19513820111751556,0.025232403718459494,0.9047619047619048,0.28640871086914255,0.04909560723514212,0.1135005973715651,0.5955853078155237,0.05945261814719614,95,3670,1473,10
0.19516095519065857,0.02523910733262487,0.9047619047619048,0.2866031499125024,0.049108296717498064,0.11352772466539197,0.5956825273372036,0.059500934638648716,95,3669,1474,10
0.19516488909721375,0.025245814509699708,0.9047619047619048,0.2867975889558623,0.04912099276111686,0.11355486492947645,0.5957797468588836,0.059549244540232166,95,3668,1475,10
0.19521813094615936,0.025252525252525252,0.9047619047619048,0.28699202799922224,0.0491336953710887,0.11358201817312291,0.5958769663805635,0.05959754787990572,95,3667,1476,10
0.1952372044324875,0.025259239563945757,0.9047619047619048,0.28718646704258216,0.04914640455250905,0.11360918440564459,0.5959741859022435,0.05964584468558631,95,3666,1477,10
0.1952759325504303,0.02526595744680851,0.9047619047619048,0.2873809060859421,0.04915912031047866,0.11363636363636363,0.5960714054239235,0.059694134985148764,95,3665,1478,10
0.19531798362731934,0.02527267890396382,0.9047619047619048,0.28757534512930194,0.04917184265010352,0.11366355587461115,0.5961686249456033,0.05974241880642589,95,3664,1479,10
0.1954190582036972,0.025279403938265034,0.9047619047619048,0.28776978417266186,0.04918457157649495,0.11369076112972715,0.5962658444672833,0.059790696177208634,95,3663,1480,10
0.1954251527786255,0.02528613255256854,0.9047619047619048,0.2879642232160218,0.04919730709476955,0.11371797941106057,0.5963630639889632,0.059838967125246244,95,3662,1481,10
0.19545428454875946,0.02529286474973376,0.9047619047619048,0.2881586622593817,0.04921004921004921,0.11374521072796935,0.5964602835106432,0.05988723167824637,95,3661,1482,10
0.19554276764392853,0.02529960053262317,0.9047619047619048,0.2883531013027416,0.04922279792746114,0.11377245508982035,0.5965575030323231,0.05993548986387526,95,3660,1483,10
0.19555874168872833,0.02530633990410229,0.9047619047619048,0.28854754034610147,0.04923555325213786,0.11379971250598946,0.5966547225540031,0.05998374170975782,95,3659,1484,10
0.19570650160312653,0.0253130828670397,0.9047619047619048,0.2887419793894614,0.04924831518921721,0.1138269829858615,0.596751942075683,0.06003198724347784,95,3658,1485,10
0.1957871913909912,0.025319829424307036,0.9047619047619048,0.2889364184328213,0.04926108374384237,0.1138542665388303,0.596849161597363,0.060080226492578055,95,3657,1486,10
0.19585484266281128,0.025326579578778992,0.9047619047619048,0.2891308574761812,0.049273858921161824,0.11388156317429873,0.596946381119043,0.06012845948456034,95,3656,1487,10
0.19585905969142914,0.025333333333333333,0.9047619047619048,0.28932529651954114,0.04928664072632944,0.11390887290167866,0.5970436006407229,0.06017668624688581,95,3655,1488,10
0.19597472250461578,0.025340090690850893,0.9047619047619048,0.289519735562901,0.04929942916450441,0.11393619573039099,0.5971408201624029,0.06022490680697498,95,3654,1489,10
0.19608350098133087,0.02534685165421558,0.9047619047619048,0.2897141746062609,0.049312224240851285,0.11396353166986564,0.5972380396840828,0.060273121192207894,95,3653,1490,10
0.19626940786838531,0.025353616226314386,0.9047619047619048,0.28990861364962084,0.04932502596053998,0.11399088072954164,0.5973352592057628,0.06032132942992425,95,3652,1491,10
0.19630344212055206,0.025360384410037372,0.9047619047619048,0.29010305269298076,0.04933783432874578,0.11401824291886702,0.5974324787274428,0.060369531547423534,95,3651,1492,10
0.1963120847940445,0.025367156208277702,0.9047619047619048,0.2902974917363407,0.04935064935064935,0.11404561824729892,0.5975296982491227,0.06041772757196521,95,3650,1493,10
0.19632117450237274,0.025373931623931624,0.9047619047619048,0.2904919307797006,0.049363471031436734,0.11407300672430355,0.5976269177708027,0.06046591753076876,95,3649,1494,10
0.19639110565185547,0.025380710659898477,0.9047619047619048,0.29068636982306045,0.04937629937629938,0.11410040835935624,0.5977241372924826,0.0605141014510139,95,3648,1495,10
0.1964406669139862,0.025387493319080707,0.9047619047619048,0.29088080886642037,0.0493891343904341,0.11412782316194138,0.5978213568141626,0.06056227935984067,95,3647,1496,10
0.1965252310037613,0.025394279604383854,0.9047619047619048,0.2910752479097803,0.04940197607904316,0.1141552511415525,0.5979185763358426,0.06061045128434957,95,3646,1497,10
0.19657295942306519,0.02540106951871658,0.9047619047619048,0.2912696869531402,0.0494148244473342,0.1141826923076923,0.5980157958575225,0.060658617251601724,95,3645,1498,10
0.1966230422258377,0.02540786306499064,0.9047619047619048,0.2914641259965001,0.049427679500520294,0.11421014666987256,0.5981130153792025,0.060706777288618965,95,3644,1499,10
0.19665397703647614,0.02541466024612092,0.9047619047619048,0.29165856503986,0.049440541243819934,0.11423761423761424,0.5982102349008824,0.06075493142238402,95,3643,1500,10
0.1967407613992691,0.025421461065025422,0.9047619047619048,0.2918530040832199,0.04945340968245705,0.11426509502044743,0.5983074544225624,0.060803079679840596,95,3642,1501,10
0.19674141705036163,0.02542826552462527,0.9047619047619048,0.2920474431265798,0.04946628482166102,0.11429258902791145,0.5984046739442423,0.060851222087893536,95,3641,1502,10
0.1967504322528839,0.025435073627844713,0.9047619047619048,0.29224188216993974,0.049479166666666664,0.11432009626955475,0.5985018934659223,0.060899358673408927,95,3640,1503,10
0.1967555433511734,0.025174076057846814,0.8952380952380953,0.29224188216993974,0.048971086220369886,0.11314395763119885,0.5937399887040176,0.057943898283733114,94,3640,1503,11
0.1969778686761856,0.025180819716046077,0.8952380952380953,0.29243632121329965,0.04898384575299635,0.11317120154105466,0.5938372082256975,0.05799261260959649,94,3639,1504,11
0.19699151813983917,0.025187566988210074,0.8952380952380953,0.2926307602566595,0.048996611936408654,0.11319845857418112,0.5939344277473774,0.05804132031588428,94,3638,1505,11
0.19706609845161438,0.025194317877244708,0.8952380952380953,0.29282519930001943,0.049009384775808136,0.11322572874006263,0.5940316472690573,0.058090021430584095,94,3637,1506,11
0.19717608392238617,0.02520107238605898,0.8952380952380953,0.29301963834337935,0.04902216427640156,0.11325301204819277,0.5941288667907373,0.05813871598164231,94,3636,1507,11
0.19722478091716766,0.02520783051756503,0.8952380952380953,0.29321407738673927,0.04903495044340115,0.11328030850807423,0.5942260863124172,0.05818740399696423,94,3635,1508,11
0.19722817838191986,0.02521459227467811,0.8952380952380953,0.2934085164300992,0.04904774328202453,0.1133076181292189,0.5943233058340972,0.05823608550441418,94,3634,1509,11
0.19732646644115448,0.02522135766031661,0.8952380952380953,0.29360295547345905,0.049060542797494784,0.11333494092114782,0.5944205253557772,0.05828476053181565,94,3633,1510,11
0.1973716914653778,0.02522812667740204,0.8952380952380953,0.29379739451681897,0.04907334899504046,0.11336227689339122,0.5945177448774571,0.05833342910695148,94,3632,1511,11
0.19739533960819244,0.02523489932885906,0.8952380952380953,0.2939918335601789,0.04908616187989556,0.11338962605548854,0.5946149643991371,0.05838209125756394,94,3631,1512,11
0.19746719300746918,0.025241675617615467,0.8952380952380953,0.2941862726035388,0.04909898145729956,0.11341698841698841,0.594712183920817,0.05843074701135486,94,3630,1513,11
0.19751706719398499,0.025248455546602204,0.8952380952380953,0.2943807116468987,0.04911180773249739,0.11344436398744871,0.594809403442497,0.058479396395985817,94,3629,1514,11
0.19771242141723633,0.02525523911875336,0.8952380952380953,0.2945751506902586,0.049124640710739485,0.11347175277643651,0.594906622964177,0.05852803943907825,94,3628,1515,11
0.19774001836776733,0.02526202633700618,0.8952380952380953,0.2947695897336185,0.04913748039728175,0.11349915479352814,0.5950038424858569,0.05857667616821355,94,3627,1516,11
0.19774799048900604,0.025268817204301075,0.8952380952380953,0.2949640287769784,0.049150326797385624,0.11352657004830918,0.5951010620075369,0.05862530661093326,94,3626,1517,11
0.1977912038564682,0.025275611723581608,0.8952380952380953,0.29515846782033833,0.049163179916317995,0.11355399855037449,0.5951982815292168,0.058673930794739135,94,3625,1518,11
0.1977955400943756,0.025282409897794515,0.8952380952380953,0.29535290686369825,0.049176039759351295,0.11358144030932818,0.5952955010508968,0.058722548747093366,94,3624,1519,11
0.19786781072616577,0.025289211729889696,0.8952380952380953,0.2955473459070581,0.049188906331763475,0.11360889533478366,0.5953927205725766,0.058771160495418626,94,3623,1520,11
0.19795092940330505,0.02529601722282024,0.8952380952380953,0.29574178495041803,0.049201779638838,0.11363636363636363,0.5954899400942566,0.05881976606709825,94,3622,1521,11
0.19797877967357635,0.025302826379542395,0.8952380952380953,0.29593622399377795,0.049214659685863874,0.11366384522370013,0.5955871596159366,0.05886836548947634,94,3621,1522,11
0.19801631569862366,0.025309639203015617,0.8952380952380953,0.29613066303713786,0.04922754647813564,0.11369134010643445,0.5956843791376165,0.05891695878985792,94,3620,1523,11
0.19804726541042328,0.02531645569620253,0.8952380952380953,0.2963251020804978,0.04924044002095338,0.11371884829421727,0.5957815986592965,0.058965545995509065,94,3619,1524,11
0.19815292954444885,0.025323275862068964,0.8952380952380953,0.29651954112385764,0.04925334031962274,0.11374636979670862,0.5958788181809764,0.05901412713365699,94,3618,1525,11
0.1982981264591217,0.02533009970358394,0.8952380952380953,0.29671398016721756,0.049266247379454925,0.11377390462357782,0.5959760377026564,0.059062702231490224,94,3617,1526,11
0.19833651185035706,0.025336927223719677,0.8952380952380953,0.2969084192105775,0.04927916120576671,0.11380145278450363,0.5960732572243364,0.05911127131615875,94,3616,1527,11
0.19836828112602234,0.025343758425451605,0.8952380952380953,0.2971028582539374,0.04929208180388044,0.11382901428917414,0.5961704767460163,0.05915983441477408,94,3615,1528,11
0.19837923347949982,0.02535059331175836,0.8952380952380953,0.2972972972972973,0.04930500917912405,0.11385658914728682,0.5962676962676963,0.05920839155440941,94,3614,1529,11
0.1984022855758667,0.025357431885621798,0.8952380952380953,0.29749173634065723,0.04931794333683106,0.11388417736854858,0.5963649157893762,0.05925694276209977,94,3613,1530,11
0.19840490818023682,0.025364274150026983,0.8952380952380953,0.2976861753840171,0.049330884282340594,0.11391177896267571,0.5964621353110562,0.05930548806484213,94,3612,1531,11
0.19846642017364502,0.025371120107962213,0.8952380952380953,0.297880614427377,0.049343832020997375,0.11393939393939394,0.5965593548327361,0.05935402748959551,94,3611,1532,11
0.19854512810707092,0.025377969762419007,0.8952380952380953,0.29807505347073693,0.04935678655815175,0.11396702230843841,0.5966565743544161,0.05940256106328114,94,3610,1533,11
0.19854851067066193,0.025384823116392115,0.8952380952380953,0.29826949251409685,0.04936974789915966,0.11399466407955372,0.5967537938760961,0.05945108881278255,94,3609,1534,11
0.19855397939682007,0.025391680172879523,0.8952380952380953,0.29846393155745676,0.04938271604938271,0.11402231926249394,0.596851013397776,0.05949961076494576,94,3608,1535,11
0.1985897570848465,0.025398540934882464,0.8952380952380953,0.2986583706008166,0.04939569101418812,0.11404998786702257,0.596948232919456,0.05954812694657933,94,3607,1536,11
0.19860510528087616,0.025405405405405406,0.8952380952380953,0.29885280964417654,0.049408672798948755,0.11407766990291263,0.5970454524411359,0.059596637384454525,94,3606,1537,11
0.19860979914665222,0.02541227358745607,0.8952380952380953,0.29904724868753646,0.04942166140904311,0.11410536537994659,0.5971426719628159,0.05964514210530543,94,3605,1538,11
0.198683962225914,0.02541914548404543,0.8952380952380953,0.2992416877308964,0.049434656849855374,0.11413307430791647,0.5972398914844959,0.0596936411358291,94,3604,1539,11
0.19888727366924286,0.02542602109818772,0.8952380952380953,0.2994361267742563,0.04944765912677538,0.11416079669662375,0.5973371110061758,0.05974213450268561,94,3603,1540,11
0.19898006319999695,0.025432900432900432,0.8952380952380953,0.29963056581761616,0.04946066824519863,0.11418853255587949,0.5974343305278558,0.059790622232498286,94,3602,1541,11
0.19901427626609802,0.02543978349120433,0.8952380952380953,0.2998250048609761,0.049473684210526316,0.11421628189550426,0.5975315500495357,0.05983910435185374,94,3601,1542,11
0.1990913599729538,0.025446670276123445,0.8952380952380953,0.300019443904336,0.04948670702816531,0.11424404472532815,0.5976287695712157,0.05988758088730202,94,3600,1543,11
0.1991136074066162,0.02545356079068508,0.8952380952380953,0.3002138829476959,0.049499736703528176,0.11427182105519086,0.5977259890928956,0.059936051865356756,94,3599,1544,11
0.19911739230155945,0.025460455037919827,0.8952380952380953,0.3004083219910558,0.04951277324203318,0.11429961089494163,0.5978232086145756,0.05998451731249526,94,3598,1545,11
0.1991359293460846,0.025467353020861554,0.8952380952380953,0.3006027610344157,0.04952581664910432,0.1143274142544393,0.5979204281362555,0.06003297725515863,94,3597,1546,11
0.19917187094688416,0.025474254742547425,0.8952380952380953,0.3007972000777756,0.04953886693017128,0.11435523114355231,0.5980176476579354,0.060081431719751915,94,3596,1547,11
0.1991720348596573,0.02548116020601789,0.8952380952380953,0.3009916391211355,0.049551924090669476,0.11438306157215868,0.5981148671796154,0.06012988073264419,94,3595,1548,11
0.1991976946592331,0.0254880694143167,0.8952380952380953,0.30118607816449544,0.04956498813604007,0.11441090555014606,0.5982120867012953,0.06017832432016872,94,3594,1549,11
0.19923196732997894,0.025494982370490915,0.8952380952380953,0.30138051720785536,0.049578059071729956,0.11443876308741173,0.5983093062229753,0.06022676250862305,94,3593,1550,11
0.19925427436828613,0.025501899077590883,0.8952380952380953,0.3015749562512152,0.04959113690319177,0.11446663419386265,0.5984065257446552,0.06027519532426913,94,3592,1551,11
0.19925828278064728,0.025508819538670284,0.8952380952380953,0.30176939529457514,0.049604221635883905,0.11449451887941535,0.5985037452663352,0.06032362279333343,94,3591,1552,11
0.19934296607971191,0.025515743756786103,0.8952380952380953,0.30196383433793506,0.04961731327527052,0.1145224171539961,0.5986009647880152,0.06037204494200708,94,3590,1553,11
0.19935768842697144,0.025522671734998642,0.8952380952380953,0.302158273381295,0.04963041182682154,0.11455032902754082,0.5986981843096951,0.06042046179644599,94,3589,1554,11
0.1996062844991684,0.025529603476371537,0.8952380952380953,0.3023527124246549,0.04964351729601268,0.11457825450999512,0.5987954038313751,0.060468873382770905,94,3588,1555,11
0.19961698353290558,0.02526487367563162,0.8857142857142857,0.3023527124246549,0.0491283676703645,0.11338697878566203,0.5940334990694702,0.05754374162556068,93,3588,1555,12
0.1997222602367401,0.025271739130434782,0.8857142857142857,0.30254715146801475,0.049141347424042275,0.11341463414634147,0.5941307185911502,0.057592687242611344,93,3587,1556,12
0.19974151253700256,0.025278608317477577,0.8857142857142857,0.30274159051137467,0.04915433403805497,0.11344230300073188,0.5942279381128301,0.05764162685575803,93,3586,1557,12
0.1997680366039276,0.02528548123980424,0.8857142857142857,0.3029360295547346,0.04916732751784298,0.11346998535871157,0.5943251576345101,0.057690560492102805,93,3585,1558,12
0.19978559017181396,0.025292357900462335,0.8857142857142857,0.3031304685980945,0.04918032786885246,0.11349768123016842,0.5944223771561901,0.057739488178710524,93,3584,1559,12
0.19979125261306763,0.02529923830250272,0.8857142857142857,0.3033249076414544,0.049193335096535305,0.113525390625,0.59451959667787,0.05778840994260894,93,3583,1560,12
0.19984805583953857,0.025306122448979593,0.8857142857142857,0.3035193466848143,0.049206349206349205,0.11355311355311355,0.59461681619955,0.05783732581078883,93,3582,1561,12
0.19986563920974731,0.025313010342950464,0.8857142857142857,0.3037137857281742,0.049219370203757606,0.11358085002442599,0.5947140357212299,0.05788623581020407,93,3581,1562,12
0.19987910985946655,0.025319901987476176,0.8857142857142857,0.3039082247715341,0.04923239809422975,0.11360860004886392,0.5948112552429099,0.05793513996777184,93,3580,1563,12
0.19990210235118866,0.025326797385620915,0.8857142857142857,0.30410266381489404,0.04924543288324067,0.11363636363636363,0.5949084747645899,0.057984038310372694,93,3579,1564,12
0.2000243216753006,0.025333696540452193,0.8857142857142857,0.30429710285825395,0.04925847457627119,0.11366414079687118,0.5950056942862698,0.05803293086485067,93,3578,1565,12
0.20021812617778778,0.02534059945504087,0.8857142857142857,0.30449154190161387,0.049271523178807945,0.1136919315403423,0.5951029138079498,0.05808181765801346,93,3577,1566,12
0.2002245932817459,0.025347506132461162,0.8857142857142857,0.30468598094497373,0.0492845786963434,0.11371973587674249,0.5952001333296297,0.05813069871663248,93,3576,1567,12
0.20043405890464783,0.02535441657579062,0.8857142857142857,0.30488041998833365,0.049297641134375826,0.11374755381604697,0.5952973528513097,0.05817957406744305,93,3575,1568,12
0.20048218965530396,0.025361330788110172,0.8857142857142857,0.30507485903169357,0.049310710498409335,0.11377538536824076,0.5953945723729896,0.05822844373714442,93,3574,1569,12
0.20053310692310333,0.02536824877250409,0.8857142857142857,0.3052692980750535,0.049323786793953855,0.11380323054331865,0.5954917918946696,0.05827730775240002,93,3573,1570,12
0.2005751132965088,0.025375170532060027,0.8857142857142857,0.3054637371184134,0.0493368700265252,0.11383108935128519,0.5955890114163496,0.05832616613983744,93,3572,1571,12
0.2006032019853592,0.025382096069868996,0.8857142857142857,0.30565817616177327,0.049349960201645,0.11385896180215475,0.5956862309380295,0.05837501892604866,93,3571,1572,12
0.20067591965198517,0.025389025389025387,0.8857142857142857,0.3058526152051332,0.04936305732484077,0.11388684790595151,0.5957834504597095,0.05842386613759012,93,3570,1573,12
0.2008286863565445,0.02539595849262698,0.8857142857142857,0.3060470542484931,0.04937616140164587,0.11391474767270945,0.5958806699813894,0.05847270780098282,93,3569,1574,12
0.20087698101997375,0.025402895383774923,0.8857142857142857,0.306241493291853,0.04938927243759957,0.11394266111247243,0.5959778895030694,0.058521543942712494,93,3568,1575,12
0.2009572833776474,0.02540983606557377,0.8857142857142857,0.30643593233521293,0.04940239043824701,0.11397058823529412,0.5960751090247494,0.05857037458922966,93,3567,1576,12
0.20098431408405304,0.025416780541131456,0.8857142857142857,0.3066303713785728,0.049415515409139216,0.11399852905123804,0.5961723285464292,0.058619199766949806,93,3566,1577,12
0.2009863555431366,0.025423728813559324,0.8857142857142857,0.3068248104219327,0.04942864735583311,0.11402648357037763,0.5962695480681092,0.05866801950225346,93,3565,1578,12
0.2010156512260437,0.02543068088597211,0.8857142857142857,0.30701924946529263,0.049441786283891544,0.11405445180279618,0.5963667675897891,0.05871683382148632,93,3564,1579,12
0.20114964246749878,0.025437636761487966,0.8857142857142857,0.30721368850865255,0.04945493219888328,0.11408243375858684,0.5964639871114691,0.058765642750959364,93,3563,1580,12
0.2011665403842926,0.025444596443228454,0.8857142857142857,0.30740812755201247,0.04946808510638298,0.11411042944785275,0.596561206633149,0.05881444631694898,93,3562,1581,12
0.20121169090270996,0.025451559934318555,0.8857142857142857,0.30760256659537233,0.04948124501197127,0.11413843888070692,0.596658426154829,0.058863244545697066,93,3561,1582,12
0.20132668316364288,0.025458527237886667,0.8857142857142857,0.30779700563873225,0.0494944119212347,0.11416646206727228,0.596755645676509,0.05891203746341117,93,3560,1583,12
0.2013363093137741,0.02546549835706462,0.8857142857142857,0.30799144468209216,0.04950758583976577,0.11419449901768172,0.5968528651981889,0.058960825096264574,93,3559,1584,12
0.20137342810630798,0.025472473294987676,0.8857142857142857,0.3081858837254521,0.04952076677316294,0.11422254974207811,0.5969500847198689,0.05900960747039642,93,3558,1585,12
0.20137475430965424,0.02547945205479452,0.8857142857142857,0.308380322768812,0.04953395472703063,0.11425061425061425,0.5970473042415488,0.05905838461191184,93,3557,1586,12
0.2014949917793274,0.025486434639627294,0.8857142857142857,0.30857476181217186,0.049547149706979224,0.11427869255345294,0.5971445237632288,0.05910715654688204,93,3556,1587,12
0.2015695571899414,0.02549342105263158,0.8857142857142857,0.3087692008555318,0.0495603517186251,0.11430678466076696,0.5972417432849088,0.059155923301344435,93,3555,1588,12
0.20157448947429657,0.0255004112969564,0.8857142857142857,0.3089636398988917,0.04957356076759062,0.11433489058273912,0.5973389628065887,0.059204684901302755,93,3554,1589,12
0.20159129798412323,0.02550740537575425,0.8857142857142857,0.3091580789422516,0.049586776859504134,0.11436301032956223,0.5974361823282687,0.05925344137272717,93,3553,1590,12
0.20175103843212128,0.02551440329218107,0.8857142857142857,0.30935251798561153,0.0496,0.11439114391143912,0.5975334018499486,0.059302192741554384,93,3552,1591,12
0.20176444947719574,0.02552140504939627,0.8857142857142857,0.3095469570289714,0.04961323019471859,0.11441929133858268,0.5976306213716285,0.05935093903368775,93,3551,1592,12
0.20184436440467834,0.025528410650562723,0.8857142857142857,0.3097413960723313,0.049626467449306294,0.11444745262121585,0.5977278408933084,0.0593996802749974,93,3550,1593,12
0.2020549327135086,0.025535420098846788,0.8857142857142857,0.3099358351156912,0.049639711769415534,0.11447562776957164,0.5978250604149884,0.05944841649132033,93,3549,1594,12
0.20221172273159027,0.025542433397418293,0.8857142857142857,0.31013027415905114,0.04965296316070475,0.11450381679389313,0.5979222799366684,0.05949714770846051,93,3548,1595,12
0.2022424042224884,0.02554945054945055,0.8857142857142857,0.31032471320241106,0.04966622162883845,0.1145320197044335,0.5980194994583483,0.059545873952189056,93,3547,1596,12
0.2023613303899765,0.025556471558120363,0.8857142857142857,0.3105191522457709,0.049679487179487176,0.11456023651145603,0.5981167189800283,0.05959459524824425,93,3546,1597,12
0.20248447358608246,0.025563496426608025,0.8857142857142857,0.31071359128913084,0.04969275981832755,0.11458846722523411,0.5982139385017082,0.05964331162233171,93,3545,1598,12
0.2025272250175476,0.025570525158097334,0.8857142857142857,0.31090803033249076,0.049706039551042226,0.11461671185605127,0.5983111580233882,0.05969202310012448,93,3544,1599,12
0.20259319245815277,0.02557755775577558,0.8857142857142857,0.3111024693758507,0.04971932638331997,0.11464497041420119,0.5984083775450681,0.05974072970726314,93,3543,1600,12
0.20267190039157867,0.025584594222833563,0.8857142857142857,0.3112969084192106,0.04973262032085562,0.11467324290998766,0.5985055970667481,0.059789431469355926,93,3542,1601,12
0.20276957750320435,0.025591634562465604,0.8857142857142857,0.3114913474625705,0.04974592136935009,0.11470152935372471,0.5986028165884281,0.059838128411978816,93,3541,1602,12
0.20289894938468933,0.02559867877786953,0.8857142857142857,0.3116857865059304,0.04975922953451043,0.11472982975573649,0.598700036110108,0.059886820560675666,93,3540,1603,12
0.20290547609329224,0.025605726872246697,0.8857142857142857,0.3118802255492903,0.04977254482204977,0.11475814412635735,0.598797255631788,0.0599355079409583,93,3539,1604,12
0.20291179418563843,0.025612778848801983,0.8857142857142857,0.3120746645926502,0.04978586723768737,0.11478647247593186,0.5988944751534679,0.05998419057830663,93,3538,1605,12
0.20293572545051575,0.0256198347107438,0.8857142857142857,0.3122691036360101,0.04979919678714859,0.11481481481481481,0.5989916946751479,0.060032868498168745,93,3537,1606,12
0.20297881960868835,0.025626894461284102,0.8857142857142857,0.31246354267937004,0.04981253347616497,0.1148431711533712,0.5990889141968279,0.06008154172596103,93,3536,1607,12
0.20305724442005157,0.025633958103638367,0.8857142857142857,0.3126579817227299,0.04982587731047415,0.11487154150197629,0.5991861337185078,0.06013021028706828,93,3535,1608,12
0.20306481420993805,0.02564102564102564,0.8857142857142857,0.3128524207660898,0.04983922829581994,0.11489992587101557,0.5992833532401878,0.06017887420684379,93,3534,1609,12
0.2030850648880005,0.025648097076668507,0.8857142857142857,0.31304685980944974,0.04985258643795229,0.11492832427088483,0.5993805727618677,0.06022753351060948,93,3533,1610,12
0.20309770107269287,0.025655172413793104,0.8857142857142857,0.31324129885280966,0.04986595174262735,0.11495673671199011,0.5994777922835477,0.06027618822365599,93,3532,1611,12
0.20310144126415253,0.02566225165562914,0.8857142857142857,0.3134357378961696,0.0498793242156074,0.11498516320474778,0.5995750118052277,0.06032483837124277,93,3531,1612,12
0.2032461166381836,0.02566933480540988,0.8857142857142857,0.31363017693952944,0.049892703862660946,0.11501360375958447,0.5996722313269076,0.060373483978598236,93,3530,1613,12
0.20331384241580963,0.025400331308669245,0.8761904761904762,0.31363017693952944,0.04936946605849209,0.11380504700643246,0.5949103265650029,0.057479354386098934,92,3530,1613,13
0.20339186489582062,0.02540734603700635,0.8761904761904762,0.31382461598288935,0.04938271604938271,0.11383320960158376,0.5950075460866828,0.05752848928755675,92,3529,1614,13
0.2034272998571396,0.02541436464088398,0.8761904761904762,0.31401905502624927,0.049395973154362414,0.11386138613861387,0.5951047656083628,0.05757761897207048,92,3528,1615,13
0.20347927510738373,0.025421387123514782,0.8761904761904762,0.3142134940696092,0.04940923737916219,0.11388957662787819,0.5952019851300427,0.05762674346571869,92,3527,1616,13
0.20364265143871307,0.02542841348811498,0.8761904761904762,0.3144079331129691,0.049422508729519206,0.11391778107974244,0.5952992046517227,0.05767586279454712,92,3526,1617,13
0.20365452766418457,0.02543544373790434,0.8761904761904762,0.31460237215632897,0.049435787211176786,0.1139459995045826,0.5953964241734025,0.057724976984568764,92,3525,1618,13
0.20367343723773956,0.025442477876106196,0.8761904761904762,0.3147968111996889,0.04944907282988444,0.11397423191278494,0.5954936436950825,0.057774086061764,92,3524,1619,13
0.20367476344108582,0.02544951590594744,0.8761904761904762,0.3149912502430488,0.04946236559139785,0.11400247831474597,0.5955908632167625,0.0578231900520807,92,3523,1620,13
0.20368732511997223,0.02545655783065855,0.8761904761904762,0.3151856892864087,0.049475665501478895,0.11403073872087258,0.5956880827384424,0.05787228898143429,92,3522,1621,13
0.2036924660205841,0.025463603653473568,0.8761904761904762,0.31538012832976864,0.04948897256589564,0.11405901314158196,0.5957853022601224,0.05792138287570793,92,3521,1622,13
0.20369350910186768,0.02547065337763012,0.8761904761904762,0.3155745673731285,0.04950228679042239,0.11408730158730158,0.5958825217818023,0.057970471760752595,92,3520,1623,13
0.2037103921175003,0.025477707006369428,0.8761904761904762,0.3157690064164884,0.04951560818083961,0.11411560406846936,0.5959797413034823,0.05801955566238715,92,3519,1624,13
0.20382371544837952,0.02548476454293629,0.8761904761904762,0.31596344545984834,0.04952893674293405,0.1141439205955335,0.5960769608251623,0.058068634606398516,92,3518,1625,13
0.20383356511592865,0.025491825990579108,0.8761904761904762,0.31615788450320825,0.04954227248249865,0.11417225117895259,0.5961741803468422,0.058117708618541715,92,3517,1626,13
0.2038881629705429,0.025498891352549888,0.8761904761904762,0.31635232354656817,0.04955561540533261,0.11420059582919563,0.5962713998685222,0.05816677772454002,92,3516,1627,13
0.20393534004688263,0.02550596063210424,0.8761904761904762,0.31654676258992803,0.04956896551724138,0.114228954556742,0.5963686193902021,0.058215841950085064,92,3515,1628,13
0.2039566934108734,0.025513033832501388,0.8761904761904762,0.31674120163328795,0.04958232282403665,0.11425732737208147,0.5964658389118821,0.05826490132083689,92,3514,1629,13
0.20396365225315094,0.025520110957004162,0.8761904761904762,0.31693564067664787,0.04959568733153639,0.11428571428571428,0.596563058433562,0.05831395586242416,92,3513,1630,13
0.20399509370326996,0.025527192008879023,0.8761904761904762,0.3171300797200078,0.04960905904556484,0.1143141153081511,0.596660277955242,0.05836300560044413,92,3512,1631,13
0.20400553941726685,0.025534276991396057,0.8761904761904762,0.3173245187633677,0.04962243797195254,0.114342530449913,0.596757497476922,0.058412050560462885,92,3511,1632,13
0.20414765179157257,0.025541365907828985,0.8761904761904762,0.31751895780672756,0.04963582411653628,0.11437095972153158,0.5968547169986018,0.05846109076801533,92,3510,1633,13
0.2042810320854187,0.025548458761455152,0.8761904761904762,0.3177133968500875,0.0496492174851592,0.11439940313354886,0.5969519365202818,0.05851012624860538,92,3509,1634,13
0.20432426035404205,0.025555555555555557,0.8761904761904762,0.3179078358934474,0.049662618083670715,0.11442786069651742,0.5970491560419617,0.05855915702770603,92,3508,1635,13
0.20433104038238525,0.025562656293414837,0.8761904761904762,0.3181022749368073,0.04967602591792657,0.11445633242100024,0.5971463755636417,0.058608183130759446,92,3507,1636,13
0.20433296263217926,0.02556976097832129,0.8761904761904762,0.31829671398016723,0.049689440993788817,0.11448481831757093,0.5972435950853217,0.058657204583177094,92,3506,1637,13
0.20442180335521698,0.025576869613566863,0.8761904761904762,0.31849115302352715,0.04970286331712588,0.11451331839681354,0.5973408146070016,0.05870622141033982,92,3505,1638,13
0.20446476340293884,0.025583982202447165,0.8761904761904762,0.318685592066887,0.049716292893812485,0.1145418326693227,0.5974380341286816,0.05875523363759798,92,3504,1639,13
0.20449090003967285,0.025591098748261473,0.8761904761904762,0.31888003111024693,0.04972972972972973,0.11457036114570361,0.5975352536503615,0.058804241290271536,92,3503,1640,13
0.2045137584209442,0.025598219254312743,0.8761904761904762,0.31907447015360685,0.04974317383076507,0.114598903836572,0.5976324731720415,0.05885324439365012,92,3502,1641,13
0.20451703667640686,0.0256053437239076,0.8761904761904762,0.31926890919696677,0.04975662520281233,0.1146274607525542,0.5977296926937214,0.05890224297299319,92,3501,1642,13
0.2045474350452423,0.025612472160356347,0.8761904761904762,0.3194633482403267,0.04977008385177171,0.11465603190428714,0.5978269122154014,0.058951237053530114,92,3500,1643,13
0.20457883179187775,0.025619604566972987,0.8761904761904762,0.31965778728368655,0.049783549783549784,0.11468461730241834,0.5979241317370814,0.05900022666046026,92,3499,1644,13
0.20464996993541718,0.02562674094707521,0.8761904761904762,0.31985222632704646,0.04979702300405954,0.11471321695760599,0.5980213512587613,0.05904921181895309,92,3498,1645,13
0.20469392836093903,0.025633881303984397,0.8761904761904762,0.3200466653704064,0.04981050351922036,0.11474183088051883,0.5981185707804413,0.0590981925541483,92,3497,1646,13
0.20475290715694427,0.02564102564102564,0.8761904761904762,0.3202411044137663,0.04982399133495803,0.11477045908183632,0.5982157903021212,0.059147168891155885,92,3496,1647,13
0.2047640085220337,0.02564817396152774,0.8761904761904762,0.3204355434571262,0.04983748645720477,0.11479910157224857,0.5983130098238012,0.05919614085505624,92,3495,1648,13
0.20478267967700958,0.025655326268823202,0.8761904761904762,0.3206299825004861,0.04985098889189921,0.11482775836245632,0.5984102293454812,0.059245108470900296,92,3494,1649,13
0.20488370954990387,0.025662482566248257,0.8761904761904762,0.320824421543846,0.04986449864498645,0.11485642946317104,0.5985074488671611,0.05929407176370958,92,3493,1650,13
0.2051430493593216,0.025669642857142856,0.8761904761904762,0.3210188605872059,0.049878015722418,0.11488511488511488,0.5986046683888411,0.059343030758476314,92,3492,1651,13
0.20516473054885864,0.025676807144850683,0.8761904761904762,0.32121329963056583,0.049891540130151846,0.11491381463902073,0.598701887910521,0.05939198548016357,92,3491,1652,13
0.20517872273921967,0.02568397543271915,0.8761904761904762,0.32140773867392575,0.049905071874152426,0.11494252873563218,0.598799107432201,0.05944093595370529,92,3490,1653,13
0.2052202671766281,0.025691147724099413,0.8761904761904762,0.3216021777172856,0.049918610960390665,0.11497125718570357,0.598896326953881,0.05948988220400646,92,3489,1654,13
0.20530037581920624,0.02569832402234637,0.8761904761904762,0.3217966167606455,0.04993215739484396,0.115,0.5989935464755609,0.05953882425594313,92,3488,1655,13
0.20534321665763855,0.025705504330818665,0.8761904761904762,0.32199105580400544,0.0499457111834962,0.11502875718929732,0.5990907659972409,0.059587762134362586,92,3487,1656,13
0.20534826815128326,0.025712688652878703,0.8761904761904762,0.32218549484736536,0.04995927233233777,0.11505752876438219,0.5991879855189208,0.059636695864083426,92,3486,1657,13
0.2055242359638214,0.025719876991892647,0.8761904761904762,0.3223799338907253,0.049972840847365564,0.11508631473605203,0.5992852050406008,0.059685625469895615,92,3485,1658,13
0.2055525928735733,0.025727069351230425,0.8761904761904762,0.32257437293408514,0.04998641673458299,0.11511511511511512,0.5993824245622806,0.059734550976560635,92,3484,1659,13
0.205570250749588,0.025734265734265734,0.8761904761904762,0.32276881197744506,0.05,0.11514392991239049,0.5994796440839606,0.05978347240881157,92,3483,1660,13
0.20562531054019928,0.02574146614437605,0.8761904761904762,0.322963251020805,0.05001359064963305,0.11517275913870806,0.5995768636056406,0.059832389791353184,92,3482,1661,13
0.20562639832496643,0.025748670584942627,0.8761904761904762,0.3231576900641649,0.05002718868950517,0.11520160280490858,0.5996740831273205,0.05988130314886204,92,3481,1662,13
0.20569021999835968,0.025755879059350503,0.8761904761904762,0.3233521291075248,0.05004079412564591,0.11523046092184369,0.5997713026490005,0.05993021250598656,92,3480,1663,13
0.20578612387180328,0.02576309157098852,0.8761904761904762,0.3235465681508847,0.05005440696409141,0.11525933350037584,0.5998685221706804,0.0599791178873472,92,3479,1664,13
0.2057945281267166,0.0257703081232493,0.8761904761904762,0.3237410071942446,0.05006802721088435,0.11528822055137844,0.5999657416923604,0.06002801931753644,92,3478,1665,13
0.20581969618797302,0.02577752871952928,0.8761904761904762,0.3239354462376045,0.050081654872074034,0.11531712208573577,0.6000629612140403,0.06007691682111895,92,3477,1666,13
0.2058240920305252,0.0257847533632287,0.8761904761904762,0.3241298852809644,0.05009528995371631,0.11534603811434303,0.6001601807357203,0.06012581042263169,92,3476,1667,13
0.205829918384552,0.02579198205775161,0.8761904761904762,0.32432432432432434,0.05010893246187364,0.11537496864810634,0.6002574002574003,0.06017470014658396,92,3475,1668,13
0.20588992536067963,0.025799214806505887,0.8761904761904762,0.3245187633676842,0.05012258240261509,0.1154039136979428,0.6003546197790802,0.06022358601745752,92,3474,1669,13
0.20592178404331207,0.025806451612903226,0.8761904761904762,0.3247132024110441,0.05013623978201635,0.11543287327478043,0.6004518393007602,0.06027246805970668,92,3473,1670,13
0.20595034956932068,0.025813692480359147,0.8761904761904762,0.32490764145440404,0.050149904606159715,0.11546184738955824,0.6005490588224401,0.06032134629775842,92,3472,1671,13
0.20596808195114136,0.02582093741229301,0.8761904761904762,0.32510208049776396,0.05016357688113413,0.11549083605322621,0.6006462783441201,0.060370220756012435,92,3471,1672,13
0.20599175989627838,0.02582818641212802,0.8761904761904762,0.3252965195411239,0.05017725661303518,0.11551983927674535,0.6007434978658001,0.060419091458841265,92,3470,1673,13
0.20605063438415527,0.02583543948329121,0.8761904761904762,0.3254909585844838,0.050190943807965085,0.11554885707108767,0.60084071738748,0.06046795843059038,92,3469,1674,13
0.20615173876285553,0.025842696629213482,0.8761904761904762,0.32568539762784365,0.05020463847203274,0.11557788944723618,0.6009379369091599,0.06051682169557826,92,3468,1675,13
0.20622703433036804,0.025849957853329587,0.8761904761904762,0.32587983667120357,0.05021834061135371,0.11560693641618497,0.6010351564308398,0.06056568127809652,92,3467,1676,13
0.20627547800540924,0.025857223159078135,0.8761904761904762,0.3260742757145635,0.050232050232050234,0.11563599798893917,0.6011323759525198,0.06061453720240997,92,3466,1677,13
0.20630449056625366,0.025864492549901603,0.8761904761904762,0.3262687147579234,0.05024576734025123,0.11566507417651496,0.6012295954741997,0.0606633894927567,92,3465,1678,13
0.20634034276008606,0.025871766029246346,0.8761904761904762,0.3264631538012833,0.050259491942092324,0.11569416498993963,0.6013268149958797,0.060712238173348226,92,3464,1679,13
0.20635156333446503,0.025879043600562587,0.8761904761904762,0.3266575928446432,0.05027322404371585,0.11572327044025157,0.6014240345175597,0.06076108326836954,92,3463,1680,13
0.2063530534505844,0.025886325267304444,0.8761904761904762,0.3268520318880031,0.05028696365127084,0.11575239053850025,0.6015212540392396,0.0608099248019792,92,3462,1681,13
0.20639944076538086,0.02589361103292992,0.8761904761904762,0.327046470931363,0.05030071077091307,0.11578152529574628,0.6016184735609196,0.06085876279830942,92,3461,1682,13
0.20643706619739532,0.0259009009009009,0.8761904761904762,0.32724090997472294,0.050314465408805034,0.11581067472306143,0.6017156930825995,0.060907597281466205,92,3460,1683,13
0.20645993947982788,0.02590819487468319,0.8761904761904762,0.32743534901808286,0.05032822757111598,0.11583983883152858,0.6018129126042795,0.06095642827552938,92,3459,1684,13
0.2065904438495636,0.025915492957746478,0.8761904761904762,0.3276297880614427,0.05034199726402189,0.11586901763224182,0.6019101321259595,0.06100525580455272,92,3458,1685,13
0.2066624015569687,0.025922795153564385,0.8761904761904762,0.32782422710480263,0.05035577449370553,0.11589821113630637,0.6020073516476394,0.06105407989256403,92,3457,1686,13
0.20673902332782745,0.02593010146561443,0.8761904761904762,0.32801866614816255,0.05036955926635642,0.1159274193548387,0.6021045711693194,0.061102900563565245,92,3456,1687,13
0.20674265921115875,0.025937411897378065,0.8761904761904762,0.32821310519152247,0.050383351588170866,0.11595664229896648,0.6022017906909993,0.06115171784153249,92,3455,1688,13
0.20674949884414673,0.025944726452340666,0.8761904761904762,0.3284075442348824,0.05039715146535196,0.11598587997982854,0.6022990102126793,0.06120053175041621,92,3454,1689,13
0.2068377137184143,0.025952045133991537,0.8761904761904762,0.32860198327824225,0.05041095890410959,0.11601513240857503,0.6023962297343592,0.06124934231414124,92,3453,1690,13
0.20690877735614777,0.025959367945823927,0.8761904761904762,0.32879642232160217,0.050424773910660456,0.11604439959636731,0.6024934492560392,0.061298149556606875,92,3452,1691,13
0.20702365040779114,0.025966694891335025,0.8761904761904762,0.3289908613649621,0.05043859649122807,0.116073681554378,0.6025906687777192,0.061346953501687,92,3451,1692,13
0.20707106590270996,0.025974025974025976,0.8761904761904762,0.329185300408322,0.050452426652042776,0.11610297829379101,0.6026878882993991,0.06139575417323014,92,3450,1693,13
0.20717275142669678,0.025981361197401864,0.8761904761904762,0.3293797394516819,0.050466264399341744,0.11613228982580157,0.6027851078210791,0.061444551595059585,92,3449,1694,13
0.20717734098434448,0.02598870056497175,0.8761904761904762,0.3295741784950418,0.050480109739369,0.11616161616161616,0.602882327342759,0.061493345790973424,92,3448,1695,13
0.20726719498634338,0.025996044080248658,0.8761904761904762,0.3297686175384017,0.050493962678375415,0.11619095731245264,0.602979546864439,0.061542136784744725,92,3447,1696,13
0.20745432376861572,0.026003391746749576,0.8761904761904762,0.3299630565817616,0.05050782322261872,0.11622031328954018,0.603076766386119,0.061590924600121506,92,3446,1697,13
0.20757579803466797,0.026010743567995476,0.8761904761904762,0.33015749562512153,0.050521691378363535,0.11624968410411929,0.6031739859077989,0.06163970926082692,92,3445,1698,13
0.20759260654449463,0.026018099547511313,0.8761904761904762,0.33035193466848145,0.05053556715188135,0.11627906976744186,0.6032712054294789,0.0616884907905593,92,3444,1699,13
0.20761394500732422,0.026025459688826025,0.8761904761904762,0.3305463737118413,0.05054945054945055,0.11630847029077118,0.6033684249511587,0.06173726921299224,92,3443,1700,13
0.2076583057641983,0.02603282399547255,0.8761904761904762,0.33074081275520123,0.05056334157735642,0.11633788568538189,0.6034656444728387,0.0617860445517747,92,3442,1701,13
0.20770443975925446,0.02604019247098783,0.8761904761904762,0.33093525179856115,0.05057724024189115,0.11636731596256009,0.6035628639945186,0.061834816830531075,92,3441,1702,13
0.20783156156539917,0.026047565118912798,0.8761904761904762,0.33112969084192106,0.050591146549353865,0.11639676113360324,0.6036600835161986,0.061883586072861325,92,3440,1703,13
0.20784509181976318,0.02605494194279241,0.8761904761904762,0.331324129885281,0.050605060506050605,0.1164262212098203,0.6037573030378786,0.06193235230234099,92,3439,1704,13
0.2078852504491806,0.026062322946175637,0.8761904761904762,0.33151856892864084,0.05061898211829436,0.11645569620253164,0.6038545225595585,0.06198111554252133,92,3438,1705,13
0.20795342326164246,0.02606970813261547,0.8761904761904762,0.33171300797200076,0.05063291139240506,0.11648518612306913,0.6039517420812385,0.06202987581692941,92,3437,1706,13
0.20796579122543335,0.026077097505668934,0.8761904761904762,0.3319074470153607,0.05064684833470961,0.11651469098277609,0.6040489616029184,0.06207863314906815,92,3436,1707,13
0.20797841250896454,0.02608449106889708,0.8761904761904762,0.3321018860587206,0.05066079295154185,0.11654421079300735,0.6041461811245984,0.06212738756241642,92,3435,1708,13
0.20808885991573334,0.026091888825865002,0.8761904761904762,0.3322963251020805,0.050674745249242634,0.11657374556512924,0.6042434006462784,0.06217613908042919,92,3434,1709,13
0.20809517800807953,0.026099290780141844,0.8761904761904762,0.33249076414544043,0.05068870523415978,0.11660329531051965,0.6043406201679583,0.06222488772653751,92,3433,1710,13
0.20810800790786743,0.026106696935300794,0.8761904761904762,0.3326852031888003,0.050702672912648114,0.11663286004056796,0.6044378396896383,0.062273633524148664,92,3432,1711,13
0.20835311710834503,0.026114107294919104,0.8761904761904762,0.3328796422321602,0.050716648291069456,0.11666243976667512,0.6045350592113182,0.06232237649664622,92,3431,1712,13
0.20840027928352356,0.02612152186257808,0.8761904761904762,0.33307408127552013,0.050730631375792666,0.11669203450025367,0.6046322787329982,0.06237111666739018,92,3430,1713,13
0.20843805372714996,0.026128940641863108,0.8761904761904762,0.33326852031888005,0.0507446221731936,0.11672164425272774,0.6047294982546781,0.06241985405971696,92,3429,1714,13
0.20858581364154816,0.026136363636363635,0.8761904761904762,0.33346295936223996,0.05075862068965517,0.116751269035533,0.6048267177763581,0.06246858869693955,92,3428,1715,13
0.20860861241817474,0.026143790849673203,0.8761904761904762,0.3336573984055998,0.05077262693156733,0.11678090886011679,0.604923937298038,0.06251732060234759,92,3427,1716,13
0.2086229771375656,0.026151222285389426,0.8761904761904762,0.33385183744895974,0.05078664090532708,0.11681056373793804,0.6050211568197179,0.0625660497992074,92,3426,1717,13
0.20866960287094116,0.026158657947114018,0.8761904761904762,0.33404627649231966,0.05080066261733849,0.11684023368046736,0.6051183763413979,0.06261477631076215,92,3425,1718,13
0.2087363302707672,0.026166097838452786,0.8761904761904762,0.3342407155356796,0.0508146920740127,0.11686991869918699,0.6052155958630778,0.06266350016023188,92,3424,1719,13
0.20877155661582947,0.026173541963015648,0.8761904761904762,0.3344351545790395,0.05082872928176796,0.11689961880559085,0.6053128153847578,0.06271222137081357,92,3423,1720,13
0.2087903469800949,0.02618099032441662,0.8761904761904762,0.33462959362239936,0.050842774247029564,0.11692933401118455,0.6054100349064377,0.0627609399656813,92,3422,1721,13
0.20879384875297546,0.02618844292627384,0.8761904761904762,0.3348240326657593,0.05085682697622996,0.11695906432748537,0.6055072544281177,0.06280965596798624,92,3421,1722,13
0.2087961584329605,0.02619589977220957,0.8761904761904762,0.3350184717091192,0.05087088747580868,0.11698880976602238,0.6056044739497977,0.0628583694008568,92,3420,1723,13
0.20893049240112305,0.026203360865850185,0.8761904761904762,0.3352129107524791,0.05088495575221239,0.1170185703383363,0.6057016934714776,0.06290708028739868,92,3419,1724,13
0.20901283621788025,0.02621082621082621,0.8761904761904762,0.335407349795839,0.05089903181189488,0.11704834605597965,0.6057989129931576,0.06295578865069497,92,3418,1725,13
0.20906563103199005,0.0262182958107723,0.8761904761904762,0.3356017888391989,0.0509131156613171,0.11707813693051668,0.6058961325148375,0.06300449451380619,92,3417,1726,13
0.20908161997795105,0.026225769669327253,0.8761904761904762,0.3357962278825588,0.050927207306947136,0.11710794297352342,0.6059933520365175,0.06305319789977042,92,3416,1727,13
0.2091195434331894,0.02623324779013402,0.8761904761904762,0.3359906669259187,0.05094130675526024,0.11713776419658772,0.6060905715581975,0.06310189883160337,92,3415,1728,13
0.2092389166355133,0.026240730176839703,0.8761904761904762,0.33618510596927864,0.050955414012738856,0.11716760061130922,0.6061877910798774,0.06315059733229847,92,3414,1729,13
0.2092621624469757,0.026248216833095576,0.8761904761904762,0.33637954501263856,0.05096952908587258,0.11719745222929936,0.6062850106015574,0.0631992934248269,92,3413,1730,13
0.20927152037620544,0.026255707762557076,0.8761904761904762,0.3365739840559984,0.050983651981158215,0.11722731906218145,0.6063822301232373,0.0632479871321377,92,3412,1731,13
0.20938068628311157,0.026263202968883813,0.8761904761904762,0.33676842309935834,0.050997782705099776,0.11725720112159062,0.6064794496449173,0.06329667847715789,92,3411,1732,13
0.20939093828201294,0.026270702455739578,0.8761904761904762,0.33696286214271826,0.05101192126420848,0.1172870984191739,0.6065766691665972,0.06334536748279249,92,3410,1733,13
0.20950937271118164,0.026278206226792344,0.8761904761904762,0.3371573011860782,0.051026067665002776,0.11731701096659015,0.6066738886882772,0.06339405417192463,92,3409,1734,13
0.2095138132572174,0.026285714285714287,0.8761904761904762,0.3373517402294381,0.051040221914008324,0.11734693877551021,0.6067711082099572,0.06344273856741564,92,3408,1735,13
0.20953109860420227,0.026293226636181766,0.8761904761904762,0.33754617927279795,0.051054384017758046,0.11737688185761674,0.6068683277316371,0.06349142069210507,92,3407,1736,13
0.20954112708568573,0.026300743281875358,0.8761904761904762,0.33774061831615787,0.051068553982792114,0.11740684022460439,0.6069655472533171,0.06354010056881089,92,3406,1737,13
0.2096148431301117,0.02630826422647984,0.8761904761904762,0.3379350573595178,0.05108273181565797,0.11743681388817973,0.607062766774997,0.0635887782203294,92,3405,1738,13
0.2097279131412506,0.02631578947368421,0.8761904761904762,0.3381294964028777,0.051096917522910304,0.11746680286006128,0.607159986296677,0.06363745366943549,92,3404,1739,13
0.2097627967596054,0.02632331902718169,0.8761904761904762,0.3383239354462376,0.051111111111111114,0.11749680715197956,0.607257205818357,0.06368612693888255,92,3403,1740,13
0.20979610085487366,0.02633085289066972,0.8761904761904762,0.3385183744895975,0.051125312586829674,0.11752682677567705,0.6073544253400368,0.06373479805140267,92,3402,1741,13
0.20981918275356293,0.026338391067849985,0.8761904761904762,0.3387128135329574,0.05113952195664258,0.11755686174290826,0.6074516448617168,0.06378346702970668,92,3401,1742,13
0.20991848409175873,0.026345933562428408,0.8761904761904762,0.3389072525763173,0.051153739227133725,0.11758691206543967,0.6075488643833967,0.06383213389648422,92,3400,1743,13
0.20997461676597595,0.026353480378115152,0.8761904761904762,0.33910169161967724,0.05116796440489433,0.11761697775504985,0.6076460839050767,0.0638807986744038,92,3399,1744,13
0.21002738177776337,0.026361031518624643,0.8761904761904762,0.33929613066303715,0.051182197496522946,0.11764705882352941,0.6077433034267566,0.06392946138611293,92,3398,1745,13
0.2100476622581482,0.026368586987675552,0.8761904761904762,0.33949056970639707,0.051196438508625486,0.117677155282681,0.6078405229484366,0.06397812205423815,92,3397,1746,13
0.2101353257894516,0.026376146788990827,0.8761904761904762,0.33968500874975693,0.0512106874478152,0.11770726714431934,0.6079377424701166,0.06402678070138514,92,3396,1747,13
0.21024072170257568,0.02638371092629768,0.8761904761904762,0.33987944779311685,0.051224944320712694,0.11773739442027131,0.6080349619917965,0.06407543735013875,92,3395,1748,13
0.21033425629138947,0.026391279403327597,0.8761904761904762,0.34007388683647677,0.05123920913394597,0.11776753712237584,0.6081321815134765,0.06412409202306314,92,3394,1749,13
0.21033835411071777,0.026398852223816355,0.8761904761904762,0.3402683258798367,0.05125348189415042,0.117797695262484,0.6082294010351564,0.06417274474270182,92,3393,1750,13
0.21038511395454407,0.02640642939150402,0.8761904761904762,0.3404627649231966,0.051267762607968795,0.11782786885245902,0.6083266205568364,0.06422139553157773,92,3392,1751,13
0.2104683816432953,0.02641401091013494,0.8761904761904762,0.34065720396655647,0.05128205128205128,0.11785805790417628,0.6084238400785164,0.06427004441219329,92,3391,1752,13
0.21051852405071259,0.026421596783457783,0.8761904761904762,0.3408516430099164,0.05129634792305548,0.11788826242952333,0.6085210596001963,0.06431869140703057,92,3390,1753,13
0.21061955392360687,0.02642918701522551,0.8761904761904762,0.3410460820532763,0.051310652537646405,0.1179184824403999,0.6086182791218763,0.06436733653855123,92,3389,1754,13
0.21064847707748413,0.026436781609195402,0.8761904761904762,0.3412405210966362,0.051324965132496514,0.11794871794871795,0.6087154986435562,0.06441597982919668,92,3388,1755,13
0.2107040137052536,0.02644438056912906,0.8761904761904762,0.34143496013999614,0.05133928571428571,0.11797896896640164,0.6088127181652362,0.0644646213013882,92,3387,1756,13
0.21073812246322632,0.02645198389879241,0.8761904761904762,0.341629399183356,0.051353614289701366,0.11800923550538737,0.608909937686916,0.0645132609775269,92,3386,1757,13
0.21078166365623474,0.02645959160195571,0.8761904761904762,0.3418238382267159,0.0513679508654383,0.1180395175776238,0.609007157208596,0.06456189887999385,92,3385,1758,13
0.21090266108512878,0.0261795166858458,0.8666666666666667,0.3418238382267159,0.05082379223680536,0.1167864476386037,0.6042452524466913,0.06173300959033858,91,3385,1758,14
0.21091878414154053,0.02618705035971223,0.8666666666666667,0.34201827727007583,0.050837988826815644,0.11681643132220795,0.6043424719683712,0.06178204172598946,91,3384,1759,14
0.21093150973320007,0.026194588370754175,0.8666666666666667,0.34221271631343575,0.050852193350097795,0.11684643040575243,0.6044396914900512,0.06183107152334591,91,3383,1760,14
0.2109822928905487,0.02620213072271811,0.8666666666666667,0.34240715535679567,0.05086640581330352,0.11687644490110455,0.6045369110117311,0.06188009900540306,91,3382,1761,14
0.2110147923231125,0.02620967741935484,0.8666666666666667,0.34260159440015553,0.050880626223091974,0.11690647482014388,0.6046341305334111,0.06192912419513475,91,3381,1762,14
0.21101900935173035,0.026217228464419477,0.8666666666666667,0.34279603344351545,0.05089485458612975,0.11693652017476228,0.604731350055091,0.061978147115493674,91,3380,1763,14
0.21111765503883362,0.02622478386167147,0.8666666666666667,0.34299047248687536,0.05090909090909091,0.11696658097686376,0.604828569576771,0.062027167789411426,91,3379,1764,14
0.2111475020647049,0.026232343614874604,0.8666666666666667,0.3431849115302353,0.050923335198656966,0.11699665723836462,0.604925789098451,0.06207618623979855,91,3378,1765,14
0.21124699711799622,0.026239907727797,0.8666666666666667,0.3433793505735952,0.050937587461516935,0.11702674897119342,0.6050230086201309,0.06212520248954467,91,3377,1766,14
0.21131068468093872,0.026247476204211133,0.8666666666666667,0.34357378961695506,0.0509518477043673,0.11705685618729098,0.6051202281418109,0.06217421656151855,91,3376,1767,14
0.2115277647972107,0.026255049047893827,0.8666666666666667,0.343768228660315,0.05096611593391207,0.1170869788986104,0.6052174476634908,0.06222322847856814,91,3375,1768,14
0.21155233681201935,0.026262626262626262,0.8666666666666667,0.3439626677036749,0.050980392156862744,0.11711711711711711,0.6053146671851708,0.0622722382635207,91,3374,1769,14
0.21157534420490265,0.026270207852193996,0.8666666666666667,0.3441571067470348,0.05099467637993836,0.11714727085478888,0.6054118867068508,0.06232124593918283,91,3373,1770,14
0.21163421869277954,0.026277793820386947,0.8666666666666667,0.34435154579039473,0.05100896860986547,0.11717744012361576,0.6055091062285307,0.0623702515283406,91,3372,1771,14
0.21170806884765625,0.02628538417099942,0.8666666666666667,0.3445459848337546,0.05102326885337819,0.1172076249356002,0.6056063257502107,0.06241925505375955,91,3371,1772,14
0.21172603964805603,0.026292978907830108,0.8666666666666667,0.3447404238771145,0.05103757711721817,0.11723782530275702,0.6057035452718906,0.06246825653818487,91,3370,1773,14
0.21173137426376343,0.02630057803468208,0.8666666666666667,0.3449348629204744,0.051051893408134645,0.1172680412371134,0.6058007647935706,0.06251725600434138,91,3369,1774,14
0.21176713705062866,0.02630818155536282,0.8666666666666667,0.34512930196383435,0.051066217732884396,0.11729827275070895,0.6058979843152505,0.06256625347493365,91,3368,1775,14
0.21187849342823029,0.02631578947368421,0.8666666666666667,0.34532374100719426,0.05108055009823183,0.11732851985559567,0.6059952038369305,0.06261524897264606,91,3367,1776,14
0.21189731359481812,0.02632340179346254,0.8666666666666667,0.3455181800505541,0.051094890510948905,0.11735878256383801,0.6060924233586105,0.06266424252014292,91,3366,1777,14
0.21205857396125793,0.026331018518518517,0.8666666666666667,0.34571261909391404,0.05110923897781522,0.1173890608875129,0.6061896428802904,0.06271323414006848,91,3365,1778,14
0.21211794018745422,0.02633863965267728,0.8666666666666667,0.34590705813727396,0.05112359550561798,0.11741935483870967,0.6062868624019704,0.06276222385504703,91,3364,1779,14
0.21220014989376068,0.026346265199768383,0.8666666666666667,0.3461014971806339,0.05113796010115201,0.1174496644295302,0.6063840819236503,0.06281121168768299,91,3363,1780,14
0.21221111714839935,0.026353895163625834,0.8666666666666667,0.3462959362239938,0.051152332771219784,0.11747998967208882,0.6064813014453303,0.06286019766056097,91,3362,1781,14
0.21239347755908966,0.026361529548088066,0.8666666666666667,0.3464903752673537,0.051166713522631434,0.1175103305785124,0.6065785209670103,0.06290918179624588,91,3361,1782,14
0.21247030794620514,0.02636916835699797,0.8666666666666667,0.3466848143107136,0.051181102362204724,0.11754068716094032,0.6066757404886901,0.06295816411728292,91,3360,1783,14
0.2124703824520111,0.0263768115942029,0.8666666666666667,0.3468792533540735,0.05119549929676512,0.11757105943152454,0.6067729600103701,0.06300714464619772,91,3359,1784,14
0.21261173486709595,0.026384459263554653,0.8666666666666667,0.3470736923974334,0.051209904333145755,0.11760144740242957,0.60687017953205,0.06305612340549643,91,3358,1785,14
0.21265946328639984,0.026392111368909513,0.8666666666666667,0.3472681314407933,0.051224317478187446,0.11763185108583248,0.60696739905373,0.06310510041766576,91,3357,1786,14
0.2126932442188263,0.02639976791412823,0.8666666666666667,0.34746257048415324,0.051238738738738736,0.11766227049392294,0.6070646185754099,0.06315407570517301,91,3356,1787,14
0.21270959079265594,0.02640742890307603,0.8666666666666667,0.3476570095275131,0.051253168121655875,0.11769270563890326,0.6071618380970899,0.06320304929046625,91,3355,1788,14
0.21279217302799225,0.026415094339622643,0.8666666666666667,0.347851448570873,0.05126760563380282,0.11772315653298836,0.6072590576187699,0.06325202119597428,91,3354,1789,14
0.21281865239143372,0.026422764227642278,0.8666666666666667,0.34804588761423294,0.05128205128205128,0.11775362318840579,0.6073562771404498,0.06330099144410682,91,3353,1790,14
0.21285229921340942,0.02643043857101365,0.8666666666666667,0.34824032665759286,0.05129650507328072,0.1177841056173958,0.6074534966621298,0.06334996005725446,91,3352,1791,14
0.21290715038776398,0.02643811737361999,0.8666666666666667,0.3484347657009528,0.051310967014378345,0.11781460383221129,0.6075507161838097,0.06339892705778885,91,3351,1792,14
0.21292254328727722,0.026445800639349027,0.8666666666666667,0.34862920474431264,0.05132543711223914,0.11784511784511785,0.6076479357054897,0.06344789246806265,91,3350,1793,14
0.21295414865016937,0.026453488372093024,0.8666666666666667,0.34882364378767255,0.051339915373765865,0.11787564766839378,0.6077451552271697,0.06349685631040972,91,3349,1794,14
0.21298949420452118,0.026461180575748765,0.8666666666666667,0.3490180828310325,0.051354401805869074,0.11790619331433014,0.6078423747488496,0.06354581860714512,91,3348,1795,14
0.21308696269989014,0.02646887725421757,0.8666666666666667,0.3492125218743924,0.051368896415467116,0.11793675479523069,0.6079395942705296,0.06359477938056521,91,3347,1796,14
0.2131204754114151,0.026476578411405296,0.8666666666666667,0.3494069609177523,0.05138339920948617,0.11796733212341198,0.6080368137922095,0.06364373865294769,91,3346,1797,14
0.2131648063659668,0.026484284051222353,0.8666666666666667,0.34960139996111217,0.05139791019486021,0.11799792531120332,0.6081340333138894,0.06369269644655172,91,3345,1798,14
0.21321626007556915,0.026491994177583696,0.8666666666666667,0.3497958390044721,0.05141242937853107,0.11802853437094682,0.6082312528355693,0.06374165278361796,91,3344,1799,14
0.2132730633020401,0.02649970879440885,0.8666666666666667,0.349990278047832,0.051426956767448434,0.1180591593149974,0.6083284723572493,0.06379060768636867,91,3343,1800,14
0.21335232257843018,0.026507427905621904,0.8666666666666667,0.3501847170911919,0.05144149236856981,0.11808980015572282,0.6084256918789293,0.0638395611770077,91,3342,1801,14
0.2133658081293106,0.026515151515151516,0.8666666666666667,0.35037915613455184,0.05145603618886062,0.11812045690550363,0.6085229114006092,0.06388851327772069,91,3341,1802,14
0.21340054273605347,0.026522879626930923,0.8666666666666667,0.3505735951779117,0.051470588235294115,0.11815112957673332,0.6086201309222892,0.06393746401067502,91,3340,1803,14
0.21347668766975403,0.026530612244897958,0.8666666666666667,0.3507680342212716,0.05148514851485148,0.11818181818181818,0.6087173504439691,0.06398641339801994,91,3339,1804,14
0.2134883552789688,0.026538349372995044,0.8666666666666667,0.35096247326463154,0.05149971703452179,0.11821252273317745,0.6088145699656491,0.06403536146188667,91,3338,1805,14
0.21354739367961884,0.026546091015169197,0.8666666666666667,0.35115691230799145,0.05151429380130201,0.11824324324324324,0.608911789487329,0.0640843082243884,91,3337,1806,14
0.21355322003364563,0.026553837175372047,0.8666666666666667,0.35135135135135137,0.051528878822197054,0.11827397972446062,0.609009009009009,0.0641332537076204,91,3336,1807,14
0.21367506682872772,0.026561587857559837,0.8666666666666667,0.35154579039471123,0.051543472104219765,0.11830473218928757,0.609106228530689,0.06418219793366005,91,3335,1808,14
0.2137017399072647,0.026569343065693432,0.8666666666666667,0.35174022943807115,0.05155807365439093,0.11833550065019506,0.6092034480523689,0.06423114092456703,91,3334,1809,14
0.2138863205909729,0.026577102803738317,0.8666666666666667,0.35193466848143107,0.051572683479739305,0.11836628511966701,0.6093006675740489,0.06428008270238321,91,3333,1810,14
0.21392668783664703,0.026584867075664622,0.8666666666666667,0.352129107524791,0.051587301587301584,0.11839708561020036,0.6093978870957288,0.06432902328913286,91,3332,1811,14
0.21395260095596313,0.026592635885447108,0.8666666666666667,0.3523235465681509,0.051601927984122484,0.11842790213430505,0.6094951066174088,0.06437796270682265,91,3331,1812,14
0.21404202282428741,0.026600409237065185,0.8666666666666667,0.35251798561151076,0.05161656267725468,0.11845873470450403,0.6095923261390888,0.06442690097744178,91,3330,1813,14
0.21405437588691711,0.026608187134502925,0.8666666666666667,0.3527124246548707,0.05163120567375887,0.11848958333333333,0.6096895456607687,0.06447583812296197,91,3329,1814,14
0.21406106650829315,0.026615969581749048,0.8666666666666667,0.3529068636982306,0.051645856980703744,0.11852044803334201,0.6097867651824487,0.06452477416533757,91,3328,1815,14
0.21411968767642975,0.02662375658279696,0.8666666666666667,0.3531013027415905,0.05166051660516605,0.11855132881709224,0.6098839847041286,0.06457370912650565,91,3327,1816,14
0.21417759358882904,0.026631548141644718,0.8666666666666667,0.35329574178495043,0.05167518455423055,0.11858222569715923,0.6099812042258086,0.06462264302838604,91,3326,1817,14
0.21427923440933228,0.02663934426229508,0.8666666666666667,0.35349018082831035,0.05168986083499006,0.11861313868613138,0.6100784237474886,0.06467157589288139,91,3325,1818,14
0.21435575187206268,0.026647144948755492,0.8666666666666667,0.3536846198716702,0.051704545454545454,0.11864406779661017,0.6101756432691685,0.06472050774187728,91,3324,1819,14
0.2143688052892685,0.026654950205038077,0.8666666666666667,0.35387905891503013,0.051719238420005684,0.11867501304121023,0.6102728627908485,0.06476943859724223,91,3323,1820,14
0.21439072489738464,0.026662760035159685,0.8666666666666667,0.35407349795839005,0.05173393973848778,0.11870597443255936,0.6103700823125284,0.06481836848082782,91,3322,1821,14
0.21443279087543488,0.026670574443141852,0.8666666666666667,0.35426793700174997,0.05174864941711686,0.11873695198329853,0.6104673018342084,0.06486729741446874,91,3321,1822,14
0.21445126831531525,0.026678393433010848,0.8666666666666667,0.3544623760451099,0.051763367463026164,0.11876794570608196,0.6105645213558883,0.06491622541998285,91,3320,1823,14
0.21453358232975006,0.026686217008797655,0.8666666666666667,0.35465681508846975,0.051778093883357044,0.11879895561357702,0.6106617408775682,0.06496515251917122,91,3319,1824,14
0.2145865112543106,0.026694045174537988,0.8666666666666667,0.35485125413182966,0.05179282868525897,0.11882998171846434,0.6107589603992482,0.06501407873381829,91,3318,1825,14
0.21460804343223572,0.0267018779342723,0.8666666666666667,0.3550456931751896,0.05180757187588955,0.11886102403343783,0.6108561799209281,0.06506300408569182,91,3317,1826,14
0.21464094519615173,0.02670971529204579,0.8666666666666667,0.3552401322185495,0.051822323462414575,0.1188920825712046,0.6109533994426081,0.06511192859654308,91,3316,1827,14
0.214830219745636,0.026717557251908396,0.8666666666666667,0.3554345712619094,0.05183708345200797,0.11892315734448511,0.611050618964288,0.0651608522881068,91,3315,1828,14
0.21485242247581482,0.02672540381791483,0.8666666666666667,0.3556290103052693,0.05185185185185185,0.11895424836601307,0.611147838485968,0.06520977518210128,91,3314,1829,14
0.2149461954832077,0.02673325499412456,0.8666666666666667,0.3558234493486292,0.05186662866913651,0.11898535564853556,0.611245058007648,0.06525869730022849,91,3313,1830,14
0.21495406329631805,0.026741110784601823,0.8666666666666667,0.3560178883919891,0.05188141391106044,0.11901647920481298,0.6113422775293279,0.06530761866417413,91,3312,1831,14
0.21500511467456818,0.026748971193415638,0.8666666666666667,0.35621232743534903,0.05189620758483034,0.11904761904761904,0.6114394970510079,0.06535653929560765,91,3311,1832,14
0.21500974893569946,0.026756836224639813,0.8666666666666667,0.35640676647870895,0.05191100969766115,0.1190787751897409,0.6115367165726878,0.06540545921618234,91,3310,1833,14
0.2150857150554657,0.02676470588235294,0.8666666666666667,0.3566012055220688,0.051925820256776035,0.11910994764397906,0.6116339360943678,0.0654543784475354,91,3309,1834,14
0.21510934829711914,0.026772580170638424,0.8666666666666667,0.3567956445654287,0.05194063926940639,0.11914113642314741,0.6117311556160477,0.06550329701128803,91,3308,1835,14
0.21512573957443237,0.026780459093584463,0.8666666666666667,0.35699008360878864,0.05195546674279189,0.11917234154007333,0.6118283751377277,0.06555221492904546,91,3307,1836,14
0.21523602306842804,0.026788342655284073,0.8666666666666667,0.35718452265214856,0.051970302684180465,0.11920356300759759,0.6119255946594077,0.06560113222239704,91,3306,1837,14
0.21526578068733215,0.0267962308598351,0.8666666666666667,0.3573789616955085,0.051985147100828334,0.11923480083857442,0.6120228141810876,0.06565004891291625,91,3305,1838,14
0.21529929339885712,0.026804123711340205,0.8666666666666667,0.35757340073886834,0.052,0.11926605504587157,0.6121200337027675,0.06569896502216085,91,3304,1839,14
0.21530702710151672,0.026812021213906894,0.8666666666666667,0.35776783978222826,0.05201486138896828,0.11929732564237021,0.6122172532244474,0.0657478805716729,91,3303,1840,14
0.21533910930156708,0.02681992337164751,0.8666666666666667,0.3579622788255882,0.05202973127501429,0.11932861264096511,0.6123144727461274,0.06579679558297881,91,3302,1841,14
0.21560253202915192,0.026827830188679246,0.8666666666666667,0.3581567178689481,0.05204460966542751,0.11935991605456453,0.6124116922678073,0.06584571007758944,91,3301,1842,14
0.2156045287847519,0.02683574166912415,0.8666666666666667,0.358351156912308,0.05205949656750572,0.11939123589609027,0.6125089117894873,0.06589462407700013,91,3300,1843,14
0.2156541496515274,0.026843657817109144,0.8666666666666667,0.3585455959556679,0.052074391988555076,0.1194225721784777,0.6126061313111673,0.06594353760269082,91,3299,1844,14
0.2157161682844162,0.02685157863676601,0.8666666666666667,0.3587400349990278,0.052089295935890095,0.11945392491467577,0.6127033508328472,0.06599245067612604,91,3298,1845,14
0.2157839983701706,0.026859504132231406,0.8666666666666667,0.3589344740423877,0.052104208416833664,0.11948529411764706,0.6128005703545272,0.06604136331875503,91,3297,1846,14
0.21582059562206268,0.026867434307646886,0.8666666666666667,0.3591289130857476,0.05211912943871707,0.11951667980036774,0.6128977898762071,0.0660902755520118,91,3296,1847,14
0.216088205575943,0.02687536916715889,0.8666666666666667,0.35932335212910754,0.05213405900887998,0.11954808197582764,0.6129950093978871,0.06613918739731514,91,3295,1848,14
0.21608860790729523,0.026883308714918758,0.8666666666666667,0.3595177911724674,0.052148997134670486,0.11957950065703023,0.613092228919567,0.06618809887606877,91,3294,1849,14
0.21612891554832458,0.026891252955082743,0.8666666666666667,0.3597122302158273,0.052163943823445115,0.11961093585699265,0.613189448441247,0.06623701000966134,91,3293,1850,14
0.21622073650360107,0.026899201891812,0.8666666666666667,0.35990666925918724,0.05217889908256881,0.11964238758874572,0.613286667962927,0.0662859208194665,91,3292,1851,14
0.21622243523597717,0.02690715552927262,0.8666666666666667,0.36010110830254716,0.05219386291941497,0.11967385586533404,0.6133838874846069,0.06633483132684301,91,3291,1852,14
0.2162938416004181,0.026915113871635612,0.8666666666666667,0.3602955473459071,0.05220883534136546,0.11970534069981584,0.6134811070062869,0.06638374155313471,91,3290,1853,14
0.21654020249843597,0.026923076923076925,0.8666666666666667,0.360489986389267,0.052223816355810616,0.11973684210526316,0.6135783265279668,0.06643265151967073,91,3289,1854,14
0.21657168865203857,0.026931044687777447,0.8666666666666667,0.36068442543262685,0.05223880597014925,0.11976836009476179,0.6136755460496468,0.06648156124776539,91,3288,1855,14
0.2166488766670227,0.026939017169923033,0.8666666666666667,0.36087886447598677,0.05225380419178869,0.11979989468141126,0.6137727655713268,0.06653047075871836,91,3287,1856,14
0.21692869067192078,0.026946994373704472,0.8666666666666667,0.3610733035193467,0.05226881102814474,0.11983144587832499,0.6138699850930067,0.06657938007381473,91,3286,1857,14
0.2169511318206787,0.026954976303317536,0.8666666666666667,0.3612677425627066,0.05228382648664177,0.11986301369863013,0.6139672046146867,0.06662828921432502,91,3285,1858,14
0.21695588529109955,0.026962962962962963,0.8666666666666667,0.3614621816060665,0.052298850574712646,0.11989459815546773,0.6140644241363666,0.06667719820150528,91,3284,1859,14
0.2169959843158722,0.026970954356846474,0.8666666666666667,0.3616566206494264,0.052313883299798795,0.11992619926199262,0.6141616436580466,0.06672610705659711,91,3283,1860,14
0.21702483296394348,0.026978950489178772,0.8666666666666667,0.3618510596927863,0.0523289246693502,0.11995781703137358,0.6142588631797266,0.0667750158008278,91,3282,1861,14
0.21704696118831635,0.026986951364175563,0.8666666666666667,0.3620454987361462,0.052343974690825426,0.11998945147679325,0.6143560827014065,0.06682392445541031,91,3281,1862,14
0.21710969507694244,0.02699495698605755,0.8666666666666667,0.36223993777950614,0.0523590333716916,0.12002110261144816,0.6144533022230865,0.0668728330415434,91,3280,1863,14
0.21712525188922882,0.027002967359050445,0.8666666666666667,0.36243437682286606,0.05237410071942446,0.12005277044854881,0.6145505217447664,0.0669217415804116,91,3279,1864,14
0.21716198325157166,0.027010982487384982,0.8666666666666667,0.3626288158662259,0.05238917674150835,0.1200844550013196,0.6146477412664463,0.0669706500931854,91,3278,1865,14
0.21716801822185516,0.027019002375296912,0.8666666666666667,0.36282325490958584,0.05240426144543622,0.12011615628299895,0.6147449607881262,0.06701955860102121,91,3277,1866,14
0.21719937026500702,0.02702702702702703,0.8666666666666667,0.36301769395294575,0.05241935483870968,0.12014787430683918,0.6148421803098062,0.06706846712506145,91,3276,1867,14
0.21725647151470184,0.02703505644682115,0.8666666666666667,0.36321213299630567,0.052434456928838954,0.12017960908610671,0.6149393998314862,0.06711737568643464,91,3275,1868,14
0.21744173765182495,0.027043090638930165,0.8666666666666667,0.3634065720396656,0.05244956772334294,0.1202113606340819,0.6150366193531661,0.0671662843062554,91,3274,1869,14
0.21765965223312378,0.027051129607609987,0.8666666666666667,0.36360101108302545,0.05246468722974921,0.1202431289640592,0.6151338388748461,0.0672151930056246,91,3273,1870,14
0.21771632134914398,0.02705917335712162,0.8666666666666667,0.36379545012638537,0.052479815455594,0.12027491408934708,0.615231058396526,0.06726410180562932,91,3272,1871,14
0.2177416831254959,0.02706722189173111,0.8666666666666667,0.3639898891697453,0.052494952408422266,0.12030671602326812,0.615328277918206,0.067313010727343,91,3271,1872,14
0.21774329245090485,0.02707527521570961,0.8666666666666667,0.3641843282131052,0.052510098095787654,0.12033853477915896,0.615425497439886,0.06736191979182543,91,3270,1873,14
0.2178964763879776,0.027083333333333334,0.8666666666666667,0.3643787672564651,0.052525252525252523,0.12037037037037036,0.6155227169615659,0.06741082902012287,91,3269,1874,14
0.2179846614599228,0.027091396248883598,0.8666666666666667,0.364573206299825,0.05254041570438799,0.12040222281026727,0.6156199364832459,0.06745973843326808,91,3268,1875,14
0.21802860498428345,0.027099463966646812,0.8666666666666667,0.3647676453431849,0.05255558764077389,0.12043409211222869,0.6157171560049258,0.06750864805228037,91,3267,1876,14
0.21806256473064423,0.02710753649091451,0.8666666666666667,0.3649620843865448,0.05257076834199884,0.12046597828964786,0.6158143755266058,0.06755755789816567,91,3266,1877,14
0.21809731423854828,0.027115613825983313,0.8666666666666667,0.36515652342990473,0.052585957815660216,0.1204978813559322,0.6159115950482857,0.06760646799191664,91,3265,1878,14
0.21817418932914734,0.027123695976154993,0.8666666666666667,0.36535096247326465,0.05260115606936416,0.1205298013245033,0.6160088145699657,0.06765537835451262,91,3264,1879,14
0.21819838881492615,0.027131782945736434,0.8666666666666667,0.3655454015166245,0.05261636311072564,0.12056173820879704,0.6161060340916455,0.06770428900691981,91,3263,1880,14
0.21836112439632416,0.027139874739039668,0.8666666666666667,0.36573984055998443,0.05263157894736842,0.12059369202226346,0.6162032536133255,0.06775319997009126,91,3262,1881,14
0.2183779925107956,0.027147971360381863,0.8666666666666667,0.36593427960334435,0.05264680358692508,0.12062566277836691,0.6163004731350055,0.06780211126496691,91,3261,1882,14
0.2184128314256668,0.027156072814085348,0.8666666666666667,0.36612871864670427,0.052662037037037035,0.12065765049058605,0.6163976926566854,0.06785102291247375,91,3260,1883,14
0.21854858100414276,0.02716417910447761,0.8666666666666667,0.3663231576900642,0.05267727930535456,0.1206896551724138,0.6164949121783654,0.06789993493352575,91,3259,1884,14
0.2185773104429245,0.02717229023589131,0.8666666666666667,0.36651759673342404,0.052692530399536766,0.12072167683735739,0.6165921317000453,0.06794884734902405,91,3258,1885,14
0.2185845822095871,0.027180406212664276,0.8666666666666667,0.36671203577678396,0.05270779032725167,0.12075371549893843,0.6166893512217253,0.06799776017985688,91,3257,1886,14
0.21869949996471405,0.02718852703913953,0.8666666666666667,0.3669064748201439,0.05272305909617613,0.12078577117069286,0.6167865707434053,0.06804667344689977,91,3256,1887,14
0.21870507299900055,0.027196652719665274,0.8666666666666667,0.3671009138635038,0.05273833671399594,0.120817843866171,0.6168837902650852,0.06809558717101545,91,3255,1888,14
0.21870958805084229,0.027204783258594916,0.8666666666666667,0.3672953529068637,0.0527536231884058,0.12084993359893759,0.6169810097867652,0.06814450137305407,91,3254,1889,14
0.2189028412103653,0.02721291866028708,0.8666666666666667,0.36748979195022363,0.052768918527109306,0.12088204038257173,0.6170782293084451,0.06819341607385312,91,3253,1890,14
0.21905489265918732,0.027221058929105594,0.8666666666666667,0.3676842309935835,0.05278422273781903,0.12091416423066702,0.6171754488301251,0.06824233129423758,91,3252,1891,14
0.2191818654537201,0.027229204069419508,0.8666666666666667,0.3678786700369434,0.05279953582825646,0.12094630515683147,0.617272668351805,0.06829124705501996,91,3251,1892,14
0.21934358775615692,0.027237354085603113,0.8666666666666667,0.36807310908030333,0.05281485780615206,0.12097846317468758,0.617369887873485,0.0683401633770003,91,3250,1893,14
0.21936562657356262,0.027245508982035926,0.8666666666666667,0.36826754812366325,0.052830188679245285,0.12101063829787234,0.617467107395165,0.0683890802809663,91,3249,1894,14
0.21937714517116547,0.027253668763102725,0.8666666666666667,0.36846198716702316,0.052845528455284556,0.12104283054003724,0.6175643269168449,0.06843799778769338,91,3248,1895,14
0.21938033401966095,0.02726183343319353,0.8666666666666667,0.368656426210383,0.0528608771420273,0.12107503991484832,0.6176615464385249,0.06848691591794466,91,3247,1896,14
0.21939197182655334,0.027270002996703627,0.8666666666666667,0.36885086525374294,0.05287623474723998,0.12110726643598616,0.6177587659602048,0.06853583469247111,91,3246,1897,14
0.21942448616027832,0.027278177458033574,0.8666666666666667,0.36904530429710286,0.052891601278698054,0.1211395101171459,0.6178559854818848,0.06858475413201155,91,3245,1898,14
0.21943208575248718,0.027286356821589204,0.8666666666666667,0.3692397433404628,0.05290697674418605,0.12117177097203728,0.6179532050035648,0.06863367425729272,91,3244,1899,14
0.21946187317371368,0.027294541091781643,0.8666666666666667,0.3694341823838227,0.05292236115149753,0.12120404901438465,0.6180504245252447,0.06868259508902937,91,3243,1900,14
0.21949763596057892,0.027302730273027303,0.8666666666666667,0.36962862142718256,0.05293775450843514,0.121236344257927,0.6181476440469247,0.06873151664792423,91,3242,1901,14
0.21951256692409515,0.0273109243697479,0.8666666666666667,0.3698230604705425,0.05295315682281059,0.12126865671641791,0.6182448635686046,0.06878043895466822,91,3241,1902,14
0.2195313274860382,0.02731912338637046,0.8666666666666667,0.3700174995139024,0.052968568102444706,0.1213009864036257,0.6183420830902846,0.06882936202994033,91,3240,1903,14
0.21958184242248535,0.027327327327327327,0.8666666666666667,0.3702119385572623,0.05298398835516739,0.12133333333333333,0.6184393026119646,0.06887828589440781,91,3239,1904,14
0.21966303884983063,0.027335536197056174,0.8666666666666667,0.3704063776006222,0.0529994175888177,0.12136569751933848,0.6185365221336445,0.0689272105687262,91,3238,1905,14
0.21970321238040924,0.02734375,0.8666666666666667,0.3706008166439821,0.05301485581124381,0.12139807897545357,0.6186337416553244,0.06897613607353927,91,3237,1906,14
0.2197544127702713,0.027351968740607153,0.8666666666666667,0.370795255687342,0.05303030303030303,0.12143047771550573,0.6187309611770043,0.0690250624294793,91,3236,1907,14
0.21979622542858124,0.02736019242333133,0.8666666666666667,0.3709896947307019,0.053045759253861846,0.1214628937533369,0.6188281806986843,0.06907398965716693,91,3235,1908,14
0.22001811861991882,0.02706766917293233,0.8571428571428571,0.3709896947307019,0.052478134110787174,0.12016021361815754,0.6140662759367795,0.06629865275307763,90,3235,1908,15
0.2200755625963211,0.02707581227436823,0.8571428571428571,0.37118413377406184,0.05249343832020997,0.1201923076923077,0.6141634954584595,0.06634789115115691,90,3234,1909,15
0.22012560069561005,0.02708396027685826,0.8571428571428571,0.37137857281742176,0.052508751458576426,0.12022441891530858,0.6142607149801395,0.0663971299397202,90,3233,1910,15
0.22015267610549927,0.027092113184828417,0.8571428571428571,0.3715730118607816,0.05252407353370295,0.12025654730090861,0.6143579345018193,0.06644636913983243,90,3232,1911,15
0.2202456295490265,0.02710027100271003,0.8571428571428571,0.37176745090414154,0.05253940455341506,0.12028869286287089,0.6144551540234993,0.06649560877254614,90,3231,1912,15
0.22026042640209198,0.02710843373493976,0.8571428571428571,0.37196188994750146,0.052554744525547446,0.12032085561497326,0.6145523735451792,0.06654484885890152,90,3230,1913,15
0.22026172280311584,0.027116601385959626,0.8571428571428571,0.3721563289908614,0.052570093457943924,0.1203530355710083,0.6146495930668592,0.06659408941992645,90,3229,1914,15
0.22037294507026672,0.027124773960216998,0.8571428571428571,0.3723507680342213,0.05258545135845749,0.12038523274478331,0.6147468125885391,0.06664333047663659,90,3228,1915,15
0.22044208645820618,0.027132951462164608,0.8571428571428571,0.37254520707758115,0.052600818234950324,0.12041744715012041,0.6148440321102191,0.06669257205003541,90,3227,1916,15
0.22045539319515228,0.027141133896260553,0.8571428571428571,0.37273964612094107,0.05261619409529377,0.12044967880085652,0.614941251631899,0.06674181416111427,90,3226,1917,15
0.22055062651634216,0.027149321266968326,0.8571428571428571,0.372934085164301,0.05263157894736842,0.12048192771084337,0.615038471153579,0.06679105683085244,90,3225,1918,15
0.22060047090053558,0.02715751357875679,0.8571428571428571,0.3731285242076609,0.05264697279906405,0.1205141938939475,0.615135690675259,0.06684030008021723,90,3224,1919,15
0.22064264118671417,0.027165710836100213,0.8571428571428571,0.3733229632510208,0.0526623756582797,0.12054647736405036,0.6152329101969389,0.06688954393016394,90,3223,1920,15
0.22065719962120056,0.02717391304347826,0.8571428571428571,0.3735174022943807,0.05267778753292362,0.12057877813504823,0.6153301297186189,0.06693878840163604,90,3222,1921,15
0.22066527605056763,0.02718212020537602,0.8571428571428571,0.3737118413377406,0.05269320843091335,0.12061109622085232,0.6154273492402988,0.06698803351556518,90,3221,1922,15
0.22067001461982727,0.027190332326283987,0.8571428571428571,0.3739062803811005,0.0527086383601757,0.12064343163538874,0.6155245687619788,0.06703727929287116,90,3220,1923,15
0.22070744633674622,0.027198549410698096,0.8571428571428571,0.37410071942446044,0.05272407732864675,0.12067578439259855,0.6156217882836588,0.06708652575446213,90,3219,1924,15
0.2207428514957428,0.02720677146311971,0.8571428571428571,0.37429515846782035,0.0527395253442719,0.12070815450643776,0.6157190078053387,0.06713577292123456,90,3218,1925,15
0.2207726687192917,0.027214998488055638,0.8571428571428571,0.37448959751118027,0.05275498241500586,0.12074054199087739,0.6158162273270187,0.0671850208140733,90,3217,1926,15
0.22082597017288208,0.02722323049001815,0.8571428571428571,0.37468403655454013,0.052770448548812667,0.12077294685990338,0.6159134468486986,0.06723426945385172,90,3216,1927,15
0.2208658754825592,0.02723146747352496,0.8571428571428571,0.37487847559790005,0.05278592375366569,0.12080536912751678,0.6160106663703786,0.06728351886143161,90,3215,1928,15
0.2208852618932724,0.027239709443099273,0.8571428571428571,0.37507291464125997,0.05280140803754767,0.12083780880773362,0.6161078858920586,0.06733276905766339,90,3214,1929,15
0.22094137966632843,0.027247956403269755,0.8571428571428571,0.3752673536846199,0.0528169014084507,0.12087026591458501,0.6162051054137385,0.06738202006338612,90,3213,1930,15
0.22094932198524475,0.027256208358570563,0.8571428571428571,0.3754617927279798,0.05283240387437629,0.12090274046211714,0.6163023249354185,0.06743127189942748,90,3212,1931,15
0.22096794843673706,0.02726446531354135,0.8571428571428571,0.37565623177133967,0.05284791544333529,0.12093523246439129,0.6163995444570984,0.06748052458660396,90,3211,1932,15
0.22106540203094482,0.02727272727272727,0.8571428571428571,0.3758506708146996,0.05286343612334802,0.12096774193548387,0.6164967639787784,0.06752977814572081,90,3210,1933,15
0.22107431292533875,0.027280994240678993,0.8571428571428571,0.3760451098580595,0.052878965922444184,0.12100026888948642,0.6165939835004584,0.06757903259757211,90,3209,1934,15
0.22107817232608795,0.0272892662219527,0.8571428571428571,0.3762395489014194,0.05289450484866295,0.12103281334050565,0.6166912030221383,0.06762828796294092,90,3208,1935,15
0.221141517162323,0.0272975432211101,0.8571428571428571,0.37643398794477934,0.05291005291005291,0.12106537530266344,0.6167884225438183,0.0676775442625992,90,3207,1936,15
0.22115249931812286,0.027305825242718445,0.8571428571428571,0.3766284269881392,0.05292561011467216,0.12109795479009688,0.6168856420654981,0.06772680151730794,90,3206,1937,15
0.22115939855575562,0.027314112291350532,0.8571428571428571,0.3768228660314991,0.052941176470588235,0.12113055181695828,0.6169828615871781,0.06777605974781724,90,3205,1938,15
0.22119487822055817,0.0273224043715847,0.8571428571428571,0.37701730507485903,0.0529567519858782,0.12116316639741519,0.617080081108858,0.06782531897486634,90,3204,1939,15
0.22129353880882263,0.027330701488004858,0.8571428571428571,0.37721174411821895,0.052972336668628606,0.12119579854565042,0.617177300630538,0.06787457921918359,90,3203,1940,15
0.22132419049739838,0.027339003645200487,0.8571428571428571,0.37740618316157887,0.05298793052693553,0.12122844827586207,0.617274520152218,0.0679238405014867,90,3202,1941,15
0.2213476449251175,0.027347310847766638,0.8571428571428571,0.37760062220493873,0.053003533568904596,0.12126111560226355,0.6173717396738979,0.06797310284248258,90,3201,1942,15
0.22142167389392853,0.02735562310030395,0.8571428571428571,0.37779506124829865,0.053019145802650956,0.12129380053908356,0.6174689591955779,0.06802236626286758,90,3200,1943,15
0.22157804667949677,0.027363940407418668,0.8571428571428571,0.37798950029165856,0.05303476723629935,0.1213265031005662,0.6175661787172578,0.06807163078332738,90,3199,1944,15
0.22160902619361877,0.02737226277372263,0.8571428571428571,0.3781839393350185,0.05305039787798409,0.12135922330097088,0.6176633982389378,0.0681208964245372,90,3198,1945,15
0.221616730093956,0.027380590203833283,0.8571428571428571,0.3783783783783784,0.05306603773584906,0.12139196115457243,0.6177606177606177,0.06817016320716172,90,3197,1946,15
0.22171759605407715,0.027388922702373707,0.8571428571428571,0.37857281742173826,0.05308168681804777,0.12142471667566108,0.6178578372822977,0.06821943115185528,90,3196,1947,15
0.22176916897296906,0.0273972602739726,0.8571428571428571,0.3787672564650982,0.05309734513274336,0.1214574898785425,0.6179550568039777,0.06826870027926175,90,3195,1948,15
0.22177863121032715,0.027405602923264313,0.8571428571428571,0.3789616955084581,0.053113012688108585,0.12149028077753779,0.6180522763256576,0.0683179706100148,90,3194,1949,15
0.221790611743927,0.02741395065488882,0.8571428571428571,0.379156134551818,0.053128689492325853,0.12152308938698353,0.6181494958473376,0.06836724216473772,90,3193,1950,15
0.2218235284090042,0.027422303473491772,0.8571428571428571,0.37935057359517793,0.053144375553587246,0.12155591572123177,0.6182467153690175,0.06841651496404369,90,3192,1951,15
0.22186638414859772,0.027430661383724474,0.8571428571428571,0.3795450126385378,0.05316007088009451,0.1215887597946501,0.6183439348906974,0.06846578902853574,90,3191,1952,15
0.22187919914722443,0.027439024390243903,0.8571428571428571,0.3797394516818977,0.053175775480059084,0.12162162162162163,0.6184411544123773,0.06851506437880675,90,3190,1953,15
0.22190897166728973,0.027447392497712716,0.8571428571428571,0.37993389072525763,0.05319148936170213,0.12165450121654502,0.6185383739340573,0.06856434103543958,90,3189,1954,15
0.22200927138328552,0.027455765710799267,0.8571428571428571,0.38012832976861755,0.05320721253325451,0.12168739859383451,0.6186355934557373,0.06861361901900716,90,3188,1955,15
0.22203902900218964,0.0274641440341776,0.8571428571428571,0.38032276881197746,0.05322294500295683,0.12172031376791993,0.6187328129774172,0.06866289835007243,90,3187,1956,15
0.2220994234085083,0.027472527472527472,0.8571428571428571,0.3805172078553373,0.05323868677905945,0.12175324675324675,0.6188300324990972,0.06871217904918847,90,3186,1957,15
0.22211316227912903,0.02748091603053435,0.8571428571428571,0.38071164689869724,0.05325443786982249,0.12178619756427606,0.6189272520207771,0.06876146113689854,90,3185,1958,15
0.22211365401744843,0.02748930971288943,0.8571428571428571,0.38090608594205716,0.053270198283515834,0.12181916621548457,0.6190244715424571,0.06881074463373614,90,3184,1959,15
0.2221386581659317,0.027497708524289642,0.8571428571428571,0.3811005249854171,0.05328596802841918,0.12185215272136475,0.6191216910641371,0.06886002956022506,90,3183,1960,15
0.2222207635641098,0.02750611246943765,0.8571428571428571,0.381294964028777,0.05330174711282203,0.1218851570964247,0.619218910585817,0.06890931593687942,90,3182,1961,15
0.2222791314125061,0.027514521553041883,0.8571428571428571,0.3814894030721369,0.0533175355450237,0.1219181793551883,0.619316130107497,0.06895860378420371,90,3181,1962,15
0.22231702506542206,0.027522935779816515,0.8571428571428571,0.3816838421154968,0.05333333333333334,0.12195121951219512,0.6194133496291769,0.06900789312269294,90,3180,1963,15
0.22238868474960327,0.027531355154481494,0.8571428571428571,0.3818782811588567,0.053349140486069944,0.12198427758200055,0.6195105691508569,0.06905718397283253,90,3179,1964,15
0.22239086031913757,0.027539779681762546,0.8571428571428571,0.3820727202022166,0.05336495701156241,0.1220173535791757,0.6196077886725369,0.06910647635509855,90,3178,1965,15
0.22255663573741913,0.027548209366391185,0.8571428571428571,0.3822671592455765,0.05338078291814947,0.12205044751830757,0.6197050081942168,0.06915577028995759,90,3177,1966,15
0.22271700203418732,0.027556644213104716,0.8571428571428571,0.38246159828893644,0.05339661821417977,0.12208355941399891,0.6198022277158968,0.06920506579786696,90,3176,1967,15
0.22281940281391144,0.027565084226646247,0.8571428571428571,0.3826560373322963,0.05341246290801187,0.12211668928086838,0.6198994472375767,0.06925436289927467,90,3175,1968,15
0.22282810509204865,0.027573529411764705,0.8571428571428571,0.3828504763756562,0.053428317008014245,0.12214983713355049,0.6199966667592567,0.0693036616146195,90,3174,1969,15
0.2229103296995163,0.027581979773214832,0.8571428571428571,0.38304491541901614,0.05344418052256532,0.12218300298669563,0.6200938862809366,0.06935296196433102,90,3173,1970,15
0.222942516207695,0.027590435315757205,0.8571428571428571,0.38323935446237606,0.05346005346005346,0.12221618685497013,0.6201911058026166,0.06940226396882973,90,3172,1971,15
0.22294890880584717,0.027598896044158234,0.8571428571428571,0.383433793505736,0.053475935828877004,0.12224938875305623,0.6202883253242966,0.06945156764852703,90,3171,1972,15
0.22297120094299316,0.027607361963190184,0.8571428571428571,0.38362823254909584,0.05349182763744428,0.12228260869565218,0.6203855448459765,0.0695008730238253,90,3170,1973,15
0.22297653555870056,0.027615833077631175,0.8571428571428571,0.38382267159245576,0.0535077288941736,0.12231584669747214,0.6204827643676565,0.06955018011511793,90,3169,1974,15
0.22303538024425507,0.027624309392265192,0.8571428571428571,0.3840171106358157,0.05352363960749331,0.12234910277324633,0.6205799838893364,0.06959948894278944,90,3168,1975,15
0.22307580709457397,0.0276327909118821,0.8571428571428571,0.3842115496791756,0.05353955978584176,0.12238237693772097,0.6206772034110164,0.06964879952721548,90,3167,1976,15
0.22313213348388672,0.02764127764127764,0.8571428571428571,0.3844059887225355,0.05355548943766736,0.12241566920565833,0.6207744229326964,0.06969811188876283,90,3166,1977,15
0.22326414287090302,0.027649769585253458,0.8571428571428571,0.38460042776589537,0.05357142857142857,0.12244897959183673,0.6208716424543762,0.06974742604778962,90,3165,1978,15
0.22330786287784576,0.027658266748617086,0.8571428571428571,0.3847948668092553,0.05358737719559393,0.12248230811105063,0.6209688619760562,0.06979674202464517,90,3164,1979,15
0.22335009276866913,0.027666769136181987,0.8571428571428571,0.3849893058526152,0.05360333531864205,0.12251565477811054,0.6210660814977361,0.06984605983967022,90,3163,1980,15
0.22337579727172852,0.027675276752767528,0.8571428571428571,0.3851837448959751,0.05361930294906166,0.12254901960784313,0.6211633010194161,0.06989537951319688,90,3162,1981,15
0.22341914474964142,0.027683789603199015,0.8571428571428571,0.38537818393933504,0.05363528009535161,0.12258240261509126,0.621260520541096,0.06994470106554872,90,3161,1982,15
0.2235420048236847,0.027692307692307693,0.8571428571428571,0.3855726229826949,0.05365126676602087,0.1226158038147139,0.621357740062776,0.0699940245170408,90,3160,1983,15
0.22356650233268738,0.027700831024930747,0.8571428571428571,0.3857670620260548,0.05366726296958855,0.12264922322158626,0.621454959584456,0.07004334988797975,90,3159,1984,15
0.2235705554485321,0.02770935960591133,0.8571428571428571,0.38596150106941474,0.053683268714583954,0.12268266085059978,0.6215521791061359,0.07009267719866381,90,3158,1985,15
0.22357121109962463,0.027717893440098552,0.8571428571428571,0.38615594011277465,0.05369928400954654,0.12271611671666212,0.6216493986278159,0.07014200646938287,90,3157,1986,15
0.2236422747373581,0.027726432532347505,0.8571428571428571,0.38635037915613457,0.05371530886302596,0.12274959083469722,0.6217466181494958,0.07019133772041852,90,3156,1987,15
0.2236556112766266,0.02773497688751926,0.8571428571428571,0.38654481819949443,0.05373134328358209,0.12278308321964529,0.6218438376711758,0.07024067097204417,90,3155,1988,15
0.22371415793895721,0.027743526510480888,0.8571428571428571,0.38673925724285435,0.05374738727978501,0.12281659388646288,0.6219410571928558,0.07029000624452496,90,3154,1989,15
0.2237631380558014,0.027752081406105456,0.8571428571428571,0.38693369628621427,0.053763440860215055,0.12285012285012285,0.6220382767145357,0.07033934355811794,90,3153,1990,15
0.22380764782428741,0.027760641579272053,0.8571428571428571,0.3871281353295742,0.0537795040334628,0.12288367012561442,0.6221354962362157,0.0703886829330721,90,3152,1991,15
0.22384828329086304,0.02776920703486578,0.8571428571428571,0.3873225743729341,0.05379557680812911,0.12291723572794319,0.6222327157578956,0.07043802438962836,90,3151,1992,15
0.2238931506872177,0.027777777777777776,0.8571428571428571,0.38751701341629397,0.053811659192825115,0.12295081967213115,0.6223299352795755,0.07048736794801969,90,3150,1993,15
0.22395415604114532,0.02778635381290522,0.8571428571428571,0.3877114524596539,0.05382775119617225,0.12298442197321673,0.6224271548012554,0.07053671362847108,90,3149,1994,15
0.22398431599140167,0.027794935145151328,0.8571428571428571,0.3879058915030138,0.05384385282680227,0.12301804264625478,0.6225243743229354,0.0705860614511997,90,3148,1995,15
0.2239895612001419,0.027803521779425393,0.8571428571428571,0.3881003305463737,0.05385996409335727,0.12305168170631665,0.6226215938446154,0.07063541143641486,90,3147,1996,15
0.2239983230829239,0.02781211372064277,0.8571428571428571,0.38829476958973363,0.05387608500448968,0.12308533916849015,0.6227188133662953,0.07068476360431811,90,3146,1997,15
0.2240932732820511,0.027820710973724884,0.8571428571428571,0.38848920863309355,0.05389221556886228,0.12311901504787962,0.6228160328879753,0.07073411797510326,90,3145,1998,15
0.22409462928771973,0.027829313543599257,0.8571428571428571,0.3886836476764534,0.05390835579514825,0.12315270935960591,0.6229132524096552,0.07078347456895646,90,3144,1999,15
0.22425121068954468,0.027837921435199506,0.8571428571428571,0.38887808671981333,0.05392450569203116,0.12318642211880645,0.6230104719313352,0.07083283340605621,90,3143,2000,15
0.22426031529903412,0.027846534653465347,0.8571428571428571,0.38907252576317325,0.05394066526820498,0.12322015334063527,0.6231076914530151,0.07088219450657349,90,3142,2001,15
0.2242603451013565,0.027855153203342618,0.8571428571428571,0.38926696480653317,0.0539568345323741,0.12325390304026294,0.6232049109746951,0.07093155789067168,90,3141,2002,15
0.22426483035087585,0.02786377708978328,0.8571428571428571,0.3894614038498931,0.053973013493253376,0.1232876712328767,0.6233021304963751,0.07098092357850676,90,3140,2003,15
0.22437454760074615,0.027872406317745433,0.8571428571428571,0.38965584289325295,0.05398920215956809,0.12332145793368046,0.623399350018055,0.07103029159022725,90,3139,2004,15
0.2244691550731659,0.027881040892193308,0.8571428571428571,0.38985028193661286,0.054005400540054004,0.12335526315789473,0.623496569539735,0.0710796619459743,90,3138,2005,15
0.22452472150325775,0.027889680818097305,0.8571428571428571,0.3900447209799728,0.05402160864345738,0.12338908692075679,0.6235937890614149,0.07112903466588173,90,3137,2006,15
0.22454562783241272,0.027898326100433975,0.8571428571428571,0.3902391600233327,0.05403782647853497,0.12342292923752057,0.6236910085830949,0.07117840977007614,90,3136,2007,15
0.22458021342754364,0.027906976744186046,0.8571428571428571,0.3904335990666926,0.05405405405405406,0.12345679012345678,0.6237882281047749,0.07122778727867683,90,3135,2008,15
0.22461280226707458,0.02791563275434243,0.8571428571428571,0.3906280381100525,0.05407029137879243,0.12349066959385291,0.6238854476264548,0.07127716721179601,90,3134,2009,15
0.2246316820383072,0.027924294135898232,0.8571428571428571,0.3908224771534124,0.054086538461538464,0.12352456766401318,0.6239826671481348,0.0713265495895387,90,3133,2010,15
0.22466470301151276,0.027932960893854747,0.8571428571428571,0.3910169161967723,0.05410279531109107,0.12355848434925865,0.6240798866698147,0.07137593443200288,90,3132,2011,15
0.22478419542312622,0.027941633033219497,0.8571428571428571,0.39121135524013223,0.054119061936259774,0.12359241966492722,0.6241771061914947,0.07142532175927953,90,3131,2012,15
0.2248455286026001,0.027950310559006212,0.8571428571428571,0.39140579428349215,0.05413533834586466,0.12362637362637363,0.6242743257131746,0.07147471159145259,90,3130,2013,15
0.22484895586967468,0.027958993476234855,0.8571428571428571,0.391600233326852,0.05415162454873646,0.1236603462489695,0.6243715452348546,0.07152410394859915,90,3129,2014,15
0.2248804122209549,0.027967681789931635,0.8571428571428571,0.3917946723702119,0.05416792055371652,0.12369433754810336,0.6244687647565346,0.0715734988507894,90,3128,2015,15
0.2249552607536316,0.027976375505129002,0.8571428571428571,0.39198911141357184,0.054184226369656835,0.12372834753918065,0.6245659842782145,0.0716228963180867,90,3127,2016,15
0.22496595978736877,0.027985074626865673,0.8571428571428571,0.39218355045693176,0.05420054200542006,0.12376237623762376,0.6246632037998945,0.07167229637054764,90,3126,2017,15
0.22501292824745178,0.027993779160186624,0.8571428571428571,0.3923779895002917,0.05421686746987952,0.12379642365887207,0.6247604233215744,0.07172169902822209,90,3125,2018,15
0.22509506344795227,0.028002489110143122,0.8571428571428571,0.39257242854365154,0.05423320277191925,0.12383048981838195,0.6248576428432543,0.07177110431115323,90,3124,2019,15
0.2252301126718521,0.028011204481792718,0.8571428571428571,0.39276686758701146,0.054249547920433995,0.12386457473162675,0.6249548623649342,0.07182051223937765,90,3123,2020,15
0.22535492479801178,0.028019925280199254,0.8571428571428571,0.3929613066303714,0.054265902924329215,0.12389867841409692,0.6250520818866142,0.07186992283292533,90,3122,2021,15
0.2253827452659607,0.02802865151043289,0.8571428571428571,0.3931557456737313,0.054282267792521106,0.12393280088129992,0.6251493014082942,0.07191933611181972,90,3121,2022,15
0.22545500099658966,0.028037383177570093,0.8571428571428571,0.3933501847170912,0.05429864253393665,0.12396694214876033,0.6252465209299741,0.07196875209607781,90,3120,2023,15
0.2254912406206131,0.028046120286693673,0.8571428571428571,0.3935446237604511,0.05431502715751358,0.12400110223201984,0.6253437404516541,0.07201817080571016,90,3119,2024,15
0.2255082130432129,0.02805486284289277,0.8571428571428571,0.393739062803811,0.054331421672200425,0.12403528114663727,0.625440959973334,0.07206759226072094,90,3118,2025,15
0.22552773356437683,0.02806361085126286,0.8571428571428571,0.3939335018471709,0.05434782608695652,0.12406947890818859,0.625538179495014,0.07211701648110799,90,3117,2026,15
0.22555716335773468,0.028072364316905803,0.8571428571428571,0.3941279408905308,0.05436424041075204,0.12410369553226697,0.625635399016694,0.07216644348686287,90,3116,2027,15
0.2256637066602707,0.028081123244929798,0.8571428571428571,0.39432237993389074,0.054380664652567974,0.12413793103448276,0.6257326185383739,0.07221587329797091,90,3115,2028,15
0.2256651222705841,0.028089887640449437,0.8571428571428571,0.3945168189772506,0.05439709882139619,0.12417218543046357,0.6258298380600539,0.07226530593441124,90,3114,2029,15
0.22567118704319,0.0280986575085857,0.8571428571428571,0.3947112580206105,0.05441354292623942,0.12420645873585426,0.6259270575817338,0.07231474141615687,90,3113,2030,15
0.2257351279258728,0.028107432854465958,0.8571428571428571,0.39490569706397044,0.054429996976111276,0.12424075096631695,0.6260242771034138,0.07236417976317472,90,3112,2031,15
0.22573521733283997,0.028116213683223992,0.8571428571428571,0.39510013610733036,0.0544464609800363,0.12427506213753108,0.6261214966250938,0.07241362099542563,90,3111,2032,15
0.2259184867143631,0.028125,0.8571428571428571,0.3952945751506903,0.05446293494704992,0.12430939226519337,0.6262187161467737,0.07246306513286452,90,3110,2033,15
0.22592787444591522,0.028133791809940606,0.8571428571428571,0.3954890141940502,0.05447941888619855,0.12434374136501795,0.6263159356684537,0.0725125121954403,90,3109,2034,15
0.2259768545627594,0.028142589118198873,0.8571428571428571,0.39568345323741005,0.05449591280653951,0.12437810945273632,0.6264131551901335,0.07256196220309605,90,3108,2035,15
0.22599497437477112,0.028151391929934315,0.8571428571428571,0.39587789228076997,0.054512416717141125,0.12441249654409732,0.6265103747118135,0.07261141517576893,90,3107,2036,15
0.22602590918540955,0.028160200250312892,0.8571428571428571,0.3960723313241299,0.0545289306270827,0.12444690265486726,0.6266075942334934,0.07266087113339033,90,3106,2037,15
0.22614596784114838,0.028169014084507043,0.8571428571428571,0.3962667703674898,0.05454545454545454,0.12448132780082988,0.6267048137551734,0.07271033009588594,90,3105,2038,15
0.2261892855167389,0.028177833437695678,0.8571428571428571,0.3964612094108497,0.05456198848135799,0.12451577199778639,0.6268020332768534,0.07275979208317568,90,3104,2039,15
0.22628547251224518,0.028186658315064204,0.8571428571428571,0.3966556484542096,0.0545785324439054,0.1245502352615555,0.6268992527985333,0.07280925711517383,90,3103,2040,15
0.2262975573539734,0.02819548872180451,0.8571428571428571,0.3968500874975695,0.0545950864422202,0.12458471760797342,0.6269964723202133,0.07285872521178907,90,3102,2041,15
0.22636190056800842,0.02820432466311501,0.8571428571428571,0.3970445265409294,0.05461165048543689,0.12461921905289393,0.6270936918418932,0.07290819639292456,90,3101,2042,15
0.2264055460691452,0.02821316614420063,0.8571428571428571,0.39723896558428934,0.054628224582701064,0.12465373961218837,0.6271909113635732,0.07295767067847787,90,3100,2043,15
0.2264138013124466,0.028222013170272814,0.8571428571428571,0.39743340462764926,0.0546448087431694,0.12468827930174564,0.6272881308852531,0.07300714808834118,90,3099,2044,15
0.22642531991004944,0.028230865746549563,0.8571428571428571,0.3976278436710091,0.054661402976009715,0.12472283813747229,0.6273853504069331,0.07305662864240119,90,3098,2045,15
0.22649680078029633,0.028239723878255414,0.8571428571428571,0.39782228271436904,0.054678007290400975,0.12475741613529248,0.6274825699286131,0.07310611236053928,90,3097,2046,15
0.2265750616788864,0.02824858757062147,0.8571428571428571,0.39801672175772895,0.054694621695533276,0.12479201331114809,0.627579789450293,0.0731555992626315,90,3096,2047,15
0.2265874445438385,0.0282574568288854,0.8571428571428571,0.39821116080108887,0.0547112462006079,0.12482662968099861,0.627677008971973,0.07320508936854862,90,3095,2048,15
0.22663086652755737,0.028266331658291458,0.8571428571428571,0.3984055998444488,0.054727880814837336,0.12486126526082131,0.6277742284936529,0.07325458269815617,90,3094,2049,15
0.22663450241088867,0.02827521206409048,0.8571428571428571,0.39860003888780865,0.05474452554744526,0.12489592006661115,0.6278714480153329,0.07330407927131453,90,3093,2050,15
0.22664964199066162,0.028284098051539912,0.8571428571428571,0.39879447793116857,0.05476118040766657,0.1249305941143809,0.6279686675370129,0.07335357910787892,90,3092,2051,15
0.22665885090827942,0.027978623074504872,0.8476190476190476,0.39879447793116857,0.054169202678027994,0.12357678422660372,0.6232067627751081,0.07061799474238722,89,3092,2051,16
0.22666077315807343,0.0279874213836478,0.8476190476190476,0.3989889169745285,0.05418569254185693,0.12361111111111112,0.6233039822967881,0.07066773685725002,89,3091,2052,16
0.2266629934310913,0.027996225228059137,0.8476190476190476,0.3991833560178884,0.05420219244823386,0.12364545707140873,0.623401201818468,0.07071748181186274,89,3090,2053,16
0.22666394710540771,0.02800503461296413,0.8476190476190476,0.3993777950612483,0.05421870240633567,0.1236798221234019,0.623498421340148,0.0707672296264076,89,3089,2054,16
0.22672417759895325,0.028013849543594586,0.8476190476190476,0.3995722341046082,0.05423522242535039,0.12371420628301362,0.623595640861828,0.07081698032106103,89,3088,2055,16
0.2271265834569931,0.027707808564231738,0.8380952380952381,0.3995722341046082,0.05364218226150564,0.12235817575083426,0.6188337360999232,0.06808282006193715,88,3088,2055,17
0.22712843120098114,0.027716535433070868,0.8380952380952381,0.3997666731479681,0.05365853658536585,0.12239221140472879,0.6189309556216032,0.06813280985675947,88,3087,2056,17
0.22726668417453766,0.027725267800882167,0.8380952380952381,0.399961112191328,0.05367490088441598,0.12242626599888703,0.6190281751432831,0.06818280211072075,88,3086,2057,17
0.2272845208644867,0.027734005672864798,0.8380952380952381,0.40015555123468793,0.053691275167785234,0.12246033954912329,0.6191253946649631,0.06823279684431759,88,3085,2058,17
0.22738142311573029,0.027742749054224466,0.8380952380952381,0.40034999027804785,0.053707659444613975,0.12249443207126949,0.619222614186643,0.06828279407804025,88,3084,2059,17
0.2276092916727066,0.027751497950173447,0.8380952380952381,0.4005444293214077,0.05372405372405373,0.12252854358117515,0.6193198337083229,0.06833279383237265,88,3083,2060,17
0.22761614620685577,0.0277602523659306,0.8380952380952381,0.40073886836476763,0.053740458015267174,0.12256267409470752,0.6194170532300028,0.06838279612779243,88,3082,2061,17
0.22765406966209412,0.027769012306721363,0.8380952380952381,0.40093330740812755,0.05375687232742822,0.12259682362775147,0.6195142727516828,0.068432800984771,88,3081,2062,17
0.22781895101070404,0.027777777777777776,0.8380952380952381,0.40112774645148747,0.05377329666972197,0.12263099219620958,0.6196114922733628,0.06848280842377363,88,3080,2063,17
0.2278868705034256,0.02778654878433849,0.8380952380952381,0.4013221854948474,0.05378973105134474,0.12266517981600224,0.6197087117950427,0.06853281846525938,88,3079,2064,17
0.22806598246097565,0.027795325331648767,0.8380952380952381,0.40151662453820725,0.053806175481504126,0.12269938650306748,0.6198059313167227,0.0685828311296813,88,3078,2065,17
0.22807307541370392,0.027804107424960506,0.8380952380952381,0.40171106358156716,0.05382262996941896,0.12273361227336123,0.6199031508384026,0.06863284643748638,88,3077,2066,17
0.2281089723110199,0.02781289506953224,0.8380952380952381,0.4019055026249271,0.05383909452431936,0.12276785714285714,0.6200003703600826,0.06868286440911563,88,3076,2067,17
0.22811390459537506,0.027821688270629148,0.8380952380952381,0.402099941668287,0.05385556915544676,0.12280212112754675,0.6200975898817626,0.0687328850650041,88,3075,2068,17
0.2281249314546585,0.027830487033523088,0.8380952380952381,0.4022943807116469,0.05387205387205387,0.12283640424343942,0.6201948094034425,0.06878290842558103,88,3074,2069,17
0.22830989956855774,0.027839291363492565,0.8380952380952381,0.40248881975500683,0.05388854868340478,0.12287070650656241,0.6202920289251225,0.06883293451126975,88,3073,2070,17
0.2284041941165924,0.027848101265822784,0.8380952380952381,0.4026832587983667,0.053905053598774885,0.12290502793296089,0.6203892484468024,0.06888296334248784,88,3072,2071,17
0.2284255176782608,0.027856916745805635,0.8380952380952381,0.4028776978417266,0.05392156862745098,0.12293936853869795,0.6204864679684824,0.06893299493964711,88,3071,2072,17
0.22843968868255615,0.02786573780873971,0.8380952380952381,0.40307213688508653,0.05393809377873123,0.12297372833985466,0.6205836874901624,0.06898302932315374,88,3070,2073,17
0.2284754514694214,0.027874564459930314,0.8380952380952381,0.40326657592844645,0.0539546290619252,0.12300810735253005,0.6206809070118423,0.06903306651340821,88,3069,2074,17
0.2286531925201416,0.02788339670468948,0.8380952380952381,0.40346101497180636,0.05397117448635388,0.12304250559284116,0.6207781265335223,0.06908310653080545,88,3068,2075,17
0.22871017456054688,0.027892234548335976,0.8380952380952381,0.4036554540151662,0.053987730061349694,0.12307692307692308,0.6208753460552021,0.06913314939573481,88,3067,2076,17
0.22873546183109283,0.027901077996195307,0.8380952380952381,0.40384989305852614,0.05400429579625652,0.12311135982092893,0.6209725655768821,0.06918319512858019,88,3066,2077,17
0.22879146039485931,0.027909927053599747,0.8380952380952381,0.40404433210188606,0.05402087170042971,0.12314581584102995,0.621069785098562,0.06923324374972001,88,3065,2078,17
0.2288403958082199,0.027918781725888325,0.8380952380952381,0.404238771145246,0.054037457783236105,0.12318029115341546,0.621167004620242,0.06928329527952731,88,3064,2079,17
0.22884169220924377,0.027927642018406855,0.8380952380952381,0.4044332101886059,0.05405405405405406,0.12321478577429291,0.621264224141922,0.06933334973836977,88,3063,2080,17
0.22887951135635376,0.027936507936507936,0.8380952380952381,0.40462764923196576,0.054070660522273425,0.12324929971988796,0.6213614436636019,0.06938340714660977,88,3062,2081,17
0.22898226976394653,0.027945379485550967,0.8380952380952381,0.4048220882753257,0.054087277197295634,0.12328383300644438,0.6214586631852819,0.06943346752460446,88,3061,2082,17
0.22913813591003418,0.02795425667090216,0.8380952380952381,0.4050165273186856,0.05410390408853366,0.12331838565022421,0.6215558827069618,0.06948353089270576,88,3060,2083,17
0.22923286259174347,0.027963139497934542,0.8380952380952381,0.4052109663620455,0.05412054120541206,0.12335295766750771,0.6216531022286418,0.06953359727126043,88,3059,2084,17
0.2292773276567459,0.027972027972027972,0.8380952380952381,0.40540540540540543,0.05413718855736696,0.12338754907459339,0.6217503217503217,0.06958366668061017,88,3058,2085,17
0.22932758927345276,0.027980922098569158,0.8380952380952381,0.4055998444487653,0.05415384615384616,0.12342215988779803,0.6218475412720017,0.06963373914109156,88,3057,2086,17
0.2293606996536255,0.027989821882951654,0.8380952380952381,0.4057942834921252,0.05417051400430902,0.12345679012345678,0.6219447607936817,0.06968381467303619,88,3056,2087,17
0.22937552630901337,0.027998727330575884,0.8380952380952381,0.4059887225354851,0.054187192118226604,0.1234914397979231,0.6220419803153616,0.06973389329677072,88,3055,2088,17
0.22940810024738312,0.028007638446849142,0.8380952380952381,0.40618316157884504,0.05420388050508161,0.12352610892756878,0.6221391998370416,0.06978397503261685,88,3054,2089,17
0.22954419255256653,0.02801655523718561,0.8380952380952381,0.40637760062220496,0.054220579174368455,0.12356079752878404,0.6222364193587215,0.06983405990089143,88,3053,2090,17
0.22956956923007965,0.02802547770700637,0.8380952380952381,0.4065720396655648,0.05423728813559322,0.12359550561797752,0.6223336388804015,0.06988414792190649,88,3052,2091,17
0.22964292764663696,0.028034405861739407,0.8380952380952381,0.40676647870892474,0.05425400739827373,0.12363023321157629,0.6224308584020815,0.06993423911596927,88,3051,2092,17
0.2296811044216156,0.02804333970681963,0.8380952380952381,0.40696091775228466,0.054270736971939564,0.12366498032602585,0.6225280779237614,0.06998433350338233,88,3050,2093,17
0.22971512377262115,0.028052279247688876,0.8380952380952381,0.4071553567956446,0.054287476866132015,0.12369974697779028,0.6226252974454414,0.0700344311044435,88,3049,2094,17
0.2297828495502472,0.02806122448979592,0.8380952380952381,0.4073497958390045,0.054304227090404195,0.12373453318335208,0.6227225169671213,0.07008453193944604,88,3048,2095,17
0.2297920137643814,0.028070175438596492,0.8380952380952381,0.40754423488236435,0.05432098765432099,0.12376933895921238,0.6228197364888013,0.07013463602867855,88,3047,2096,17
0.2298756092786789,0.028079132099553285,0.8380952380952381,0.40773867392572427,0.054337758567459093,0.12380416432189083,0.6229169560104812,0.07018474339242514,88,3046,2097,17
0.2299243062734604,0.028088094478135973,0.8380952380952381,0.4079331129690842,0.054354539839407044,0.1238390092879257,0.6230141755321612,0.07023485405096547,88,3045,2098,17
0.22992591559886932,0.0280970625798212,0.8380952380952381,0.4081275520124441,0.054371331479765216,0.12387387387387387,0.6231113950538412,0.07028496802457469,88,3044,2099,17
0.23010210692882538,0.02810603641009262,0.8380952380952381,0.408321991055804,0.054388133498145856,0.1239087580963109,0.6232086145755211,0.0703350853335236,88,3043,2100,17
0.23011814057826996,0.028115015974440896,0.8380952380952381,0.4085164300991639,0.05440494590417311,0.12394366197183099,0.623305834097201,0.07038520599807864,88,3042,2101,17
0.23014619946479797,0.028124001278363696,0.8380952380952381,0.4087108691425238,0.05442176870748299,0.12397858551704706,0.6234030536188809,0.07043533003850196,88,3041,2102,17
0.23016829788684845,0.028132992327365727,0.8380952380952381,0.4089053081858837,0.05443860191772348,0.12401352874859076,0.6235002731405609,0.07048545747505146,88,3040,2103,17
0.2301802933216095,0.028141989126958745,0.8380952380952381,0.40909974722924364,0.054455445544554455,0.1240484916831125,0.6235974926622408,0.07053558832798082,88,3039,2104,17
0.23029597103595734,0.02815099168266155,0.8380952380952381,0.40929418627260356,0.05447229959764779,0.12408347433728144,0.6236947121839208,0.07058572261753959,88,3038,2105,17
0.23030820488929749,0.02816,0.8380952380952381,0.4094886253159635,0.05448916408668731,0.12411847672778561,0.6237919317056008,0.07063586036397318,88,3037,2106,17
0.23033779859542847,0.028169014084507043,0.8380952380952381,0.40968306435932333,0.05450603902136884,0.12415349887133183,0.6238891512272807,0.07068600158752295,88,3036,2107,17
0.23041805624961853,0.0281780339417227,0.8380952380952381,0.40987750340268325,0.05452292441140025,0.12418854078464578,0.6239863707489607,0.07073614630842627,88,3035,2108,17
0.23042015731334686,0.028187059577194105,0.8380952380952381,0.41007194244604317,0.05453982026650139,0.12422360248447205,0.6240835902706406,0.0707862945469165,88,3034,2109,17
0.23054711520671844,0.02819609099647549,0.8380952380952381,0.4102663814894031,0.05455672659640422,0.12425868398757413,0.6241808097923206,0.07083644632322308,88,3033,2110,17
0.23056501150131226,0.028205128205128206,0.8380952380952381,0.410460820532763,0.05457364341085271,0.12429378531073447,0.6242780293140006,0.07088660165757163,88,3032,2111,17
0.23058652877807617,0.028214171208720745,0.8380952380952381,0.41065525957612287,0.05459057071960298,0.12432890647075445,0.6243752488356805,0.07093676057018387,88,3031,2112,17
0.23062996566295624,0.028223220012828735,0.8380952380952381,0.4108496986194828,0.05460750853242321,0.1243640474844545,0.6244724683573605,0.07098692308127778,88,3030,2113,17
0.2306709587574005,0.02823227462303497,0.8380952380952381,0.4110441376628427,0.05462445685909373,0.12439920836867402,0.6245696878790404,0.0710370892110676,88,3029,2114,17
0.23115091025829315,0.028241335044929396,0.8380952380952381,0.4112385767062026,0.05464141570940702,0.1244343891402715,0.6246669074007204,0.07108725897976387,88,3028,2115,17
0.23121994733810425,0.02825040128410915,0.8380952380952381,0.41143301574956254,0.0546583850931677,0.12446958981612447,0.6247641269224004,0.07113743240757349,88,3027,2116,17
0.2312815636396408,0.028259473346178548,0.8380952380952381,0.4116274547929224,0.05467536502019261,0.1245048104131296,0.6248613464440802,0.07118760951469975,88,3026,2117,17
0.2313329428434372,0.028268551236749116,0.8380952380952381,0.4118218938362823,0.05469235550031075,0.12454005094820265,0.6249585659657602,0.07123779032134245,88,3025,2118,17
0.23135161399841309,0.028277634961439587,0.8380952380952381,0.41201633287964223,0.05470935654336338,0.1245753114382786,0.6250557854874401,0.0712879748476978,88,3024,2119,17
0.23136933147907257,0.028286724525875925,0.8380952380952381,0.41221077192300215,0.05472636815920398,0.12461059190031153,0.6251530050091201,0.07133816311395863,88,3023,2120,17
0.23144122958183289,0.02829581993569132,0.8380952380952381,0.41240521096636207,0.05474339035769829,0.12464589235127478,0.6252502245308,0.0713883551403143,88,3022,2121,17
0.23146024346351624,0.028304921196526216,0.8380952380952381,0.41259965000972193,0.054760423148724334,0.12468121280816095,0.62534744405248,0.07143855094695085,88,3021,2122,17
0.23152770102024078,0.028314028314028315,0.8380952380952381,0.41279408905308185,0.05477746654217242,0.12471655328798185,0.62544466357416,0.07148875055405098,88,3020,2123,17
0.23152852058410645,0.02832314129385259,0.8380952380952381,0.41298852809644176,0.0547945205479452,0.12475191380776864,0.6255418830958399,0.07153895398179412,88,3019,2124,17
0.23153609037399292,0.028332260141661302,0.8380952380952381,0.4131829671398017,0.05481158517595765,0.12478729438457176,0.6256391026175199,0.07158916125035648,88,3018,2125,17
0.23164866864681244,0.028341384863123993,0.8380952380952381,0.4133774061831616,0.05482866043613707,0.12482269503546099,0.6257363221391998,0.07163937237991108,88,3017,2126,17
0.2317010909318924,0.028350515463917526,0.8380952380952381,0.41357184522652146,0.054845746338423186,0.12485811577752554,0.6258335416608798,0.07168958739062783,88,3016,2127,17
0.23180967569351196,0.02835965194972607,0.8380952380952381,0.4137662842698814,0.05486284289276808,0.12489355662787398,0.6259307611825597,0.07173980630267351,88,3015,2128,17
0.23183947801589966,0.028368794326241134,0.8380952380952381,0.4139607233132413,0.054879950109136266,0.1249290176036343,0.6260279807042397,0.0717900291362119,88,3014,2129,17
0.2318432480096817,0.02837794259916156,0.8380952380952381,0.4141551623566012,0.05489706799750468,0.12496449872195399,0.6261252002259197,0.07184025591140376,88,3013,2130,17
0.23200051486492157,0.02838709677419355,0.8380952380952381,0.41434960139996113,0.054914196567862714,0.125,0.6262224197475996,0.07189048664840691,88,3012,2131,17
0.23200345039367676,0.02839625685705066,0.8380952380952381,0.414544040443321,0.05493133583021224,0.1250355214549588,0.6263196392692796,0.07194072136737627,88,3011,2132,17
0.2320113331079483,0.028405422853453842,0.8380952380952381,0.4147384794866809,0.05494848579456759,0.12507106310403637,0.6264168587909595,0.07199096008846388,88,3010,2133,17
0.23203907907009125,0.028414594769131416,0.8380952380952381,0.41493291853004083,0.05496564647095565,0.12510662496445835,0.6265140783126395,0.072041202831819,88,3009,2134,17
0.23209616541862488,0.028423772609819122,0.8380952380952381,0.41512735757340075,0.054982817869415807,0.12514220705346984,0.6266112978343195,0.07209144961758808,88,3008,2135,17
0.23214562237262726,0.028432956381260095,0.8380952380952381,0.41532179661676066,0.055,0.1251778093883357,0.6267085173559994,0.07214170046591489,88,3007,2136,17
0.23220746219158173,0.028442146089204912,0.8380952380952381,0.4155162356601205,0.05501719287277274,0.12521343198634036,0.6268057368776794,0.0721919553969405,88,3006,2137,17
0.23221510648727417,0.028451341739411575,0.8380952380952381,0.41571067470348044,0.05503439649781113,0.12524907486478792,0.6269029563993593,0.07224221443080334,88,3005,2138,17
0.23223814368247986,0.028460543337645538,0.8380952380952381,0.41590511374684036,0.05505161088520488,0.1252847380410023,0.6270001759210393,0.0722924775876393,88,3004,2139,17
0.23224672675132751,0.028469750889679714,0.8380952380952381,0.4160995527902003,0.05506883604505632,0.12532042153232698,0.6270973954427193,0.07234274488758169,88,3003,2140,17
0.23227088153362274,0.0284789644012945,0.8380952380952381,0.4162939918335602,0.05508607198748044,0.12535612535612536,0.6271946149643992,0.07239301635076134,88,3002,2141,17
0.2323676496744156,0.02848818387827776,0.8380952380952381,0.4164884308769201,0.055103318722604884,0.12539184952978055,0.6272918344860792,0.0724432919973066,88,3001,2142,17
0.23237267136573792,0.02849740932642487,0.8380952380952381,0.41668286992028,0.055120576260569994,0.12542759407069556,0.627389054007759,0.0724935718473435,88,3000,2143,17
0.23239830136299133,0.02850664075153871,0.8380952380952381,0.4168773089636399,0.05513784461152882,0.12546335899629313,0.627486273529439,0.0725438559209956,88,2999,2144,17
0.23239870369434357,0.028515878159429683,0.8380952380952381,0.4170717480069998,0.05515512378564713,0.12549914432401596,0.6275834930511189,0.07259414423838423,88,2998,2145,17
0.2324024736881256,0.02852512155591572,0.8380952380952381,0.4172661870503597,0.05517241379310345,0.12553495007132667,0.6276807125727989,0.07264443681962844,88,2997,2146,17
0.23241722583770752,0.028534370946822308,0.8380952380952381,0.41746062609371964,0.055189714644089054,0.12557077625570776,0.6277779320944789,0.07269473368484503,88,2996,2147,17
0.23243559896945953,0.028543626337982485,0.8380952380952381,0.4176550651370795,0.05520702634880803,0.1256066228946617,0.6278751516161588,0.07274503485414863,88,2995,2148,17
0.23258325457572937,0.02855288773523686,0.8380952380952381,0.4178495041804394,0.05522434891747725,0.125642490005711,0.6279723711378388,0.07279534034765174,88,2994,2149,17
0.23259660601615906,0.028562155144433627,0.8380952380952381,0.41804394322379934,0.05524168236032643,0.12567837760639816,0.6280695906595187,0.07284565018546481,88,2993,2150,17
0.2326371967792511,0.02857142857142857,0.8380952380952381,0.41823838226715926,0.05525902668759811,0.12571428571428572,0.6281668101811987,0.07289596438769619,88,2992,2151,17
0.23263779282569885,0.028580708022085094,0.8380952380952381,0.4184328213105192,0.05527638190954774,0.12575021434695627,0.6282640297028786,0.07294628297445226,88,2991,2152,17
0.23265855014324188,0.028589993502274202,0.8380952380952381,0.41862726035387904,0.05529374803644361,0.12578616352201258,0.6283612492245586,0.07299660596583743,88,2990,2153,17
0.23266984522342682,0.028599285017874555,0.8380952380952381,0.41882169939723896,0.05531112507856694,0.1258221332570775,0.6284584687462386,0.07304693338195427,88,2989,2154,17
0.23271135985851288,0.02860858257477243,0.8380952380952381,0.4190161384405989,0.055328513046211884,0.12585812356979406,0.6285556882679185,0.07309726524290339,88,2988,2155,17
0.23275460302829742,0.02861788617886179,0.8380952380952381,0.4192105774839588,0.055345911949685536,0.12589413447782546,0.6286529077895985,0.07314760156878365,88,2987,2156,17
0.2327675223350525,0.028627195836044242,0.8380952380952381,0.4194050165273187,0.05536332179930796,0.12593016599885518,0.6287501273112784,0.07319794237969211,88,2986,2157,17
0.23281191289424896,0.028636511552229092,0.8380952380952381,0.41959945557067857,0.05538074260541221,0.1259662181505869,0.6288473468329583,0.07324828769572413,88,2985,2158,17
0.2328173965215683,0.0283203125,0.8285714285714286,0.41959945557067857,0.05476864966949953,0.12457044673539519,0.6240854420710535,0.07053646461508371,87,2985,2158,18
0.23287425935268402,0.02832953435363074,0.8285714285714286,0.4197938946140385,0.05478589420654912,0.12460613004869665,0.6241826615927335,0.07058700389452462,87,2984,2159,18
0.23293396830558777,0.028338762214983715,0.8285714285714286,0.4199883336573984,0.054803149606299215,0.12464183381088825,0.6242798811144135,0.07063754728919724,87,2983,2160,18
0.23294037580490112,0.028347996089931573,0.8285714285714286,0.4201827727007583,0.054820415879017016,0.12467755803955288,0.6243771006360934,0.07068809481945106,87,2982,2161,18
0.23303258419036865,0.028357235984354627,0.8285714285714286,0.42037721174411824,0.05483769303498267,0.12471330275229357,0.6244743201577734,0.07073864650563333,87,2981,2162,18
0.23306560516357422,0.028366481904140855,0.8285714285714286,0.4205716507874781,0.05485498108448928,0.12474906796673359,0.6245715396794533,0.07078920236808912,87,2980,2163,18
0.23309500515460968,0.02837573385518591,0.8285714285714286,0.420766089830838,0.05487228003784295,0.12478485370051635,0.6246687592011333,0.07083976242716139,87,2979,2164,18
0.23310427367687225,0.02838499184339315,0.8285714285714286,0.42096052887419794,0.05488958990536277,0.12482065997130559,0.6247659787228133,0.07089032670319095,87,2978,2165,18
0.23315492272377014,0.02839425587467363,0.8285714285714286,0.42115496791755785,0.05490691069738088,0.12485648679678531,0.6248631982444932,0.0709408952165166,87,2977,2166,18
0.23325812816619873,0.02840352595494613,0.8285714285714286,0.42134940696091777,0.054924242424242424,0.12489233419465978,0.6249604177661732,0.07099146798747513,87,2976,2167,18
0.23327696323394775,0.028412802090137166,0.8285714285714286,0.42154384600427763,0.05494158509630565,0.12492820218265364,0.6250576372878531,0.07104204503640135,87,2975,2168,18
0.23327702283859253,0.028422084286180985,0.8285714285714286,0.42173828504763755,0.054958938723941884,0.12496409077851192,0.6251548568095331,0.07109262638362819,87,2974,2169,18
0.23346082866191864,0.028431372549019607,0.8285714285714286,0.42193272409099747,0.054976303317535544,0.125,0.625252076331213,0.0711432120494867,87,2973,2170,18
0.23350897431373596,0.02844066688460281,0.8285714285714286,0.4221271631343574,0.054993678887484194,0.1250359298649037,0.625349295852893,0.07119380205430609,87,2972,2171,18
0.2335357815027237,0.028449967298888164,0.8285714285714286,0.4223216021777173,0.055011065444198544,0.12507188039102932,0.625446515374573,0.0712443964184138,87,2971,2172,18
0.23355375230312347,0.02845927379784102,0.8285714285714286,0.42251604122107717,0.05502846299810247,0.12510785159620363,0.6255437348962529,0.07129499516213557,87,2970,2173,18
0.23364455997943878,0.028468586387434554,0.8285714285714286,0.4227104802644371,0.05504587155963303,0.12514384349827387,0.6256409544179329,0.07134559830579541,87,2969,2174,18
0.23374919593334198,0.028477905073649754,0.8285714285714286,0.422904919307797,0.05506329113924051,0.1251798561151079,0.6257381739396128,0.07139620586971572,87,2968,2175,18
0.23378166556358337,0.02848722986247544,0.8285714285714286,0.4230993583511569,0.055080721747388414,0.12521588946459414,0.6258353934612928,0.07144681787421729,87,2967,2176,18
0.23386342823505402,0.028496560759908286,0.8285714285714286,0.42329379739451684,0.055098163394553513,0.12525194356464153,0.6259326129829728,0.07149743433961935,87,2966,2177,18
0.23387511074543,0.028505897771952816,0.8285714285714286,0.42348823643787675,0.055115616091225846,0.12528801843317972,0.6260298325046527,0.07154805528623964,87,2965,2178,18
0.23393218219280243,0.028515240904621434,0.8285714285714286,0.4236826754812366,0.055133079847908745,0.12532411408815902,0.6261270520263327,0.07159868073439443,87,2964,2179,18
0.2340652346611023,0.028524590163934428,0.8285714285714286,0.42387711452459653,0.05515055467511886,0.12536023054755044,0.6262242715480126,0.07164931070439859,87,2963,2180,18
0.23431827127933502,0.028533945555919975,0.8285714285714286,0.42407155356795645,0.055168040583386174,0.12539636782934563,0.6263214910696926,0.07169994521656561,87,2962,2181,18
0.23433923721313477,0.028543307086614175,0.8285714285714286,0.42426599261131637,0.05518553758325404,0.1254325259515571,0.6264187105913726,0.07175058429120763,87,2961,2182,18
0.23434919118881226,0.028552674762061043,0.8285714285714286,0.4244604316546763,0.05520304568527919,0.12546870493221807,0.6265159301130525,0.07180122794863555,87,2960,2183,18
0.2346104383468628,0.02856204858831254,0.8285714285714286,0.42465487069803615,0.055220564900031736,0.12550490478938256,0.6266131496347324,0.071851876209159,87,2959,2184,18
0.23474489152431488,0.02857142857142857,0.8285714285714286,0.42484930974139606,0.05523809523809524,0.12554112554112554,0.6267103691564123,0.07190252909308645,87,2958,2185,18
0.23492799699306488,0.028580814717477004,0.8285714285714286,0.425043748784756,0.05525563671006669,0.12557736720554272,0.6268075886780923,0.0719531866207252,87,2957,2186,18
0.23494069278240204,0.028590207032533684,0.8285714285714286,0.4252381878281159,0.055273189326556546,0.1256136298007508,0.6269048081997722,0.07200384881238144,87,2956,2187,18
0.235042005777359,0.028599605522682446,0.8285714285714286,0.4254326268714758,0.055290753098188754,0.12564991334488734,0.6270020277214522,0.07205451568836034,87,2955,2188,18
0.2351289689540863,0.028609010194015128,0.8285714285714286,0.4256270659148357,0.05530832803560076,0.12568621785611095,0.6270992472431322,0.07210518726896602,87,2954,2189,18
0.23517437279224396,0.028618421052631578,0.8285714285714286,0.4258215049581956,0.05532591414944356,0.12572254335260116,0.6271964667648121,0.07215586357450167,87,2953,2190,18
0.2351836860179901,0.028627838104639685,0.8285714285714286,0.4260159440015555,0.05534351145038168,0.12575888985255854,0.6272936862864921,0.07220654462526951,87,2952,2191,18
0.23527753353118896,0.028308097432521395,0.819047619047619,0.4260159440015555,0.05472478523703468,0.12434933487565067,0.6225317815245872,0.06950109285956867,86,2952,2191,19
0.23528426885604858,0.02831741850510372,0.819047619047619,0.42621038304491543,0.0547422024188415,0.12438530517789992,0.6226290010462672,0.06955195319077948,86,2951,2192,19
0.23534412682056427,0.028326745718050064,0.819047619047619,0.42640482208827535,0.05475963069086278,0.1244212962962963,0.6227262205679471,0.0696028178864154,86,2950,2193,19
0.235401451587677,0.028336079077429983,0.819047619047619,0.4265992611316352,0.05477707006369427,0.12445730824891461,0.6228234400896271,0.06965368696701192,86,2949,2194,19
0.23556195199489594,0.028345418589321027,0.819047619047619,0.4267937001749951,0.0547945205479452,0.12449334105385061,0.622920659611307,0.06970456045310311,86,2948,2195,19
0.2355763018131256,0.02835476425980877,0.819047619047619,0.42698813921835505,0.05481198215423837,0.12452939472922096,0.623017879132987,0.0697554383652217,86,2947,2196,19
0.2355777770280838,0.02836411609498681,0.819047619047619,0.42718257826171496,0.054829454893210075,0.12456546929316338,0.623115098654667,0.06980632072389913,86,2946,2197,19
0.23562124371528625,0.02837347410095678,0.819047619047619,0.4273770173050749,0.0548469387755102,0.12460156476383658,0.6232123181763469,0.06985720754966555,86,2945,2198,19
0.23564140498638153,0.02838283828382838,0.819047619047619,0.42757145634843474,0.054864433811802234,0.1246376811594203,0.6233095376980269,0.06990809886304993,86,2944,2199,19
0.23564596474170685,0.028392208649719378,0.819047619047619,0.42776589539179466,0.05488194001276324,0.1246738184981154,0.6234067572197068,0.06995899468458006,86,2943,2200,19
0.2356538623571396,0.028401585204755615,0.819047619047619,0.4279603344351546,0.054899457389083944,0.12470997679814386,0.6235039767413868,0.07000989503478262,86,2942,2201,19
0.2357608824968338,0.028410967955071028,0.819047619047619,0.4281547734785145,0.05491698595146871,0.12474615607774876,0.6236011962630668,0.0700607999341832,86,2941,2202,19
0.23581086099147797,0.028420356906807668,0.819047619047619,0.4283492125218744,0.05493452571063558,0.12478235635519443,0.6236984157847467,0.07011170940330638,86,2940,2203,19
0.23585450649261475,0.028429752066115702,0.819047619047619,0.4285436515652343,0.054952076677316296,0.12481857764876633,0.6237956353064267,0.07016262346267574,86,2939,2204,19
0.23585517704486847,0.028439153439153438,0.819047619047619,0.4287380906085942,0.05496963886225631,0.1248548199767712,0.6238928548281066,0.0702135421328139,86,2938,2205,19
0.23602548241615295,0.02844856103208733,0.819047619047619,0.4289325296519541,0.054987212276214836,0.12489108335753703,0.6239900743497866,0.07026446543424265,86,2937,2206,19
0.2360292226076126,0.028457974851091992,0.819047619047619,0.429126968695314,0.05500479692996482,0.12492736780941313,0.6240872938714666,0.07031539338748286,86,2936,2207,19
0.23606213927268982,0.028467394902350215,0.819047619047619,0.42932140773867394,0.05502239283429303,0.12496367335077012,0.6241845133931465,0.07036632601305463,86,2935,2208,19
0.23606576025485992,0.02847682119205298,0.819047619047619,0.4295158467820338,0.05504,0.125,0.6242817329148265,0.07041726333147731,86,2934,2209,19
0.2360738068819046,0.02848625372639947,0.819047619047619,0.4297102858253937,0.05505761843790013,0.12503634777551614,0.6243789524365064,0.07046820536326949,86,2933,2210,19
0.23608659207820892,0.028495692511597084,0.819047619047619,0.42990472486875364,0.055075248158821644,0.12507271669575334,0.6244761719581864,0.07051915212894916,86,2932,2211,19
0.23617829382419586,0.028505137553861453,0.819047619047619,0.43009916391211356,0.05509288917360666,0.12510910677916787,0.6245733914798663,0.07057010364903361,86,2931,2212,19
0.23624137043952942,0.028514588859416445,0.819047619047619,0.4302936029554735,0.05511054149311118,0.12514551804423749,0.6246706110015463,0.07062105994403961,86,2930,2213,19
0.23624983429908752,0.028524046434494195,0.819047619047619,0.4304880419988334,0.05512820512820513,0.12518195050946143,0.6247678305232263,0.07067202103448338,86,2929,2214,19
0.23630520701408386,0.028201725282017254,0.8095238095238095,0.4304880419988334,0.0545046489259378,0.12376237623762376,0.6200059257613215,0.06797080141636044,85,2929,2214,20
0.23642465472221375,0.028211085297046135,0.8095238095238095,0.43068248104219325,0.05452212957023733,0.12379842703175066,0.6201031452830014,0.06802193135116434,85,2928,2215,20
0.2365034818649292,0.028220451527224435,0.8095238095238095,0.4308769200855532,0.05453962143086301,0.12383449883449883,0.6202003648046813,0.06807306570672896,85,2927,2216,20
0.23652786016464233,0.028229823978744604,0.8095238095238095,0.4310713591289131,0.05455712451861361,0.12387059166423783,0.6202975843263613,0.06812420450378891,85,2926,2217,20
0.23655010759830475,0.02823920265780731,0.8095238095238095,0.431265798172273,0.05457463884430177,0.1239067055393586,0.6203948038480412,0.06817534776307782,85,2925,2218,20
0.23663583397865295,0.02824858757062147,0.8095238095238095,0.4314602372156329,0.054592164418754016,0.12394284047827354,0.6204920233697212,0.06822649550532839,85,2924,2219,20
0.23663929104804993,0.028257978723404256,0.8095238095238095,0.4316546762589928,0.0546097012528108,0.12397899649941657,0.6205892428914012,0.06827764775127242,85,2923,2220,20
0.23664267361164093,0.02826737612238111,0.8095238095238095,0.4318491153023527,0.05462724935732648,0.12401517362124306,0.6206864624130811,0.06832880452164086,85,2922,2221,20
0.2367701679468155,0.028276779773785763,0.8095238095238095,0.4320435543457126,0.0546448087431694,0.12405137186223,0.6207836819347611,0.06837996583716388,85,2921,2222,20
0.23686665296554565,0.028286189683860232,0.8095238095238095,0.43223799338907254,0.05466237942122187,0.12408759124087591,0.620880901456441,0.06843113171857088,85,2920,2223,20
0.23688484728336334,0.02829560585885486,0.8095238095238095,0.43243243243243246,0.054679961402380184,0.12412383177570094,0.620978120978121,0.06848230218659056,85,2919,2224,20
0.23695994913578033,0.028305028305028304,0.8095238095238095,0.4326268714757923,0.0546975546975547,0.12416009348524686,0.621075340499801,0.06853347726195094,85,2918,2225,20
0.23696622252464294,0.028314457028647568,0.8095238095238095,0.43282131051915224,0.05471515931766978,0.12419637638807715,0.6211725600214809,0.06858465696537945,85,2917,2226,20
0.236980602145195,0.028323892035988004,0.8095238095238095,0.43301574956251215,0.054732775273663874,0.12423268050277697,0.6212697795431609,0.06863584131760295,85,2916,2227,20
0.23699326813220978,0.028333333333333332,0.8095238095238095,0.43321018860587207,0.05475040257648953,0.12426900584795321,0.6213669990648408,0.06868703033934771,85,2915,2228,20
0.23699626326560974,0.028342780926975657,0.8095238095238095,0.433404627649232,0.0547680412371134,0.12430535244223458,0.6214642185865208,0.0687382240513396,85,2914,2229,20
0.23702087998390198,0.028352234823215475,0.8095238095238095,0.43359906669259185,0.05478569126651627,0.1243417203042715,0.6215614381082006,0.06878942247430402,85,2913,2230,20
0.2370578795671463,0.028361695028361694,0.8095238095238095,0.43379350573595177,0.0548033526756931,0.12437810945273632,0.6216586576298806,0.06884062562896597,85,2912,2231,20
0.2370750904083252,0.028371161548731642,0.8095238095238095,0.4339879447793117,0.05482102547565301,0.12441451990632318,0.6217558771515606,0.06889183353605009,85,2911,2232,20
0.2371727079153061,0.028380634390651086,0.8095238095238095,0.4341823838226716,0.054838709677419356,0.12445095168374817,0.6218530966732405,0.06894304621628077,85,2910,2233,20
0.2371736466884613,0.02839011356045424,0.8095238095238095,0.4343768228660315,0.05485640529202969,0.12448740480374927,0.6219503161949205,0.06899426369038211,85,2909,2234,20
0.23717710375785828,0.028399599064483794,0.8095238095238095,0.4345712619093914,0.05487411233053583,0.12452387928508643,0.6220475357166004,0.069045485979078,85,2908,2235,20
0.23718588054180145,0.028409090909090908,0.8095238095238095,0.4347657009527513,0.05489183080400387,0.12456037514654161,0.6221447552382804,0.06909671310309219,85,2907,2236,20
0.23721793293952942,0.02841858910063524,0.8095238095238095,0.4349601399961112,0.05490956072351421,0.12459689240691879,0.6222419747599603,0.06914794508314827,85,2906,2237,20
0.23725752532482147,0.028428093645484948,0.8095238095238095,0.43515457903947113,0.05492730210016155,0.12463343108504399,0.6223391942816403,0.06919918193996978,85,2905,2238,20
0.23726798593997955,0.02843760455001673,0.8095238095238095,0.43534901808283105,0.054945054945054944,0.12466999119976532,0.6224364138033203,0.06925042369428024,85,2904,2239,20
0.23729155957698822,0.028447121820615796,0.8095238095238095,0.4355434571261909,0.054962819269317814,0.12470657276995305,0.6225336333250002,0.06930167036680317,85,2903,2240,20
0.23744867742061615,0.02845664546367593,0.8095238095238095,0.43573789616955083,0.054980595084087966,0.12474317581449956,0.6226308528466802,0.06935292197826214,85,2902,2241,20
0.23758208751678467,0.028466175485599463,0.8095238095238095,0.43593233521291075,0.05499838240051763,0.12477980035231943,0.6227280723683601,0.06940417854938084,85,2901,2242,20
0.23762895166873932,0.02847571189279732,0.8095238095238095,0.43612677425627067,0.05501618122977346,0.12481644640234948,0.6228252918900401,0.06945544010088314,85,2900,2243,20
0.23766379058361053,0.02848525469168901,0.8095238095238095,0.4363212132996306,0.05503399158303658,0.12485311398354877,0.6229225114117201,0.06950670665349305,85,2899,2244,20
0.23779454827308655,0.02849480388870265,0.8095238095238095,0.43651565234299045,0.05505181347150259,0.12488980311489861,0.6230197309334,0.06955797822793483,85,2898,2245,20
0.23780584335327148,0.028504359490274984,0.8095238095238095,0.43671009138635036,0.0550696469063816,0.1249265138154027,0.62311695045508,0.06960925484493308,85,2897,2246,20
0.23782022297382355,0.028513921502851394,0.8095238095238095,0.4369045304297103,0.05508749189889825,0.12496324610408703,0.6232141699767599,0.06966053652521265,85,2896,2247,20
0.23782438039779663,0.028523489932885907,0.8095238095238095,0.4370989694730702,0.055105348460291734,0.125,0.6233113894984399,0.06971182328949883,85,2895,2248,20
0.23784279823303223,0.02853306478684122,0.8095238095238095,0.4372934085164301,0.05512321660181582,0.12503677552221243,0.6234086090201199,0.06976311515851731,85,2894,2249,20
0.2378472238779068,0.028542646071188716,0.8095238095238095,0.43748784755979003,0.05514109633473889,0.12507357268981753,0.6235058285417998,0.06981441215299423,85,2893,2250,20
0.23793627321720123,0.028552233792408465,0.8095238095238095,0.4376822866031499,0.05515898767034393,0.12511039152193112,0.6236030480634798,0.06986571429365626,85,2892,2251,20
0.23797936737537384,0.028561827956989246,0.8095238095238095,0.4378767256465098,0.055176890619928594,0.1251472320376914,0.6237002675851597,0.06991702160123059,85,2891,2252,20
0.23802171647548676,0.02857142857142857,0.8095238095238095,0.43807116468986973,0.05519480519480519,0.1251840942562592,0.6237974871068397,0.06996833409644507,85,2890,2253,20
0.23807260394096375,0.028581035642232685,0.8095238095238095,0.43826560373322965,0.055212731406300744,0.1252209781968179,0.6238947066285196,0.07001965180002813,85,2889,2254,20
0.23816397786140442,0.028590649175916583,0.8095238095238095,0.43846004277658956,0.05523066926575698,0.12525788387857353,0.6239919261501996,0.07007097473270893,85,2888,2255,20
0.23821359872817993,0.02860026917900404,0.8095238095238095,0.4386544818199494,0.055248618784530384,0.1252948113207547,0.6240891456718795,0.07012230291521734,85,2887,2256,20
0.23821884393692017,0.0286098956580276,0.8095238095238095,0.43884892086330934,0.055266579973992196,0.1253317605426128,0.6241863651935594,0.07017363636828404,85,2886,2257,20
0.23824076354503632,0.02861952861952862,0.8095238095238095,0.43904335990666926,0.055284552845528454,0.12536873156342182,0.6242835847152394,0.07022497511264049,85,2885,2258,20
0.23829203844070435,0.02862916807005726,0.8095238095238095,0.4392377989500292,0.05530253741054001,0.1254057244024786,0.6243808042369193,0.07027631916901904,85,2884,2259,20
0.23837798833847046,0.028638814016172506,0.8095238095238095,0.4394322379933891,0.05532053368044256,0.12544273907910272,0.6244780237585993,0.07032766855815295,85,2883,2260,20
0.23838305473327637,0.028648466464442197,0.8095238095238095,0.43962667703674896,0.055338541666666664,0.12547977561263654,0.6245752432802792,0.07037902330077644,85,2882,2261,20
0.23843199014663696,0.028658125421443022,0.8095238095238095,0.4398211160801089,0.05535656138065777,0.12551683402244537,0.6246724628019592,0.07043038341762474,85,2881,2262,20
0.23847144842147827,0.02866779089376054,0.8095238095238095,0.4400155551234688,0.05537459283387622,0.1255539143279173,0.6247696823236392,0.07048174892943411,85,2880,2263,20
0.2384970784187317,0.028677462887989204,0.8095238095238095,0.4402099941668287,0.05539263603779733,0.12559101654846336,0.6248669018453191,0.07053311985694188,85,2879,2264,20
0.23854565620422363,0.028687141410732364,0.8095238095238095,0.44040443321018863,0.05541069100391134,0.12562814070351758,0.6249641213669991,0.07058449622088656,85,2878,2265,20
0.23857852816581726,0.028696826468602294,0.8095238095238095,0.4405988722535485,0.05542875774372351,0.12566528681253697,0.625061340888679,0.07063587804200781,85,2877,2266,20
0.23864449560642242,0.028706518068220197,0.8095238095238095,0.4407933112969084,0.055446836268754074,0.12570245489500148,0.625158560410359,0.07068726534104654,85,2876,2267,20
0.23865070939064026,0.028716216216216218,0.8095238095238095,0.4409877503402683,0.05546492659053834,0.1257396449704142,0.625255779932039,0.0707386581387449,85,2875,2268,20
0.23868398368358612,0.02872592091922947,0.8095238095238095,0.44118218938362824,0.05548302872062663,0.12577685705830127,0.6253529994537189,0.07079005645584635,85,2874,2269,20
0.23888912796974182,0.028735632183908046,0.8095238095238095,0.44137662842698816,0.0555011426705844,0.12581409117821196,0.6254502189753989,0.07084146031309572,85,2873,2270,20
0.2389300912618637,0.02874535001690903,0.8095238095238095,0.441571067470348,0.05551926845199216,0.12585134734971867,0.6255474384970787,0.07089286973123929,85,2872,2271,20
0.2389499396085739,0.02875507442489851,0.8095238095238095,0.44176550651370794,0.055537406076445604,0.12588862559241706,0.6256446580187587,0.07094428473102467,85,2871,2272,20
0.23897163569927216,0.028764805414551606,0.8095238095238095,0.44195994555706786,0.05555555555555555,0.1259259259259259,0.6257418775404386,0.07099570533320108,85,2870,2273,20
0.23899424076080322,0.02877454299255247,0.8095238095238095,0.4421543846004278,0.05557371690094802,0.12596324836988737,0.6258390970621186,0.07104713155851922,85,2869,2274,20
0.23916268348693848,0.02878428716559431,0.8095238095238095,0.4423488236437877,0.05559189012426422,0.1260005929439668,0.6259363165837986,0.07109856342773135,85,2868,2275,20
0.23927488923072815,0.028794037940379404,0.8095238095238095,0.44254326268714755,0.05561007523716061,0.12603795966785292,0.6260335361054785,0.0711500009615914,85,2867,2276,20
0.23939774930477142,0.02880379532361911,0.8095238095238095,0.44273770173050747,0.055628272251308904,0.1260753485612578,0.6261307556271585,0.07120144418085492,85,2866,2277,20
0.23953129351139069,0.0288135593220339,0.8095238095238095,0.4429321407738674,0.05564648117839607,0.1261127596439169,0.6262279751488384,0.07125289310627923,85,2865,2278,20
0.23959626257419586,0.02882332994235334,0.8095238095238095,0.4431265798172273,0.05566470203012443,0.12615019293558918,0.6263251946705184,0.07130434775862335,85,2864,2279,20
0.23964613676071167,0.028833107191316147,0.8095238095238095,0.4433210188605872,0.05568293481821159,0.126187648456057,0.6264224141921984,0.07135580815864814,85,2863,2280,20
0.23964937031269073,0.028842891075670174,0.8095238095238095,0.4435154579039471,0.055701179554390565,0.12622512622512622,0.6265196337138783,0.07140727432711629,85,2862,2281,20
0.2398146688938141,0.02885268160217244,0.8095238095238095,0.443709896947307,0.055719436250409704,0.12626262626262627,0.6266168532355583,0.07145874628479237,85,2861,2282,20
0.23985055088996887,0.028862478777589132,0.8095238095238095,0.4439043359906669,0.05573770491803279,0.1263001485884101,0.6267140727572382,0.07151022405244291,85,2860,2283,20
0.23985475301742554,0.028532608695652172,0.8,0.4439043359906669,0.05510003279763857,0.1248513674197384,0.6219521679953335,0.06881962352589781,84,2860,2283,21
0.23986460268497467,0.02854230377166157,0.8,0.44409877503402684,0.05511811023622047,0.12488849241748438,0.6220493875170134,0.06887124212766706,84,2859,2284,21
0.23988591134548187,0.028552005438477225,0.8,0.44429321407738676,0.05513619954053167,0.12492563950029745,0.6221466070386934,0.06892286617932934,84,2858,2285,21
0.2399662882089615,0.02856171370282217,0.8,0.4444876531207467,0.0551543007222587,0.1249628086878905,0.6222438265603734,0.0689744957018344,84,2857,2286,21
0.24003654718399048,0.02857142857142857,0.8,0.44468209216410653,0.05517241379310345,0.125,0.6223410460820533,0.06902613071613349,84,2856,2287,21
0.24005679786205292,0.028581150051037767,0.8,0.44487653120746645,0.05519053876478318,0.12503721345638583,0.6224382656037333,0.06907777124317947,84,2855,2288,21
0.24008896946907043,0.02859087814840027,0.8,0.44507097025082637,0.055208675649030564,0.12507444907683143,0.6225354851254132,0.06912941730392681,84,2854,2289,21
0.24010610580444336,0.028600612870275793,0.8,0.4452654092941863,0.055226824457593686,0.12511170688114387,0.6226327046470932,0.06918106891933166,84,2853,2290,21
0.24017484486103058,0.02861035422343324,0.8,0.4454598483375462,0.055244985202236106,0.12514898688915377,0.6227299241687732,0.06923272611035189,84,2852,2291,21
0.24026821553707123,0.028620102214650767,0.8,0.44565428738090607,0.05526315789473684,0.12518628912071536,0.6228271436904531,0.06928438889794712,84,2851,2292,21
0.24033625423908234,0.028629856850715747,0.8,0.445848726424266,0.055281342546890426,0.1252236135957066,0.6229243632121331,0.06933605730307879,84,2850,2293,21
0.24034646153450012,0.028639618138424822,0.8,0.4460431654676259,0.055299539170506916,0.12526096033402923,0.623021582733813,0.06938773134671018,84,2849,2294,21
0.2403668463230133,0.0286493860845839,0.8,0.4462376045109858,0.05531774777741192,0.12529832935560858,0.623118802255493,0.06943941104980647,84,2848,2295,21
0.2404642254114151,0.028659160696008188,0.8,0.44643204355434574,0.05533596837944664,0.12533572068039392,0.623216021777173,0.06949109643333477,84,2847,2296,21
0.24057964980602264,0.028668941979522185,0.8,0.4466264825977056,0.055354200988467876,0.1253731343283582,0.6233132412988528,0.06954278751826422,84,2846,2297,21
0.24058710038661957,0.02867872994195971,0.8,0.4468209216410655,0.055372445616348055,0.12541057031949837,0.6234104608205328,0.06959448432556592,84,2845,2298,21
0.24061185121536255,0.028688524590163935,0.8,0.44701536068442543,0.05539070227497527,0.12544802867383512,0.6235076803422127,0.0696461868762131,84,2844,2299,21
0.24064253270626068,0.02869832593098736,0.8,0.44720979972778535,0.055408970976253295,0.1254855094114132,0.6236048998638927,0.0696978951911811,84,2843,2300,21
0.2407469004392624,0.028708133971291867,0.8,0.44740423877114527,0.05542725173210162,0.12552301255230125,0.6237021193855726,0.0697496092914474,84,2842,2301,21
0.24078841507434845,0.028717948717948718,0.8,0.44759867781450513,0.055445544554455446,0.12556053811659193,0.6237993389072526,0.0698013291979917,84,2841,2302,21
0.24081440269947052,0.028727770177838577,0.8,0.44779311685786505,0.055463849455265765,0.1255980861244019,0.6238965584289325,0.06985305493179597,84,2840,2303,21
0.24085085093975067,0.028737598357851522,0.8,0.44798755590122497,0.05548216644649934,0.12563565659587198,0.6239937779506125,0.06990478651384448,84,2839,2304,21
0.2408750355243683,0.028747433264887063,0.8,0.4481819949445849,0.05550049554013875,0.12567324955116696,0.6240909974722925,0.06995652396512379,84,2838,2305,21
0.2409384846687317,0.02875727490585416,0.8,0.4483764339879448,0.05551883674818242,0.1257108650104759,0.6241882169939724,0.0700082673066229,84,2837,2306,21
0.24094729125499725,0.028767123287671233,0.8,0.44857087303130466,0.05553719008264463,0.12574850299401197,0.6242854365156524,0.07006001655933326,84,2836,2307,21
0.2411920130252838,0.02877697841726619,0.8,0.4487653120746646,0.05555555555555555,0.12578616352201258,0.6243826560373323,0.07011177174424874,84,2835,2308,21
0.24134039878845215,0.02878684030157642,0.8,0.4489597511180245,0.055573933178961296,0.12582384661473936,0.6244798755590123,0.07016353288236575,84,2834,2309,21
0.24136123061180115,0.028796708947548853,0.8,0.4491541901613844,0.05559232296492389,0.12586155229247828,0.6245770950806923,0.07021529999468329,84,2833,2310,21
0.24137604236602783,0.02880658436213992,0.8,0.44934862920474433,0.05561072492552135,0.12589928057553956,0.6246743146023722,0.07026707310220293,84,2832,2311,21
0.24140381813049316,0.02881646655231561,0.8,0.4495430682481042,0.05562913907284768,0.12593703148425786,0.6247715341240521,0.07031885222592893,84,2831,2312,21
0.24142681062221527,0.028826355525051476,0.8,0.4497375072914641,0.05564756541901292,0.1259748050389922,0.624868753645732,0.07037063738686825,84,2830,2313,21
0.2414611130952835,0.028836251287332648,0.8,0.44993194633482403,0.055666003976143144,0.126012601260126,0.624965973167412,0.07042242860603057,84,2829,2314,21
0.2414654940366745,0.028846153846153848,0.8,0.45012638537818395,0.05568445475638051,0.12605042016806722,0.6250631926890919,0.07047422590442837,84,2828,2315,21
0.24148809909820557,0.028856063208519408,0.8,0.45032082442154386,0.05570291777188329,0.12608826178324828,0.6251604122107719,0.07052602930307696,84,2827,2316,21
0.2415224015712738,0.0288659793814433,0.8,0.4505152634649037,0.05572139303482587,0.12612612612612611,0.6252576317324519,0.07057783882299454,84,2826,2317,21
0.24152715504169464,0.028875902371949123,0.8,0.45070970250826364,0.055739880557398806,0.12616401321718235,0.6253548512541318,0.0706296544852022,84,2825,2318,21
0.2416558712720871,0.02888583218707015,0.8,0.45090414155162356,0.05575838035180883,0.12620192307692307,0.6254520707758118,0.07068147631072405,84,2824,2319,21
0.24166132509708405,0.02889576883384933,0.8,0.4510985805949835,0.055776892430278883,0.12623985572587917,0.6255492902974917,0.07073330432058718,84,2823,2320,21
0.2416631132364273,0.028905712319339298,0.8,0.4512930196383434,0.055795416805048154,0.12627781118460613,0.6256465098191717,0.07078513853582172,84,2822,2321,21
0.24167007207870483,0.02891566265060241,0.8,0.4514874586817033,0.05581395348837209,0.12631578947368421,0.6257437293408517,0.07083697897746093,84,2821,2322,21
0.2420375794172287,0.028925619834710745,0.8,0.4516818977250632,0.05583250249252243,0.1263537906137184,0.6258409488625316,0.07088882566654119,84,2820,2323,21
0.24207395315170288,0.028935583878746125,0.8,0.4518763367684231,0.05585106382978723,0.12639181462533855,0.6259381683842116,0.07094067862410208,84,2819,2324,21
0.2421487420797348,0.028945554789800137,0.8,0.452070775811783,0.0558696375124709,0.12642986152919927,0.6260353879058915,0.07099253787118644,84,2818,2325,21
0.24217592179775238,0.028955532574974147,0.8,0.4522652148551429,0.05588822355289421,0.12646793134598014,0.6261326074275715,0.07104440342884034,84,2817,2326,21
0.2422170788049698,0.028965517241379312,0.8,0.45245965389850284,0.055906821963394346,0.12650602409638553,0.6262298269492514,0.0710962753181132,84,2816,2327,21
0.24221938848495483,0.028975508796136598,0.8,0.4526540929418627,0.0559254327563249,0.12654413980114493,0.6263270464709314,0.07114815356005783,84,2815,2328,21
0.24231107532978058,0.028985507246376812,0.8,0.4528485319852226,0.055944055944055944,0.12658227848101267,0.6264242659926114,0.07120003817573038,84,2814,2329,21
0.24234846234321594,0.028995512599240592,0.8,0.45304297102858254,0.05596269153897402,0.12662044015676815,0.6265214855142913,0.07125192918619053,84,2813,2330,21
0.24239809811115265,0.029005524861878452,0.8,0.45323741007194246,0.055981339553482175,0.12665862484921592,0.6266187050359713,0.07130382661250141,84,2812,2331,21
0.24242918193340302,0.029015544041450778,0.8,0.4534318491153024,0.056,0.12669683257918551,0.6267159245576512,0.07135573047572973,84,2811,2332,21
0.2424907386302948,0.02902557014512785,0.8,0.45362628815866224,0.056018672890963656,0.12673506336753168,0.6268131440793312,0.07140764079694578,84,2810,2333,21
0.24250654876232147,0.029035603180089874,0.8,0.45382072720202216,0.056037358238825885,0.12677331723513433,0.6269103636010112,0.07145955759722347,84,2809,2334,21
0.242571622133255,0.029045643153526972,0.8,0.4540151662453821,0.056056056056056056,0.12681159420289856,0.6270075831226911,0.0715114808976404,84,2808,2335,21
0.24268895387649536,0.029055690072639227,0.8,0.454209605288742,0.056074766355140186,0.12684989429175475,0.6271048026443711,0.0715634107192779,84,2807,2336,21
0.2427622228860855,0.02906574394463668,0.8,0.4544040443321019,0.05609348914858097,0.1268882175226586,0.627202022166051,0.07161534708322102,84,2806,2337,21
0.24277903139591217,0.029075804776739357,0.8,0.45459848337546177,0.056112224448897796,0.12692656391659113,0.6272992416877309,0.07166729001055869,84,2805,2338,21
0.24279266595840454,0.029085872576177285,0.8,0.4547929224188217,0.056130972268626796,0.12696493349455865,0.6273964612094108,0.07171923952238367,84,2804,2339,21
0.24281726777553558,0.02909594735019051,0.8,0.4549873614621816,0.05614973262032086,0.12700332627759298,0.6274936807310908,0.07177119563979259,84,2803,2340,21
0.24287369847297668,0.029106029106029108,0.8,0.4551818005055415,0.05616850551654965,0.12704174228675136,0.6275909002527708,0.07182315838388605,84,2802,2341,21
0.24287879467010498,0.029116117850953208,0.8,0.45537623954890144,0.05618729096989967,0.12708018154311648,0.6276881197744507,0.07187512777576865,84,2801,2342,21
0.24291564524173737,0.02912621359223301,0.8,0.4555706785922613,0.05620608899297424,0.1271186440677966,0.6277853392961307,0.071927103836549,84,2800,2343,21
0.24309518933296204,0.029136316337148804,0.8,0.4557651176356212,0.05622489959839357,0.1271571298819255,0.6278825588178106,0.07197908658733981,84,2799,2344,21
0.243127703666687,0.02914642609299098,0.8,0.45595955667898114,0.056243722798794776,0.12719563900666264,0.6279797783394906,0.07203107604925789,84,2798,2345,21
0.24314509332180023,0.02915654286706005,0.8,0.45615399572234105,0.05626255860683188,0.12723417146319296,0.6280769978611705,0.07208307224342424,84,2797,2346,21
0.24315358698368073,0.028819444444444446,0.7904761904761904,0.45615399572234105,0.05561139028475712,0.12575757575757576,0.6233150930992657,0.06940041214627654,83,2797,2346,22
0.2431785613298416,0.02882945467176103,0.7904761904761904,0.45634843476570097,0.05563002680965148,0.12579569566535315,0.6234123126209457,0.06945252431458568,83,2796,2347,22
0.24318541586399078,0.028839471855455177,0.7904761904761904,0.45654287380906083,0.05564867582970164,0.12583383869011522,0.6235095321426256,0.06950464286612243,83,2795,2348,22
0.24320755898952484,0.028849496002780674,0.7904761904761904,0.45673731285242075,0.055667337357478204,0.12587200485289657,0.6236067516643056,0.06955676782216164,83,2794,2349,22
0.24326103925704956,0.028859527121001392,0.7904761904761904,0.45693175189578067,0.0556860114055686,0.1259101941747573,0.6237039711859855,0.06960889920398199,83,2793,2350,22
0.24327029287815094,0.028869565217391303,0.7904761904761904,0.4571261909391406,0.05570469798657718,0.125948406676783,0.6238011907076655,0.06966103703286601,83,2792,2351,22
0.24331416189670563,0.028879610299234516,0.7904761904761904,0.4573206299825005,0.05572339711312521,0.125986642380085,0.6238984102293454,0.06971318133010013,83,2791,2352,22
0.2433641403913498,0.02888966237382527,0.7904761904761904,0.45751506902586037,0.05574210879785091,0.12602490130580019,0.6239956297510254,0.06976533211697471,83,2790,2353,22
0.24339435994625092,0.028899721448467967,0.7904761904761904,0.4577095080692203,0.055760833053409474,0.12606318347509113,0.6240928492727054,0.0698174894147841,83,2789,2354,22
0.24348263442516327,0.028909787530477186,0.7904761904761904,0.4579039471125802,0.05577956989247312,0.12610148890914616,0.6241900687943853,0.06986965324482672,83,2788,2355,22
0.24349744617938995,0.0289198606271777,0.7904761904761904,0.4580983861559401,0.05579831932773109,0.12613981762917933,0.6242872883160653,0.06992182362840503,83,2787,2356,22
0.24352560937404633,0.028929940745904496,0.7904761904761904,0.45829282519930004,0.05581708137188971,0.12617816965643053,0.6243845078377452,0.06997400058682562,83,2786,2357,22
0.24374766647815704,0.02894002789400279,0.7904761904761904,0.45848726424265995,0.05583585603767238,0.12621654501216545,0.6244817273594252,0.07002618414139924,83,2785,2358,22
0.24375131726264954,0.028950122078828043,0.7904761904761904,0.4586817032860198,0.05585464333781965,0.1262549437176757,0.6245789468811052,0.07007837431344088,83,2784,2359,22
0.24378523230552673,0.02896022330774599,0.7904761904761904,0.45887614232937973,0.0558734432850892,0.12629336579427874,0.6246761664027851,0.07013057112426978,83,2783,2360,22
0.2438359409570694,0.028970331588132635,0.7904761904761904,0.45907058137273965,0.05589225589225589,0.1263318112633181,0.6247733859244651,0.07018277459520945,83,2782,2361,22
0.2440163940191269,0.028980446927374302,0.7904761904761904,0.45926502041609957,0.05591108117211182,0.12637028014616322,0.624870605446145,0.0702349847475878,83,2781,2362,22
0.24409881234169006,0.028990569332867623,0.7904761904761904,0.4594594594594595,0.05592991913746631,0.12640877246420956,0.624967824967825,0.07028720160273708,83,2780,2363,22
0.24414962530136108,0.029000698812019568,0.7904761904761904,0.45965389850281935,0.05594876980114594,0.12644728823887874,0.625065044489505,0.07033942518199401,83,2779,2364,22
0.2442089319229126,0.029010835372247464,0.7904761904761904,0.45984833754617926,0.055967633175994604,0.1264858274916184,0.6251622640111849,0.0703916555066998,83,2778,2365,22
0.2442176342010498,0.02902097902097902,0.7904761904761904,0.4600427765895392,0.055986509274873524,0.12652439024390244,0.6252594835328649,0.07044389259820016,83,2777,2366,22
0.24422957003116608,0.029031129765652326,0.7904761904761904,0.4602372156328991,0.05600539811066127,0.12656297651723086,0.6253567030545448,0.0704961364778454,83,2776,2367,22
0.24428078532218933,0.029041287613715886,0.7904761904761904,0.460431654676259,0.0560242996962538,0.12660158633312996,0.6254539225762248,0.07054838716699041,83,2775,2368,22
0.244381383061409,0.02905145257262863,0.7904761904761904,0.4606260937196189,0.056043214044564485,0.12664021971315229,0.6255511420979046,0.07060064468699477,83,2774,2369,22
0.24438944458961487,0.029061624649859945,0.7904761904761904,0.4608205327629788,0.05606214116852415,0.12667887667887667,0.6256483616195846,0.07065290905922278,83,2773,2370,22
0.2444361299276352,0.02907180385288967,0.7904761904761904,0.4610149718063387,0.056081081081081084,0.1267175572519084,0.6257455811412646,0.07070518030504344,83,2772,2371,22
0.24445028603076935,0.02908199018920813,0.7904761904761904,0.46120941084969863,0.05610003379520108,0.12675626145387905,0.6258428006629445,0.0707574584458306,83,2771,2372,22
0.2444712370634079,0.02909218366631616,0.7904761904761904,0.46140384989305855,0.05611899932386748,0.1267949893064467,0.6259400201846245,0.07080974350296293,83,2770,2373,22
0.24447710812091827,0.029102384291725104,0.7904761904761904,0.4615982889364184,0.056137977680081164,0.12683374083129584,0.6260372397063044,0.07086203549782398,83,2769,2374,22
0.24449512362480164,0.02911259207295686,0.7904761904761904,0.46179272797977833,0.05615696887686062,0.12687251605013758,0.6261344592279844,0.07091433445180224,83,2768,2375,22
0.2445606142282486,0.02912280701754386,0.7904761904761904,0.46198716702313825,0.05617597292724196,0.12691131498470948,0.6262316787496643,0.07096664038629118,83,2767,2376,22
0.24463675916194916,0.029133029133029134,0.7904761904761904,0.46218160606649816,0.056194989844278946,0.12695013765677576,0.6263288982713443,0.07101895332268927,83,2766,2377,22
0.2447114884853363,0.02914325842696629,0.7904761904761904,0.4623760451098581,0.05621401964104301,0.12698898408812728,0.6264261177930243,0.0710712732824001,83,2765,2378,22
0.2447664439678192,0.029153494906919566,0.7904761904761904,0.46257048415321794,0.05623306233062331,0.12702785430058158,0.6265233373147042,0.07112360028683228,83,2764,2379,22
0.2448675036430359,0.02881236823612087,0.780952380952381,0.46257048415321794,0.05557438156557099,0.12553582363747703,0.6217614325527995,0.06844452391596736,82,2764,2379,23
0.2449008971452713,0.028822495606326888,0.780952380952381,0.46276492319657786,0.05559322033898305,0.12557427258805512,0.6218586520744794,0.06849695357172908,82,2763,2380,23
0.24493828415870667,0.028832630098452883,0.780952380952381,0.4629593622399378,0.05561207188877586,0.1256127450980392,0.6219558715961594,0.06854938992838815,82,2762,2381,23
0.24504992365837097,0.02884277172001407,0.780952380952381,0.4631538012832977,0.05563093622795115,0.1256512411890898,0.6220530911178394,0.06860183300749147,82,2761,2382,23
0.2451021671295166,0.028501055594651655,0.7714285714285715,0.4631538012832977,0.05497115710892433,0.12415695892090742,0.6172911863559346,0.06592322393170087,81,2761,2382,24
0.2451976239681244,0.028511087645195353,0.7714285714285715,0.4633482403266576,0.054989816700611,0.12419503219871206,0.6173884058776146,0.06597576738636987,81,2760,2383,24
0.2452169507741928,0.02852112676056338,0.7714285714285715,0.4635426793700175,0.05500848896434635,0.12423312883435583,0.6174856253992944,0.06602831722053747,81,2759,2384,24
0.24523352086544037,0.028531172948221203,0.7714285714285715,0.4637371184133774,0.05502717391304348,0.1242712488493403,0.6175828449209744,0.06608087345588498,81,2758,2385,24
0.24546076357364655,0.02854122621564482,0.7714285714285715,0.4639315574567373,0.05504587155963303,0.12430939226519337,0.6176800644426543,0.06613343611409815,81,2757,2386,24
0.24555256962776184,0.02855128657032076,0.7714285714285715,0.4641259965000972,0.055064581917063225,0.12434755910346945,0.6177772839643343,0.06618600521686717,81,2756,2387,24
0.24567988514900208,0.028561354019746122,0.7714285714285715,0.46432043554345714,0.0550833049982999,0.12438574938574938,0.6178745034860142,0.06623858078588667,81,2755,2388,24
0.2459307610988617,0.02857142857142857,0.7714285714285715,0.464514874586817,0.05510204081632653,0.12442396313364056,0.6179717230076942,0.06629116284285584,81,2754,2389,24
0.24595269560813904,0.02858151023288638,0.7714285714285715,0.4647093136301769,0.05512078938414427,0.12446220036877689,0.6180689425293742,0.06634375140947846,81,2753,2390,24
0.2459634244441986,0.028591599011648428,0.7714285714285715,0.46490375267353684,0.05513955071477195,0.12450046111281894,0.6181661620510541,0.06639634650746287,81,2752,2391,24
0.24597057700157166,0.028601694915254237,0.7714285714285715,0.46509819171689676,0.05515832482124617,0.12453874538745388,0.6182633815727341,0.06644894815852218,81,2751,2392,24
0.24598820507526398,0.028611797951253973,0.7714285714285715,0.4652926307602567,0.055177111716621256,0.12457705321439556,0.618360601094414,0.0665015563843741,81,2750,2393,24
0.2461005002260208,0.02862190812720848,0.7714285714285715,0.4654870698036166,0.05519591141396934,0.12461538461538461,0.618457820616094,0.06655417120674118,81,2749,2394,24
0.24617242813110352,0.02863202545068929,0.7714285714285715,0.46568150884697646,0.05521472392638037,0.12465373961218837,0.618555040137774,0.06660679264735074,81,2748,2395,24
0.24643024802207947,0.028642149929278642,0.7714285714285715,0.4658759478903364,0.055233549266962154,0.12469211822660098,0.6186522596594539,0.06665942072793495,81,2747,2396,24
0.24649208784103394,0.02865228157056951,0.7714285714285715,0.4660703869336963,0.05525238744884038,0.12473052048044349,0.6187494791811339,0.0667120554702309,81,2746,2397,24
0.24652110040187836,0.028662420382165606,0.7714285714285715,0.4662648259770562,0.05527123848515865,0.12476894639556377,0.6188466987028138,0.0667646968959806,81,2745,2398,24
0.24661998450756073,0.028672566371681415,0.7714285714285715,0.4664592650204161,0.0552901023890785,0.12480739599383667,0.6189439182244938,0.06681734502693104,81,2744,2399,24
0.24662384390830994,0.02868271954674221,0.7714285714285715,0.466653704063776,0.05530897917377945,0.124845869297164,0.6190411377461738,0.06686999988483429,81,2743,2400,24
0.24663114547729492,0.028692879914984058,0.7714285714285715,0.4668481431071359,0.055327868852459015,0.12488436632747456,0.6191383572678537,0.06692266149144745,81,2742,2401,24
0.2467162162065506,0.028703047484053862,0.7714285714285715,0.4670425821504958,0.05534677143833276,0.12492288710672425,0.6192355767895337,0.06697532986853276,81,2741,2402,24
0.24672536551952362,0.02871322226160936,0.7714285714285715,0.46723702119385574,0.05536568694463431,0.12496143165689602,0.6193327963112136,0.06702800503785766,81,2740,2403,24
0.24675296247005463,0.02872340425531915,0.7714285714285715,0.46743146023721566,0.055384615384615386,0.125,0.6194300158328936,0.06708068702119477,81,2739,2404,24
0.24685047566890717,0.028733593472862716,0.7714285714285715,0.4676258992805755,0.05540355677154583,0.12503859215807347,0.6195272353545735,0.06713337584032199,81,2738,2405,24
0.2469150274991989,0.028743789921930447,0.7714285714285715,0.46782033832393544,0.05542251111871365,0.12507720815318096,0.6196244548762535,0.06718607151702254,81,2737,2406,24
0.24703828990459442,0.02875399361022364,0.7714285714285715,0.46801477736729535,0.055441478439425054,0.12511584800741427,0.6197216743979335,0.06723877407308496,81,2736,2407,24
0.24706587195396423,0.028764204545454544,0.7714285714285715,0.46820921641065527,0.05546045874700445,0.12515451174289247,0.6198188939196134,0.06729148353030323,81,2735,2408,24
0.24706704914569855,0.028774422735346358,0.7714285714285715,0.4684036554540152,0.05547945205479452,0.125193199381762,0.6199161134412934,0.06734419991047677,81,2734,2409,24
0.24717886745929718,0.028784648187633263,0.7714285714285715,0.46859809449737505,0.05549845837615622,0.12523191094619665,0.6200133329629732,0.0673969232354105,81,2733,2410,24
0.24721811711788177,0.028794880910060435,0.7714285714285715,0.46879253354073497,0.055517477724468814,0.12527064645839778,0.6201105524846532,0.06744965352691483,81,2732,2411,24
0.24735863506793976,0.028805120910384067,0.7714285714285715,0.4689869725840949,0.055536510113129926,0.12530940594059406,0.6202077720063331,0.0675023908068058,81,2731,2412,24
0.2473927140235901,0.0288153681963714,0.7714285714285715,0.4691814116274548,0.05555555555555555,0.12534818941504178,0.6203049915280131,0.0675551350969051,81,2730,2413,24
0.24762935936450958,0.02882562277580071,0.7714285714285715,0.4693758506708147,0.055574614065180106,0.12538699690402477,0.6204022110496931,0.06760788641904003,81,2729,2414,24
0.24776431918144226,0.028835884656461374,0.7714285714285715,0.4695702897141746,0.055593685655456415,0.12542582842985445,0.620499430571373,0.06766064479504369,81,2728,2415,24
0.24777363240718842,0.028846153846153848,0.7714285714285715,0.4697647287575345,0.055612770339855816,0.12546468401486988,0.620596650093053,0.0677134102467549,81,2727,2416,24
0.24778173863887787,0.028856430352689703,0.7714285714285715,0.4699591678008944,0.05563186813186813,0.12550356368143786,0.6206938696147329,0.06776618279601829,81,2726,2417,24
0.24789458513259888,0.02886671418389166,0.7714285714285715,0.47015360684425433,0.05565097904500172,0.12554246745195288,0.6207910891364129,0.06781896246468438,81,2725,2418,24
0.24796877801418304,0.028877005347593583,0.7714285714285715,0.47034804588761425,0.05567010309278351,0.12558139534883722,0.6208883086580929,0.0678717492746096,81,2724,2419,24
0.24797014892101288,0.028887303851640515,0.7714285714285715,0.4705424849309741,0.055689240288759025,0.12562034739454095,0.6209855281797728,0.06792454324765629,81,2723,2420,24
0.24800410866737366,0.02889760970388869,0.7714285714285715,0.47073692397433403,0.05570839064649243,0.12565932361154203,0.6210827477014528,0.06797734440569284,81,2722,2421,24
0.24803493916988373,0.028907922912205567,0.7714285714285715,0.47093136301769395,0.05572755417956656,0.12569832402234637,0.6211799672231327,0.06803015277059367,81,2721,2422,24
0.2480628937482834,0.028918243484469832,0.7714285714285715,0.47112580206105387,0.055746730901582935,0.12573734864948774,0.6212771867448127,0.06808296836423926,81,2720,2423,24
0.24813738465309143,0.02892857142857143,0.7714285714285715,0.4713202411044138,0.05576592082616179,0.12577639751552794,0.6213744062664927,0.06813579120851626,81,2719,2424,24
0.24816007912158966,0.028938906752411574,0.7714285714285715,0.47151468014777365,0.05578512396694215,0.12581547064305684,0.6214716257881725,0.06818862132531751,81,2718,2425,24
0.2481810301542282,0.028949249463902788,0.7714285714285715,0.47170911919113356,0.05580434033758181,0.12585456805469236,0.6215688453098525,0.06824145873654204,81,2717,2426,24
0.2482985258102417,0.028959599570968896,0.7714285714285715,0.4719035582344935,0.055823569951757405,0.12589368977308052,0.6216660648315324,0.06829430346409521,81,2716,2427,24
0.24831567704677582,0.028969957081545063,0.7714285714285715,0.4720979972778534,0.055842812823164424,0.1259328358208955,0.6217632843532124,0.06834715552988865,81,2715,2428,24
0.24835576117038727,0.028980322003577818,0.7714285714285715,0.4722924363212133,0.05586206896551724,0.12597200622083982,0.6218605038748923,0.0684000149558404,81,2714,2429,24
0.24859978258609772,0.028990694345025055,0.7714285714285715,0.47248687536457323,0.055881338392549156,0.12601120099564406,0.6219577233965723,0.06845288176387487,81,2713,2430,24
0.2486276626586914,0.02900107411385607,0.7714285714285715,0.4726813144079331,0.055900621118012424,0.12605042016806722,0.6220549429182523,0.06850575597592298,81,2712,2431,24
0.24869270622730255,0.029011461318051577,0.7714285714285715,0.472875753451293,0.05591991715567829,0.12608966376089664,0.6221521624399322,0.06855863761392211,81,2711,2432,24
0.24874503910541534,0.029021855965603725,0.7714285714285715,0.47307019249465293,0.05593922651933702,0.12612893179694798,0.6222493819616122,0.06861152669981624,81,2710,2433,24
0.2487754374742508,0.02903225806451613,0.7714285714285715,0.47326463153801285,0.05595854922279793,0.1261682242990654,0.6223466014832921,0.06866442325555588,81,2709,2434,24
0.24889114499092102,0.029042667622803872,0.7714285714285715,0.47345907058137277,0.05597788527988943,0.12620754129012154,0.6224438210049721,0.06871732730309826,81,2708,2435,24
0.24891042709350586,0.029053084648493543,0.7714285714285715,0.4736535096247326,0.05599723470445904,0.12624688279301746,0.622541040526652,0.06877023886440728,81,2707,2436,24
0.24905337393283844,0.02906350914962325,0.7714285714285715,0.47384794866809254,0.056016597510373446,0.12628624883068287,0.622638260048332,0.06882315796145352,81,2706,2437,24
0.24909047782421112,0.02907394113424264,0.7714285714285715,0.47404238771145246,0.05603597371151851,0.1263256394260761,0.622735479570012,0.06887608461621442,81,2705,2438,24
0.2495102435350418,0.029084380610412925,0.7714285714285715,0.4742368267548124,0.056055363321799306,0.12636505460218408,0.6228326990916919,0.06892901885067422,81,2704,2439,24
0.24954001605510712,0.029094827586206896,0.7714285714285715,0.4744312657981723,0.056074766355140186,0.12640449438202248,0.6229299186133719,0.06898196068682402,81,2703,2440,24
0.24975457787513733,0.029105282069708947,0.7714285714285715,0.47462570484153216,0.05609418282548476,0.12644395878863565,0.6230271381350518,0.06903491014666187,81,2702,2441,24
0.2497766762971878,0.029115744069015098,0.7714285714285715,0.4748201438848921,0.05611361274679598,0.12648344784509682,0.6231243576567318,0.06908786725219278,81,2701,2442,24
0.24980881810188293,0.02912621359223301,0.7714285714285715,0.475014582928252,0.056133056133056136,0.12652296157450796,0.6232215771784118,0.06914083202542876,81,2700,2443,24
0.2499382644891739,0.029136690647482016,0.7714285714285715,0.4752090219716119,0.056152512998266894,0.1265625,0.6233187967000917,0.06919380448838887,81,2699,2444,24
0.24995911121368408,0.029147175242893127,0.7714285714285715,0.47540346101497183,0.05617198335644938,0.12660206314473274,0.6234160162217717,0.06924678466309934,81,2698,2445,24
0.2501140534877777,0.029157667386609073,0.7714285714285715,0.4755979000583317,0.05619146722164412,0.12664165103189493,0.6235132357434516,0.0692997725715935,81,2697,2446,24
0.25014281272888184,0.0291681670867843,0.7714285714285715,0.4757923391016916,0.056210964607911175,0.12668126368470442,0.6236104552651316,0.06935276823591188,81,2696,2447,24
0.2501477301120758,0.029178674351585013,0.7714285714285715,0.4759867781450515,0.056230475529330096,0.12672090112640802,0.6237076747868116,0.06940577167810229,81,2695,2448,24
0.2501937448978424,0.02918918918918919,0.7714285714285715,0.47618121718841144,0.05625,0.1267605633802817,0.6238048943084915,0.0694587829202198,81,2694,2449,24
0.25019896030426025,0.029199711607786588,0.7714285714285715,0.47637565623177136,0.0562695380340396,0.12680025046963056,0.6239021138301715,0.06951180198432684,81,2693,2450,24
0.250264048576355,0.029210241615578794,0.7714285714285715,0.4765700952751312,0.056289089645587216,0.12683996241778892,0.6239993333518513,0.06956482889249321,81,2692,2451,24
0.2502889931201935,0.02922077922077922,0.7714285714285715,0.47676453431849114,0.056308654848800835,0.12687969924812031,0.6240965528735313,0.06961786366679616,81,2691,2452,24
0.25030606985092163,0.029231324431613137,0.7714285714285715,0.47695897336185106,0.056328233657858134,0.12691946098401755,0.6241937723952112,0.06967090632932041,81,2690,2453,24
0.2504196763038635,0.02924187725631769,0.7714285714285715,0.477153412405211,0.05634782608695652,0.12695924764890282,0.6242909919168912,0.0697239569021582,81,2689,2454,24
0.2504275143146515,0.02925243770314193,0.7714285714285715,0.4773478514485709,0.05636743215031315,0.12699905926622765,0.6243882114385712,0.06977701540740935,81,2688,2455,24
0.2504512369632721,0.02926300578034682,0.7714285714285715,0.47754229049193075,0.056387051862164986,0.12703889585947303,0.6244854309602511,0.0698300818671813,81,2687,2456,24
0.25051629543304443,0.029273581496205278,0.7714285714285715,0.47773672953529067,0.056406685236768804,0.12707875745214936,0.6245826504819311,0.06988315630358914,81,2686,2457,24
0.250522643327713,0.02928416485900217,0.7714285714285715,0.4779311685786506,0.05642633228840126,0.1271186440677966,0.624679870003611,0.0699362387387557,81,2685,2458,24
0.250540554523468,0.029294755877034357,0.7714285714285715,0.4781256076220105,0.05644599303135889,0.1271585557299843,0.624777089525291,0.06998932919481152,81,2684,2459,24
0.2505570352077484,0.02930535455861071,0.7714285714285715,0.4783200466653704,0.056465667479958175,0.12719849246231155,0.6248743090469709,0.07004242769389499,81,2683,2460,24
0.2507185637950897,0.029315960912052116,0.7714285714285715,0.4785144857087303,0.056485355648535567,0.12723845428840716,0.6249715285686509,0.07009553425815235,81,2682,2461,24
0.25073984265327454,0.029326574945691526,0.7714285714285715,0.4787089247520902,0.0565050575514475,0.1272784412319296,0.6250687480903309,0.0701486489097377,81,2681,2462,24
0.25076183676719666,0.02933719666787396,0.7714285714285715,0.4789033637954501,0.056524773203070484,0.1273184533165671,0.6251659676120108,0.07020177167081312,81,2680,2463,24
0.2507651746273041,0.029347826086956522,0.7714285714285715,0.47909780283881004,0.05654450261780105,0.12735849056603774,0.6252631871336908,0.07025490256354867,81,2679,2464,24
0.250801682472229,0.029358463211308444,0.7714285714285715,0.47929224188216996,0.05656424581005587,0.12739855300408934,0.6253604066553707,0.07030804161012245,81,2678,2465,24
0.2508791983127594,0.029369108049311095,0.7714285714285715,0.4794866809255299,0.05658400279427174,0.1274386406544997,0.6254576261770507,0.07036118883272065,81,2677,2466,24
0.25088754296302795,0.029379760609358,0.7714285714285715,0.47968111996888974,0.05660377358490566,0.1274787535410765,0.6255548456987305,0.07041434425353756,81,2676,2467,24
0.2511436939239502,0.02939042089985486,0.7714285714285715,0.47987555901224965,0.05662355819643481,0.12751889168765743,0.6256520652204105,0.07046750789477566,81,2675,2468,24
0.2511563301086426,0.0294010889292196,0.7714285714285715,0.48006999805560957,0.056643356643356645,0.12755905511811025,0.6257492847420905,0.0705206797786457,81,2674,2469,24
0.2512300908565521,0.029411764705882353,0.7714285714285715,0.4802644370989695,0.05666316894018888,0.1275992438563327,0.6258465042637704,0.07057385992736666,81,2673,2470,24
0.2513951063156128,0.029422448238285506,0.7714285714285715,0.4804588761423294,0.05668299510146956,0.12763945792625275,0.6259437237854504,0.07062704836316583,81,2672,2471,24
0.2514040172100067,0.02943313953488372,0.7714285714285715,0.48065331518568927,0.056702835141757085,0.1276796973518285,0.6260409433071303,0.07068024510827889,81,2671,2472,24
0.25140634179115295,0.029443838604143947,0.7714285714285715,0.4808477542290492,0.05672268907563025,0.12771996215704826,0.6261381628288103,0.07073345018494992,81,2670,2473,24
0.25152072310447693,0.02909090909090909,0.7619047619047619,0.4808477542290492,0.05604203152364273,0.12618296529968454,0.6213762580669056,0.06806190301564428,80,2670,2473,25
0.2515517473220825,0.029101491451436885,0.7619047619047619,0.4810421932724091,0.05606166783461808,0.12622278321236982,0.6214734775885855,0.06811517459992279,80,2669,2474,25
0.25155848264694214,0.02911208151382824,0.7619047619047619,0.481236632315769,0.05608131791097091,0.12626262626262627,0.6215706971102655,0.0681684541832117,80,2668,2475,25
0.2515791952610016,0.029122679286494358,0.7619047619047619,0.48143107135912894,0.056100981767180924,0.12630249447426586,0.6216679166319454,0.06822174178785415,80,2667,2476,25
0.25160035490989685,0.029133284777858703,0.7619047619047619,0.4816255104024888,0.05612065941774816,0.12634238787113075,0.6217651361536254,0.06827503743620138,80,2666,2477,25
0.25166770815849304,0.029143897996357013,0.7619047619047619,0.4818199494458487,0.056140350877192984,0.1263823064770932,0.6218623556753053,0.0683283411506128,80,2665,2478,25
0.25169265270233154,0.029154518950437316,0.7619047619047619,0.48201438848920863,0.05616005616005616,0.1264222503160556,0.6219595751969853,0.06838165295345602,80,2664,2479,25
0.2517579197883606,0.029165147648559972,0.7619047619047619,0.48220882753256855,0.056179775280898875,0.12646221941195068,0.6220567947186653,0.06843497286710695,80,2663,2480,25
0.25176161527633667,0.029175784099197667,0.7619047619047619,0.48240326657592847,0.056199508254302775,0.1265022137887413,0.6221540142403452,0.06848830091394974,80,2662,2481,25
0.25178489089012146,0.029186428310835462,0.7619047619047619,0.48259770561928833,0.05621925509486999,0.12654223347042076,0.6222512337620251,0.06854163711637695,80,2661,2482,25
0.2517872452735901,0.029197080291970802,0.7619047619047619,0.48279214466264825,0.056239015817223195,0.12658227848101267,0.622348453283705,0.0685949814967895,80,2660,2483,25
0.25180524587631226,0.029207740051113547,0.7619047619047619,0.48298658370600817,0.05625879043600562,0.12662234884457108,0.622445672805385,0.06864833407759675,80,2659,2484,25
0.2518196702003479,0.029218407596785977,0.7619047619047619,0.4831810227493681,0.056278578965881114,0.1266624445851805,0.622542892327065,0.06870169488121662,80,2658,2485,25
0.25190529227256775,0.029229082937522834,0.7619047619047619,0.483375461792728,0.05629838142153413,0.12670256572695598,0.6226401118487449,0.0687550639300755,80,2657,2486,25
0.2519867718219757,0.029239766081871343,0.7619047619047619,0.48356990083608786,0.056318197817669835,0.1267427122940431,0.6227373313704249,0.06880844124660837,80,2656,2487,25
0.25199446082115173,0.029250457038391225,0.7619047619047619,0.4837643398794478,0.056338028169014086,0.12678288431061807,0.6228345508921048,0.06886182685325891,80,2655,2488,25
0.25200608372688293,0.029261155815654718,0.7619047619047619,0.4839587789228077,0.05635787249031349,0.12682308180088775,0.6229317704137848,0.06891522077247943,80,2654,2489,25
0.25200799107551575,0.029271862422246615,0.7619047619047619,0.4841532179661676,0.05637773079633545,0.12686330478908975,0.6230289899354647,0.06896862302673099,80,2653,2490,25
0.2520897090435028,0.029282576866764276,0.7619047619047619,0.48434765700952753,0.05639760310186817,0.12690355329949238,0.6231262094571447,0.0690220336384834,80,2652,2491,25
0.25213518738746643,0.02929329915781765,0.7619047619047619,0.4845420960528874,0.056417489421720736,0.12694382735639478,0.6232234289788247,0.06907545263021535,80,2651,2492,25
0.2521430552005768,0.029304029304029304,0.7619047619047619,0.4847365350962473,0.0564373897707231,0.12698412698412698,0.6233206485005046,0.06912888002441434,80,2650,2493,25
0.25214868783950806,0.029314767314034446,0.7619047619047619,0.48493097413960723,0.056457304163726185,0.12702445220704986,0.6234178680221846,0.06918231584357686,80,2649,2494,25
0.2522132396697998,0.028958944281524925,0.7523809523809524,0.48493097413960723,0.05577126720790681,0.12547649301143582,0.6186559632602798,0.06651200247109006,79,2649,2494,26
0.2523562014102936,0.02896956362302897,0.7523809523809524,0.48512541318296715,0.0557909604519774,0.12551636479186526,0.6187531827819598,0.0665654962143365,79,2648,2495,26
0.2524210512638092,0.028980190755685985,0.7523809523809524,0.48531985222632706,0.055810667608618865,0.12555626191989827,0.6188504023036397,0.06661899805206521,79,2647,2496,26
0.2524549663066864,0.028990825688073395,0.7523809523809524,0.4855142912696869,0.0558303886925795,0.12559618441971382,0.6189476218253196,0.0666725080068621,79,2646,2497,26
0.252491295337677,0.029001468428781204,0.7523809523809524,0.48570873031304684,0.05585012371862849,0.12563613231552162,0.6190448413469996,0.06672602610132171,79,2645,2498,26
0.252498596906662,0.029012118986412046,0.7523809523809524,0.48590316935640676,0.05586987270155587,0.1256761056315622,0.6191420608686795,0.06677955235804729,79,2644,2499,26
0.2525593340396881,0.02902277736958119,0.7523809523809524,0.4860976083997667,0.05588963565617262,0.12571610439210693,0.6192392803903595,0.06683308679965078,79,2643,2500,26
0.25256749987602234,0.029033443586916573,0.7523809523809524,0.4862920474431266,0.055909412597310686,0.12575612862145813,0.6193364999120394,0.06688662944875291,79,2642,2501,26
0.25256848335266113,0.029044117647058824,0.7523809523809524,0.4864864864864865,0.05592920353982301,0.12579617834394904,0.6194337194337194,0.06694018032798325,79,2641,2502,26
0.2526625096797943,0.029054799558661273,0.7523809523809524,0.4866809255298464,0.05594900849858357,0.12583625358394393,0.6195309389553993,0.06699373945998024,79,2640,2503,26
0.2528155446052551,0.029065489330389993,0.7523809523809524,0.4868753645732063,0.05596882748848742,0.1258763543658381,0.6196281584770793,0.06704730686739123,79,2639,2504,26
0.25286033749580383,0.029076186970923814,0.7523809523809524,0.4870698036165662,0.05598866052445074,0.125916480714058,0.6197253779987593,0.06710088257287254,79,2638,2505,26
0.2528604567050934,0.029086892488954345,0.7523809523809524,0.48726424265992613,0.056008507621410845,0.12595663265306123,0.6198225975204392,0.0671544665990895,79,2637,2506,26
0.25286054611206055,0.029097605893186003,0.7523809523809524,0.48745868170328605,0.05602836879432624,0.12599681020733652,0.6199198170421192,0.06720805896871652,79,2636,2507,26
0.2529679536819458,0.029108327192336036,0.7523809523809524,0.4876531207466459,0.056048244058176655,0.12603701340140397,0.6200170365637991,0.06726165970443715,79,2635,2508,26
0.2530697286128998,0.029119056395134537,0.7523809523809524,0.4878475597900058,0.056068133427963095,0.12607724225981487,0.6201142560854791,0.06731526882894404,79,2634,2509,26
0.25317561626434326,0.029129793510324485,0.7523809523809524,0.48804199883336574,0.05608803691870785,0.12611749680715198,0.6202114756071591,0.06736888636493908,79,2633,2510,26
0.2532609701156616,0.029140538546661748,0.7523809523809524,0.48823643787672566,0.056107954545454544,0.1261577770680294,0.620308695128839,0.06742251233513344,79,2632,2511,26
0.25332528352737427,0.02915129151291513,0.7523809523809524,0.4884308769200856,0.056127886323268206,0.12619808306709265,0.620405914650519,0.06747614676224757,79,2631,2512,26
0.2535047233104706,0.02916205241786637,0.7523809523809524,0.48862531596344544,0.05614783226723525,0.12623841482901885,0.6205031341721989,0.0675297896690113,79,2630,2513,26
0.2535368502140045,0.029172821270310192,0.7523809523809524,0.48881975500680536,0.05616779239246356,0.12627877237851662,0.6206003536938789,0.06758344107816382,79,2629,2514,26
0.25355809926986694,0.029183598079054303,0.7523809523809524,0.4890141940501653,0.0561877667140825,0.12631915574032618,0.6206975732155589,0.0676371010124538,79,2628,2515,26
0.25375017523765564,0.029194382852919438,0.7523809523809524,0.4892086330935252,0.056207755247242974,0.12635956493921946,0.6207947927372388,0.06769076949463942,79,2627,2516,26
0.25377875566482544,0.028835489833641405,0.7428571428571429,0.4892086330935252,0.05551601423487545,0.1248,0.6160328879753341,0.06502153145040249,78,2627,2516,27
0.25382405519485474,0.028846153846153848,0.7428571428571429,0.4894030721368851,0.055535777856888575,0.12483994878361075,0.616130107497014,0.06507524896131092,78,2626,2517,27
0.2538263499736786,0.02885682574916759,0.7428571428571429,0.48959751118024497,0.05555555555555555,0.12487992315081652,0.616227327018694,0.06512897469151532,78,2625,2518,27
0.25382670760154724,0.028867505551443375,0.7428571428571429,0.4897919502236049,0.055575347345920914,0.12491992312620115,0.6163245465403739,0.06518270866385358,78,2624,2519,27
0.2540527880191803,0.028878193261754906,0.7428571428571429,0.4899863892669648,0.05559515324305061,0.12495994873438,0.6164217660620539,0.06523645090117278,78,2623,2520,27
0.25411880016326904,0.028888888888888888,0.7428571428571429,0.4901808283103247,0.05561497326203209,0.125,0.6165189855837339,0.06529020142632931,78,2622,2521,27
0.2541818916797638,0.028899592441645052,0.7428571428571429,0.49037526735368464,0.05563480741797432,0.12504007694773966,0.6166162051054138,0.06534396026218889,78,2621,2522,27
0.25418806076049805,0.028910303928836176,0.7428571428571429,0.4905697063970445,0.05565465572600785,0.12508017960230916,0.6167134246270937,0.06539772743162653,78,2620,2523,27
0.25431516766548157,0.028921023359288096,0.7428571428571429,0.4907641454404044,0.055674518201284794,0.12512030798845045,0.6168106441487736,0.06545150295752673,78,2619,2524,27
0.2543693780899048,0.028931750741839762,0.7428571428571429,0.49095858448376434,0.05569439485897894,0.1251604621309371,0.6169078636704536,0.06550528686278344,78,2618,2525,27
0.2543712258338928,0.02894248608534323,0.7428571428571429,0.49115302352712426,0.055714285714285716,0.12520064205457465,0.6170050831921335,0.06555907917030007,78,2617,2526,27
0.2545504570007324,0.028953229398663696,0.7428571428571429,0.4913474625704842,0.055734190782422297,0.1252408477842004,0.6171023027138135,0.06561287990298968,78,2616,2527,27
0.25456055998802185,0.028963980690679538,0.7428571428571429,0.49154190161384403,0.05575411007862759,0.12528107934468358,0.6171995222354935,0.06566668908377488,78,2615,2528,27
0.2546437084674835,0.02897473997028232,0.7428571428571429,0.49173634065720395,0.055774043618162315,0.12532133676092544,0.6172967417571734,0.06572050673558794,78,2614,2529,27
0.25470632314682007,0.028985507246376812,0.7428571428571429,0.49193077970056387,0.055793991416309016,0.1253616200578592,0.6173939612788534,0.06577433288137084,78,2613,2530,27
0.2547386884689331,0.02899628252788104,0.7428571428571429,0.4921252187439238,0.05581395348837209,0.12540192926045016,0.6174911808005333,0.06582816754407536,78,2612,2531,27
0.25484439730644226,0.02900706582372629,0.7428571428571429,0.4923196577872837,0.05583392984967788,0.1254422643936957,0.6175884003222133,0.06588201074666304,78,2611,2532,27
0.25484752655029297,0.029017857142857144,0.7428571428571429,0.49251409683064357,0.055853920515574654,0.12548262548262548,0.6176856198438933,0.06593586251210529,78,2610,2533,27
0.25490042567253113,0.029028656494231486,0.7428571428571429,0.4927085358740035,0.055873925501432664,0.12552301255230125,0.6177828393655732,0.06598972286338343,78,2609,2534,27
0.25490376353263855,0.029039463886820552,0.7428571428571429,0.4929029749173634,0.05589394482264421,0.12556342562781714,0.6178800588872532,0.06604359182348873,78,2608,2535,27
0.25491219758987427,0.02905027932960894,0.7428571428571429,0.4930974139607233,0.05591397849462366,0.12560386473429952,0.6179772784089331,0.06609746941542245,78,2607,2536,27
0.254949688911438,0.029061102831594635,0.7428571428571429,0.49329185300408324,0.055934026532807456,0.12564432989690721,0.6180744979306131,0.06615135566219593,78,2606,2537,27
0.25498440861701965,0.029071934401789044,0.7428571428571429,0.49348629204744315,0.05595408895265423,0.12568482114083146,0.618171717452293,0.0662052505868306,78,2605,2538,27
0.2549881935119629,0.029082774049217,0.7428571428571429,0.493680731090803,0.05597416576964478,0.12572533849129594,0.6182689369739729,0.06625915421235802,78,2604,2539,27
0.2552412450313568,0.02909362178291682,0.7428571428571429,0.49387517013416293,0.05599425699928212,0.12576588197355693,0.6183661564956529,0.06631306656181997,78,2603,2540,27
0.2552933990955353,0.029104477611940297,0.7428571428571429,0.49406960917752285,0.05601436265709156,0.12580645161290321,0.6184633760173328,0.06636698765826848,78,2602,2541,27
0.255372554063797,0.029115341545352745,0.7428571428571429,0.49426404822088277,0.05603448275862069,0.12584704743465633,0.6185605955390128,0.0664209175247659,78,2601,2542,27
0.2554534375667572,0.02912621359223301,0.7428571428571429,0.4944584872642427,0.056054617319439455,0.12588766946417043,0.6186578150606927,0.06647485618438487,78,2600,2543,27
0.2554624080657959,0.029137093761673515,0.7428571428571429,0.49465292630760255,0.056074766355140186,0.1259283177268324,0.6187550345823727,0.06652880366020845,78,2599,2544,27
0.255474328994751,0.02914798206278027,0.7428571428571429,0.49484736535096246,0.05609492988133765,0.12596899224806202,0.6188522541040526,0.0665827599753302,78,2598,2545,27
0.25547999143600464,0.029158878504672896,0.7428571428571429,0.4950418043943224,0.05611510791366906,0.1260096930533118,0.6189494736257326,0.06663672515285411,78,2597,2546,27
0.2556103765964508,0.02916978309648467,0.7428571428571429,0.4952362434376823,0.05613530046779417,0.12605042016806722,0.6190466931474126,0.06669069921589474,78,2596,2547,27
0.2557937204837799,0.029180695847362513,0.7428571428571429,0.4954306824810422,0.056155507559395246,0.12609117361784675,0.6191439126690925,0.06674468218757726,78,2595,2548,27
0.25584155321121216,0.02881736526946108,0.7333333333333333,0.4954306824810422,0.05545552754771336,0.12451487710219922,0.6143820079071878,0.06407660115006834,77,2595,2548,28
0.2558749318122864,0.028828154249344814,0.7333333333333333,0.4956251215244021,0.05547550432276657,0.12455516014234876,0.6144792274288677,0.06413062079325203,77,2594,2549,28
0.25594159960746765,0.02883895131086142,0.7333333333333333,0.495819560567762,0.0554954954954955,0.12459546925566344,0.6145764469505477,0.06418464901867099,77,2593,2550,28
0.25596845149993896,0.028849756463094792,0.7333333333333333,0.4960139996111219,0.0555155010814708,0.1246358044674652,0.6146736664722277,0.0642386858495173,77,2592,2551,28
0.25603339076042175,0.02886056971514243,0.7333333333333333,0.49620843865448183,0.05553552109628561,0.12467616580310881,0.6147708859939076,0.06429273130899338,77,2591,2552,28
0.2561444342136383,0.028871391076115485,0.7333333333333333,0.49640287769784175,0.05555555555555555,0.12471655328798185,0.6148681055155876,0.06434678542031201,77,2590,2553,28
0.25625717639923096,0.028882220555138786,0.7333333333333333,0.4965973167412016,0.0555756044749188,0.12475696694750486,0.6149653250372674,0.06440084820669642,77,2589,2554,28
0.25627800822257996,0.028893058161350845,0.7333333333333333,0.49679175578456153,0.0555956678700361,0.12479740680713128,0.6150625445589474,0.0644549196913803,77,2588,2555,28
0.2562806010246277,0.028903903903903905,0.7333333333333333,0.49698619482792145,0.055615745756590826,0.1248378728923476,0.6151597640806273,0.06450899989760786,77,2587,2556,28
0.25631967186927795,0.028914757791963952,0.7333333333333333,0.49718063387128136,0.05563583815028902,0.12487836522867338,0.6152569836023073,0.0645630888486339,77,2586,2557,28
0.2563970983028412,0.028925619834710745,0.7333333333333333,0.4973750729146413,0.05565594506685941,0.12491888384166126,0.6153542031239873,0.06461718656772385,77,2585,2558,28
0.25639915466308594,0.028560691469372415,0.7238095238095238,0.4973750729146413,0.0549530007230658,0.12333657903278157,0.6105922983620825,0.06194940500223688,76,2585,2558,29
0.2564024031162262,0.02857142857142857,0.7238095238095238,0.49756951195800114,0.05497287522603978,0.12337662337662338,0.6106895178837625,0.062003534759022774,76,2584,2559,29
0.2564898431301117,0.0285821737495299,0.7238095238095238,0.49776395100136106,0.05499276410998553,0.12341669373173109,0.6107867374054424,0.06205767295812301,76,2583,2560,29
0.2564952075481415,0.028592927012791574,0.7238095238095238,0.497958390044721,0.05501266739051755,0.12345679012345678,0.6108839569271224,0.06211181962286436,76,2582,2561,29
0.2564983665943146,0.02860368837034249,0.7238095238095238,0.4981528290880809,0.05503258508327299,0.12349691257718556,0.6109811764488023,0.062165974776583977,76,2581,2562,29
0.2565009295940399,0.0286144578313253,0.7238095238095238,0.4983472681314408,0.055052517203911626,0.1235370611183355,0.6110783959704823,0.062220138442629386,76,2580,2563,29
0.25656095147132874,0.02862523540489642,0.7238095238095238,0.4985417071748007,0.05507246376811594,0.12357723577235773,0.6111756154921623,0.06227431064435857,76,2579,2564,29
0.25665929913520813,0.028636021100226075,0.7238095238095238,0.4987361462181606,0.055092424791591155,0.1236174365647365,0.6112728350138422,0.06232849140514007,76,2578,2565,29
0.25669488310813904,0.028646814926498305,0.7238095238095238,0.4989305852615205,0.05511240029006526,0.12365766352098927,0.6113700545355222,0.06238268074835291,76,2577,2566,29
0.2567097842693329,0.02865761689291101,0.7238095238095238,0.4991250243048804,0.05513239027928908,0.12369791666666667,0.6114672740572021,0.0624368786973868,76,2576,2567,29
0.25673893094062805,0.028668427008675973,0.7238095238095238,0.49931946334824034,0.055152394775036286,0.12373819602735266,0.6115644935788821,0.06249108527564207,76,2575,2568,29
0.2569274604320526,0.028679245283018868,0.7238095238095238,0.4995139023916002,0.05517241379310345,0.1237785016286645,0.6116617131005619,0.06254530050652976,76,2574,2569,29
0.2570869028568268,0.028690071725179313,0.7238095238095238,0.4997083414349601,0.05519244734931009,0.12381883349625285,0.6117589326222419,0.06259952441347169,76,2573,2570,29
0.25709035992622375,0.028700906344410877,0.7238095238095238,0.49990278047832004,0.05521249545949873,0.12385919165580182,0.6118561521439219,0.06265375701990046,76,2572,2571,29
0.2571655213832855,0.02871174914998111,0.7238095238095238,0.50009721952168,0.055232558139534885,0.12389957613302902,0.6119533716656018,0.06270799834925958,76,2571,2572,29
0.2572091221809387,0.02872260015117158,0.7238095238095238,0.5002916585650399,0.055252635405307164,0.12393998695368558,0.6120505911872818,0.06276224842500341,76,2570,2573,29
0.25727835297584534,0.028733459357277884,0.7238095238095238,0.5004860976083998,0.05527272727272727,0.12398042414355628,0.6121478107089617,0.06281650727059737,76,2569,2574,29
0.25756436586380005,0.028744326777609682,0.7238095238095238,0.5006805366517597,0.05529283375773009,0.12402088772845953,0.6122450302306417,0.06287077490951778,76,2568,2575,29
0.25757157802581787,0.028755202421490732,0.7238095238095238,0.5008749756951196,0.055312954876273655,0.12406137773424747,0.6123422497523217,0.0629250513652521,76,2567,2576,29
0.2575872838497162,0.028766086298258896,0.7238095238095238,0.5010694147384794,0.05533309064433928,0.124101894186806,0.6124394692740016,0.0629793366612989,76,2566,2577,29
0.25761666893959045,0.02877697841726619,0.7238095238095238,0.5012638537818394,0.055353241077931534,0.12414243711205489,0.6125366887956816,0.06303363082116789,76,2565,2578,29
0.25761842727661133,0.02878787878787879,0.7238095238095238,0.5014582928251993,0.055373406193078324,0.12418300653594772,0.6126339083173615,0.06308793386838003,76,2564,2579,29
0.257698655128479,0.028798787419477074,0.7238095238095238,0.5016527318685592,0.05539358600583091,0.12422360248447205,0.6127311278390415,0.06314224582646752,76,2563,2580,29
0.25770747661590576,0.02880970432145565,0.7238095238095238,0.5018471709119191,0.055413780532263944,0.12426422498364945,0.6128283473607214,0.0631965667189739,76,2562,2581,29
0.25775447487831116,0.02882062950322336,0.7238095238095238,0.502041609955279,0.055433989788475566,0.1243048740595355,0.6129255668824014,0.06325089656945407,76,2561,2582,29
0.25778621435165405,0.028831562974203338,0.7238095238095238,0.5022360489986389,0.055454213790587376,0.1243455497382199,0.6130227864040814,0.06330523540147436,76,2560,2583,29
0.2578291594982147,0.028842504743833017,0.7238095238095238,0.5024304880419989,0.05547445255474453,0.12438625204582651,0.6131200059257613,0.06335958323861257,76,2559,2584,29
0.2578639090061188,0.02885345482156416,0.7238095238095238,0.5026249270853588,0.05549470609711574,0.12442698100851342,0.6132172254474413,0.06341394010445801,76,2558,2585,29
0.257867693901062,0.028864413216862894,0.7238095238095238,0.5028193661287187,0.05551497443389335,0.12446773665247297,0.6133144449691212,0.06346830602261162,76,2557,2586,29
0.2580042779445648,0.028875379939209727,0.7238095238095238,0.5030138051720785,0.055535257581293386,0.12450851900393185,0.6134116644908012,0.06352268101668589,76,2556,2587,29
0.25800445675849915,0.02888635499809958,0.7238095238095238,0.5032082442154384,0.05555555555555555,0.1245493280891511,0.6135088840124812,0.06357706511030504,76,2555,2588,29
0.2580047845840454,0.028897338403041824,0.7238095238095238,0.5034026832587983,0.05557586837294333,0.12459016393442623,0.6136061035341611,0.06363145832710501,76,2554,2589,29
0.2580193877220154,0.02890833016356029,0.7238095238095238,0.5035971223021583,0.055596196049743966,0.12463102656608724,0.6137033230558411,0.06368586069073352,76,2553,2590,29
0.25809839367866516,0.0289193302891933,0.7238095238095238,0.5037915613455182,0.05561653860226857,0.12467191601049869,0.613800542577521,0.0637402722248501,76,2552,2591,29
0.25811201333999634,0.02893033878949372,0.7238095238095238,0.5039860003888781,0.055636896046852125,0.12471283229405973,0.613897762099201,0.06379469295312622,76,2551,2592,29
0.2581251561641693,0.028941355674028942,0.7238095238095238,0.504180439432238,0.055657268399853535,0.1247537754432042,0.613994981620881,0.0638491228992452,76,2550,2593,29
0.25815320014953613,0.02895238095238095,0.7238095238095238,0.5043748784755979,0.05567765567765568,0.12479474548440066,0.6140922011425609,0.06390356208690243,76,2549,2594,29
0.25825610756874084,0.028963414634146343,0.7238095238095238,0.5045693175189578,0.055698057896665445,0.12483574244415244,0.6141894206642409,0.06395801053980531,76,2548,2595,29
0.2583061456680298,0.028974456728936334,0.7238095238095238,0.5047637565623178,0.05571847507331378,0.1248767663489977,0.6142866401859208,0.06401246828167328,76,2547,2596,29
0.25833988189697266,0.028985507246376812,0.7238095238095238,0.5049581956056777,0.055738907224055737,0.12491781722550953,0.6143838597076008,0.06406693533623803,76,2546,2597,29
0.2583542466163635,0.028996566196108357,0.7238095238095238,0.5051526346490375,0.05575935436537051,0.12495889510029595,0.6144810792292806,0.06412141172724334,76,2545,2598,29
0.2584310472011566,0.02900763358778626,0.7238095238095238,0.5053470736923974,0.05577981651376147,0.125,0.6145782987509606,0.06417589747844527,76,2544,2599,29
0.25845783948898315,0.029018709431080564,0.7238095238095238,0.5055415127357573,0.055800293685756244,0.12504113195129976,0.6146755182726406,0.0642303926136122,76,2543,2600,29
0.25846725702285767,0.029029793735676088,0.7238095238095238,0.5057359517791172,0.05582078589790672,0.1250822909809085,0.6147727377943205,0.06428489715652483,76,2542,2601,29
0.25854945182800293,0.02904088651127245,0.7238095238095238,0.5059303908224771,0.055841293166789124,0.1251234771155746,0.6148699573160005,0.06433941113097627,76,2541,2602,29
0.25855350494384766,0.0290519877675841,0.7238095238095238,0.5061248298658371,0.05586181550900404,0.1251646903820817,0.6149671768376804,0.0643939345607721,76,2540,2603,29
0.25879353284835815,0.029063097514340344,0.7238095238095238,0.506319268909197,0.05588235294117647,0.12520593080724876,0.6150643963593604,0.06444846746973039,76,2539,2604,29
0.2588357925415039,0.029074215761285386,0.7238095238095238,0.5065137079525569,0.05590290547995587,0.12524719841793014,0.6151616158810403,0.06450300988168174,76,2538,2605,29
0.2589021921157837,0.02908534251817834,0.7238095238095238,0.5067081469959168,0.05592347314201619,0.1252884932410155,0.6152588354027203,0.0645575618204694,76,2537,2606,29
0.2589207887649536,0.02909647779479326,0.7238095238095238,0.5069025860392767,0.055944055944055944,0.12532981530343007,0.6153560549244003,0.06461212330994927,76,2536,2607,29
0.2589218020439148,0.02910762160091919,0.7238095238095238,0.5070970250826365,0.055964653902798235,0.1253711646321346,0.6154532744460801,0.06466669437398995,76,2535,2608,29
0.2589831054210663,0.029118773946360154,0.7238095238095238,0.5072914641259965,0.05598526703499079,0.1254125412541254,0.6155504939677601,0.06472127503647282,76,2534,2609,29
0.2590128183364868,0.029129934840935224,0.7238095238095238,0.5074859031693564,0.05600589535740604,0.12545394519643446,0.61564771348944,0.06477586532129206,76,2533,2610,29
0.25927916169166565,0.029141104294478526,0.7238095238095238,0.5076803422127163,0.056026538886841136,0.12549537648612946,0.61574493301112,0.06483046525235475,76,2532,2611,29
0.25934314727783203,0.02915228231683928,0.7238095238095238,0.5078747812560762,0.05604719764011799,0.12553683515031383,0.6158421525328,0.06488507485358086,76,2531,2612,29
0.2593526542186737,0.02916346891788181,0.7238095238095238,0.5080692202994361,0.05606787163408337,0.1255783212161269,0.6159393720544799,0.06493969414890337,76,2530,2613,29
0.2595691978931427,0.029174664107485603,0.7238095238095238,0.508263659342796,0.05608856088560885,0.1256198347107438,0.6160365915761599,0.06499432316226822,76,2529,2614,29
0.25961893796920776,0.029185867895545316,0.7238095238095238,0.508458098386156,0.056109265411590996,0.12566137566137567,0.6161338110978398,0.06504896191763451,76,2528,2615,29
0.25965267419815063,0.029197080291970802,0.7238095238095238,0.5086525374295159,0.056129985228951254,0.1257029440952696,0.6162310306195198,0.06510361043897443,76,2527,2616,29
0.2597162127494812,0.029208301306687164,0.7238095238095238,0.5088469764728758,0.05615072035463613,0.1257445400397088,0.6163282501411997,0.06515826875027335,76,2526,2617,29
0.2597429156303406,0.029219530949634757,0.7238095238095238,0.5090414155162356,0.05617147080561715,0.12578616352201258,0.6164254696628797,0.0652129368755299,76,2525,2618,29
0.2598048448562622,0.02923076923076923,0.7238095238095238,0.5092358545595955,0.05619223659889094,0.12582781456953643,0.6165226891845597,0.06526761483875598,76,2524,2619,29
0.25984179973602295,0.029242016160061564,0.7238095238095238,0.5094302936029554,0.05621301775147929,0.12586949320967208,0.6166199087062396,0.06532230266397686,76,2523,2620,29
0.25984829664230347,0.029253271747498075,0.7238095238095238,0.5096247326463154,0.05623381428042915,0.12591119946984758,0.6167171282279196,0.06537700037523117,76,2522,2621,29
0.25992313027381897,0.029264536003080478,0.7238095238095238,0.5098191716896753,0.056254626202812734,0.12595293337752733,0.6168143477495995,0.06543170799657101,76,2521,2622,29
0.25998160243034363,0.029275808936825885,0.7238095238095238,0.5100136107330352,0.05627545353572751,0.1259946949602122,0.6169115672712795,0.06548642555206197,76,2520,2623,29
0.2602006196975708,0.02928709055876686,0.7238095238095238,0.5102080497763951,0.056296296296296296,0.12603648424543948,0.6170087867929595,0.06554115306578322,76,2519,2624,29
0.2603347897529602,0.029298380878951428,0.7238095238095238,0.510402488819755,0.056317154501667285,0.126078301260783,0.6171060063146394,0.0655958905618275,76,2518,2625,29
0.2604717016220093,0.029309679907443115,0.7238095238095238,0.510596927863115,0.056338028169014086,0.1261201460338533,0.6172032258363194,0.06565063806430123,76,2517,2626,29
0.26051539182662964,0.029320987654320986,0.7238095238095238,0.5107913669064749,0.05635891731553578,0.12616201859229748,0.6173004453579993,0.06570539559732455,76,2516,2627,29
0.26065874099731445,0.02933230412967966,0.7238095238095238,0.5109858059498348,0.05637982195845697,0.1262039189637994,0.6173976648796793,0.06576016318503135,76,2515,2628,29
0.26071885228157043,0.029343629343629343,0.7238095238095238,0.5111802449931946,0.05640074211502783,0.12624584717607973,0.6174948844013592,0.06581494085156935,76,2514,2629,29
0.26072895526885986,0.02935496330629587,0.7238095238095238,0.5113746840365545,0.05642167780252413,0.12628780325689598,0.6175921039230392,0.06586972862110016,76,2513,2630,29
0.2608625590801239,0.02936630602782071,0.7238095238095238,0.5115691230799144,0.05644262903824731,0.12632978723404256,0.6176893234447192,0.06592452651779926,76,2512,2631,29
0.2608914375305176,0.029377657518361036,0.7238095238095238,0.5117635621232743,0.05646359583952452,0.12637179913535085,0.6177865429663991,0.06597933456585618,76,2511,2632,29
0.26099100708961487,0.029389017788089715,0.7238095238095238,0.5119580011666343,0.056484578223708656,0.1264138389886893,0.6178837624880791,0.06603415278947446,76,2510,2633,29
0.26106196641921997,0.029400386847195356,0.7238095238095238,0.5121524402099942,0.05650557620817844,0.1264559068219634,0.617980982009759,0.06608898121287167,76,2509,2634,29
0.2611335813999176,0.029411764705882353,0.7238095238095238,0.5123468792533541,0.056526589810338417,0.12649800266311584,0.618078201531439,0.0661438198602796,76,2508,2635,29
0.2611725330352783,0.029423151374370887,0.7238095238095238,0.512541318296714,0.05654761904761905,0.12654012654012653,0.618175421053119,0.0661986687559442,76,2507,2636,29
0.26118004322052,0.02943454686289698,0.7238095238095238,0.5127357573400739,0.05656866393747674,0.12658227848101267,0.6182726405747989,0.06625352792412567,76,2506,2637,29
0.2612484097480774,0.029445951181712515,0.7238095238095238,0.5129301963834338,0.05658972449739389,0.12662445851382872,0.6183698600964789,0.0663083973890985,76,2505,2638,29
0.26129189133644104,0.02945736434108527,0.7238095238095238,0.5131246354267937,0.05661080074487896,0.12666666666666668,0.6184670796181587,0.06636327717515154,76,2504,2639,29
0.26146283745765686,0.029468786351298952,0.7238095238095238,0.5133190744701536,0.05663189269746647,0.12670890296765588,0.6185642991398387,0.06641816730658806,76,2503,2640,29
0.26146960258483887,0.02948021722265322,0.7238095238095238,0.5135135135135135,0.05665300037271711,0.12675116744496331,0.6186615186615186,0.0664730678077258,76,2502,2641,29
0.2614733576774597,0.029491656965463717,0.7238095238095238,0.5137079525568734,0.05667412378821775,0.12679346012679346,0.6187587381831986,0.06652797870289699,76,2501,2642,29
0.2614987790584564,0.029503105590062112,0.7238095238095238,0.5139023916002333,0.0566952629615815,0.1268357810413885,0.6188559577048786,0.06658290001644843,76,2500,2643,29
0.26151135563850403,0.029514563106796118,0.7238095238095238,0.5140968306435932,0.056716417910447764,0.12687813021702837,0.6189531772265585,0.06663783177274157,76,2499,2644,29
0.2615126967430115,0.029526029526029528,0.7238095238095238,0.5142912696869532,0.05673758865248227,0.12692050768203073,0.6190503967482385,0.06669277399615252,76,2498,2645,29
0.2616196572780609,0.029537504858142247,0.7238095238095238,0.5144857087303131,0.05675877520537715,0.12696291346475108,0.6191476162699184,0.06674772671107213,76,2497,2646,29
0.2616432309150696,0.029548989113530325,0.7238095238095238,0.514680147773673,0.05677997758685095,0.1270053475935829,0.6192448357915984,0.06680268994190602,76,2496,2647,29
0.2616863548755646,0.02956048230260599,0.7238095238095238,0.5148745868170329,0.05680119581464873,0.12704781009695754,0.6193420553132784,0.06685766371307471,76,2495,2648,29
0.261770099401474,0.029571984435797664,0.7238095238095238,0.5150690258603927,0.05682242990654206,0.12709030100334448,0.6194392748349582,0.06691264804901352,76,2494,2649,29
0.26183611154556274,0.02958349552355002,0.7238095238095238,0.5152634649037526,0.056843679880329095,0.12713282034125126,0.6195364943566382,0.06696764297417279,76,2493,2650,29
0.26187318563461304,0.029595015576323987,0.7238095238095238,0.5154579039471126,0.05686494575383464,0.12717536813922356,0.6196337138783181,0.06702264851301784,76,2492,2651,29
0.2618872821331024,0.029606544604596805,0.7238095238095238,0.5156523429904725,0.05688622754491018,0.12721794442584533,0.6197309333999981,0.06707766469002907,76,2491,2652,29
0.26188933849334717,0.029618082618862042,0.7238095238095238,0.5158467820338324,0.05690752527143392,0.12726054922973878,0.619828152921678,0.06713269152970196,76,2490,2653,29
0.2619346082210541,0.02962962962962963,0.7238095238095238,0.5160412210771923,0.05692883895131086,0.1273031825795645,0.619925372443358,0.06718772905654717,76,2489,2654,29
0.2619872987270355,0.029641185647425898,0.7238095238095238,0.5162356601205522,0.05695016860247284,0.12734584450402145,0.620022591965038,0.06724277729509061,76,2488,2655,29
0.2620377838611603,0.0296527506827936,0.7238095238095238,0.5164300991639121,0.05697151424287856,0.12738853503184713,0.6201198114867179,0.06729783626987342,76,2487,2656,29
0.26211071014404297,0.02966432474629196,0.7238095238095238,0.516624538207272,0.05699287589051369,0.12743125419181758,0.6202170310083979,0.0673529060054521,76,2486,2657,29
0.2621116042137146,0.02967590784849668,0.7238095238095238,0.516818977250632,0.05701425356339085,0.1274740020127474,0.6203142505300778,0.06740798652639855,76,2485,2658,29
0.262129545211792,0.0296875,0.7238095238095238,0.5170134162939918,0.05703564727954972,0.12751677852348994,0.6204114700517578,0.06746307785730007,76,2484,2659,29
0.26216813921928406,0.029699101211410707,0.7238095238095238,0.5172078553373517,0.057057057057057055,0.12755958375293722,0.6205086895734377,0.0675181800227595,76,2483,2660,29
0.2621856927871704,0.029710711493354185,0.7238095238095238,0.5174022943807116,0.05707848291400676,0.12760241773002015,0.6206059090951177,0.06757329304739522,76,2482,2661,29
0.26218706369400024,0.02972233085647243,0.7238095238095238,0.5175967334240715,0.05709992486851991,0.12764528048370843,0.6207031286167977,0.06762841695584118,76,2481,2662,29
0.2622314989566803,0.0297339593114241,0.7238095238095238,0.5177911724674314,0.05712138293874483,0.12768817204301075,0.6208003481384776,0.06768355177274704,76,2480,2663,29
0.2622770369052887,0.02974559686888454,0.7238095238095238,0.5179856115107914,0.05714285714285714,0.12773109243697478,0.6208975676601576,0.06773869752277815,76,2479,2664,29
0.26235368847846985,0.02975724353954581,0.7238095238095238,0.5181800505541513,0.0571643474990598,0.12777404169468728,0.6209947871818375,0.06779385423061567,76,2478,2665,29
0.2623565196990967,0.029768899334116725,0.7238095238095238,0.5183744895975112,0.05718585402558315,0.12781701984527413,0.6210920067035175,0.06784902192095653,76,2477,2666,29
0.2624313533306122,0.029780564263322883,0.7238095238095238,0.5185689286408711,0.05720737674068498,0.1278600269179004,0.6211892262251975,0.06790420061851357,76,2476,2667,29
0.26248475909233093,0.029792238337906705,0.7238095238095238,0.518763367684231,0.0572289156626506,0.12790306294177045,0.6212864457468774,0.0679593903480156,76,2475,2668,29
0.2625235319137573,0.02980392156862745,0.7238095238095238,0.518957806727591,0.05725047080979284,0.12794612794612795,0.6213836652685574,0.06801459113420735,76,2474,2669,29
0.2626110315322876,0.02981561396626128,0.7238095238095238,0.5191522457709508,0.05727204220045215,0.12798922196025597,0.6214808847902373,0.0680698030018497,76,2473,2670,29
0.2626435458660126,0.029827315541601257,0.7238095238095238,0.5193466848143107,0.05729362985299661,0.1280323450134771,0.6215781043119173,0.06812502597571954,76,2472,2671,29
0.2626480162143707,0.0298390263054574,0.7238095238095238,0.5195411238576706,0.05731523378582202,0.12807549713515334,0.6216753238335972,0.06818026008060998,76,2471,2672,29
0.2627209722995758,0.029850746268656716,0.7238095238095238,0.5197355629010305,0.057336854017351946,0.12811867835468643,0.6217725433552772,0.06823550534133033,76,2470,2673,29
0.2627832591533661,0.029469548133595286,0.7142857142857143,0.5197355629010305,0.05660377358490566,0.12647554806070826,0.6170106385933725,0.06556791001792613,75,2470,2673,30
0.26278409361839294,0.0294811320754717,0.7142857142857143,0.5199300019443904,0.056625141562853906,0.12651821862348178,0.6171078581150524,0.06562314619711224,75,2469,2674,30
0.26284632086753845,0.029492725127801808,0.7142857142857143,0.5201244409877503,0.05664652567975831,0.12656091798852515,0.6172050776367324,0.06567839320972238,75,2468,2675,30
0.2629159688949585,0.029504327301337528,0.7142857142857143,0.5203188800311103,0.056667925953910084,0.12660364618501013,0.6173022971584123,0.06573365108058951,75,2467,2676,30
0.2629188001155853,0.0295159386068477,0.7142857142857143,0.5205133190744702,0.05668934240362812,0.12664640324214793,0.6173995166800923,0.06578891983456263,75,2466,2677,30
0.2630216181278229,0.02952755905511811,0.7142857142857143,0.5207077581178301,0.05671077504725898,0.1266891891891892,0.6174967362017723,0.06584419949650668,75,2465,2678,30
0.2631109058856964,0.029539188656951557,0.7142857142857143,0.52090219716119,0.056732223903177004,0.12673200405542412,0.6175939557234522,0.06589949009130275,75,2464,2679,30
0.26312077045440674,0.02955082742316785,0.7142857142857143,0.5210966362045498,0.056753688989784334,0.12677484787018256,0.6176911752451321,0.06595479164384806,75,2463,2680,30
0.26312255859375,0.029562475364603862,0.7142857142857143,0.5212910752479097,0.05677517032551098,0.12681772066283395,0.617788394766812,0.066010104179056,75,2462,2681,30
0.2632133364677429,0.029574132492113565,0.7142857142857143,0.5214855142912697,0.05679666792881484,0.12686062246278756,0.617885614288492,0.06606542772185627,75,2461,2682,30
0.2632371187210083,0.029585798816568046,0.7142857142857143,0.5216799533346296,0.056818181818181816,0.12690355329949238,0.6179828338101719,0.06612076229719482,75,2460,2683,30
0.26334813237190247,0.029597474348855565,0.7142857142857143,0.5218743923779895,0.05683971201212581,0.12694651320243738,0.6180800533318519,0.06617610793003402,75,2459,2684,30
0.2634565830230713,0.029609159099881564,0.7142857142857143,0.5220688314213494,0.05686125852918878,0.12698950220115138,0.6181772728535319,0.06623146464535261,75,2458,2685,30
0.2634860873222351,0.02962085308056872,0.7142857142857143,0.5222632704647093,0.05688282138794084,0.12703252032520326,0.6182744923752118,0.06628683246814586,75,2457,2686,30
0.2635504901409149,0.029632556301856974,0.7142857142857143,0.5224577095080692,0.05690440060698027,0.12707556760420197,0.6183717118968918,0.06634221142342557,75,2456,2687,30
0.2636457085609436,0.029644268774703556,0.7142857142857143,0.5226521485514292,0.056925996204933584,0.1271186440677966,0.6184689314185717,0.06639760153622008,75,2455,2688,30
0.2637297809123993,0.02965599051008304,0.7142857142857143,0.5228465875947891,0.05694760820045558,0.1271617497456765,0.6185661509402517,0.06645300283157447,75,2454,2689,30
0.2637421786785126,0.02966772151898734,0.7142857142857143,0.5230410266381489,0.0569692366122294,0.12720488466757124,0.6186633704619315,0.06650841533455047,75,2453,2690,30
0.2637858986854553,0.0296794618124258,0.7142857142857143,0.5232354656815088,0.056990881458966566,0.12724804886325075,0.6187605899836115,0.06656383907022657,75,2452,2691,30
0.26384857296943665,0.029691211401425176,0.7142857142857143,0.5234299047248687,0.05701254275940707,0.12729124236252545,0.6188578095052915,0.06661927406369812,75,2451,2692,30
0.26392725110054016,0.0297029702970297,0.7142857142857143,0.5236243437682286,0.057034220532319393,0.1273344651952462,0.6189550290269714,0.06667472034007729,75,2450,2693,30
0.26393061876296997,0.029714738510301108,0.7142857142857143,0.5238187828115886,0.05705591479650057,0.12737771739130435,0.6190522485486514,0.06673017792449325,75,2449,2694,30
0.2640484571456909,0.029726516052318668,0.7142857142857143,0.5240132218549485,0.05707762557077625,0.127420998980632,0.6191494680703313,0.06678564684209212,75,2448,2695,30
0.2641094923019409,0.02973830293417922,0.7142857142857143,0.5242076608983084,0.05709935287400076,0.1274643099932019,0.6192466875920113,0.0668411271180371,75,2447,2696,30
0.2642156481742859,0.029750099166997224,0.7142857142857143,0.5244020999416683,0.05712109672505712,0.12750765045902754,0.6193439071136912,0.06689661877750847,75,2446,2697,30
0.2642194330692291,0.02976190476190476,0.7142857142857143,0.5245965389850282,0.05714285714285714,0.12755102040816327,0.6194411266353712,0.06695212184570368,75,2445,2698,30
0.26425158977508545,0.029773719730051607,0.7142857142857143,0.5247909780283881,0.057164634146341466,0.12759441987070433,0.6195383461570512,0.06700763634783743,75,2444,2699,30
0.2643299400806427,0.029785544082605243,0.7142857142857143,0.5249854170717481,0.0571864277544796,0.12763784887678692,0.6196355656787311,0.06706316230914165,75,2443,2700,30
0.26439324021339417,0.029797377830750895,0.7142857142857143,0.5251798561151079,0.057208237986270026,0.12768130745658834,0.6197327852004111,0.06711869975486566,75,2442,2701,30
0.26441648602485657,0.029809220985691574,0.7142857142857143,0.5253742951584678,0.05723006486074018,0.127724795640327,0.619830004722091,0.06717424871027615,75,2441,2702,30
0.2644917964935303,0.02982107355864811,0.7142857142857143,0.5255687342018277,0.05725190839694656,0.12776831345826234,0.619927224243771,0.06722980920065724,75,2440,2703,30
0.2645537853240967,0.029832935560859187,0.7142857142857143,0.5257631732451876,0.0572737686139748,0.1278118609406953,0.620024443765451,0.0672853812513106,75,2439,2704,30
0.26469528675079346,0.029844807003581376,0.7142857142857143,0.5259576122885475,0.057295645530939646,0.12785543811796796,0.6201216632871309,0.06734096488755546,75,2438,2705,30
0.26479312777519226,0.029856687898089172,0.7142857142857143,0.5261520513319075,0.0573175391669851,0.12789904502046384,0.6202188828088109,0.06739656013472867,75,2437,2706,30
0.26479873061180115,0.02986857825567503,0.7142857142857143,0.5263464903752674,0.05733944954128441,0.12794268167860798,0.6203161023304908,0.06745216701818474,75,2436,2707,30
0.2648220360279083,0.029880478087649404,0.7142857142857143,0.5265409294186273,0.05736137667304015,0.12798634812286688,0.6204133218521708,0.06750778556329597,75,2435,2708,30
0.2648261785507202,0.029892387405340774,0.7142857142857143,0.5267353684619872,0.057383320581484314,0.1280300443837487,0.6205105413738508,0.06756341579545243,75,2434,2709,30
0.2649417817592621,0.029904306220095694,0.7142857142857143,0.5269298075053471,0.0574052812858783,0.12807377049180327,0.6206077608955307,0.06761905774006205,75,2433,2710,30
0.2650463879108429,0.029916234543278818,0.7142857142857143,0.5271242465487069,0.05742725880551302,0.12811752647762215,0.6207049804172107,0.06767471142255069,75,2432,2711,30
0.2650544345378876,0.029928172386272944,0.7142857142857143,0.5273186855920668,0.057449253159708925,0.1281613123718387,0.6208021999388906,0.06773037686836218,75,2431,2712,30
0.26511234045028687,0.029540918163672655,0.7047619047619048,0.5273186855920668,0.056704980842911874,0.1264957264957265,0.6160402951769859,0.06506163356355708,74,2431,2712,31
0.2651495337486267,0.029552715654952075,0.7047619047619048,0.5275131246354268,0.05672671521655807,0.1265389876880985,0.6161375146986658,0.06511727522971375,74,2430,2713,31
0.2654111087322235,0.029564522572912505,0.7047619047619048,0.5277075636787867,0.05674846625766871,0.12658227848101267,0.6162347342203458,0.0651729283366218,74,2429,2714,31
0.26543813943862915,0.029576338928856916,0.7047619047619048,0.5279020027221466,0.05677023398542386,0.1266255989048597,0.6163319537420258,0.06522859290973472,74,2428,2715,31
0.2654435336589813,0.02958816473410636,0.7047619047619048,0.5280964417655065,0.056792018419033,0.1266689489900719,0.6164291732637057,0.06528426897452376,74,2427,2716,31
0.2654992341995239,0.0296,0.7047619047619048,0.5282908808088664,0.056813819577735125,0.1267123287671233,0.6165263927853857,0.06533995655647798,74,2426,2717,31
0.2655869424343109,0.029611844737895156,0.7047619047619048,0.5284853198522264,0.05683563748079877,0.12675573826652964,0.6166236123070656,0.06539565568110428,74,2425,2718,31
0.2656416594982147,0.029623698959167333,0.7047619047619048,0.5286797588955863,0.05685747214752209,0.12679917751884853,0.6167208318287456,0.06545136637392746,74,2424,2719,31
0.26568612456321716,0.029635562675210253,0.7047619047619048,0.5288741979389462,0.0568793235972329,0.12684264655467947,0.6168180513504256,0.0655070886604903,74,2423,2720,31
0.265806645154953,0.029647435897435896,0.7047619047619048,0.529068636982306,0.05690119184928873,0.12688614540466392,0.6169152708721054,0.06556282256635367,74,2422,2721,31
0.26582038402557373,0.02965931863727455,0.7047619047619048,0.5292630760256659,0.05692307692307692,0.1269296740994854,0.6170124903937854,0.06561856811709643,74,2421,2722,31
0.265847772359848,0.02967121090617482,0.7047619047619048,0.5294575150690258,0.05694497883801462,0.1269732326698696,0.6171097099154653,0.06567432533831567,74,2420,2723,31
0.26587343215942383,0.029683112715603692,0.7047619047619048,0.5296519541123857,0.05696689761354888,0.12701682114658427,0.6172069294371453,0.06573009425562666,74,2419,2724,31
0.2659391462802887,0.02969502407704655,0.7047619047619048,0.5298463931557457,0.05698883326915672,0.12706043956043955,0.6173041489588252,0.06578587489466294,74,2418,2725,31
0.2660539448261261,0.029706945002007226,0.7047619047619048,0.5300408321991056,0.05701078582434515,0.12710408794228786,0.6174013684805052,0.06584166728107638,74,2417,2726,31
0.2660709321498871,0.02971887550200803,0.7047619047619048,0.5302352712424655,0.057032755298651254,0.12714776632302405,0.6174985880021852,0.06589747144053724,74,2416,2727,31
0.2661270797252655,0.029730815588589796,0.7047619047619048,0.5304297102858254,0.05705474171164225,0.1271914747335854,0.6175958075238651,0.06595328739873423,74,2415,2728,31
0.26622557640075684,0.0297427652733119,0.7047619047619048,0.5306241493291853,0.05707674508291554,0.12723521320495185,0.6176930270455451,0.06600911518137455,74,2414,2729,31
0.2663450241088867,0.029754724567752314,0.7047619047619048,0.5308185883725453,0.05709876543209876,0.12727898176814587,0.617790246567225,0.066064954814184,74,2413,2730,31
0.26638033986091614,0.029766693483507644,0.7047619047619048,0.5310130274159051,0.057120802778849865,0.12732278045423262,0.6178874660889049,0.06612080632290694,74,2412,2731,31
0.2664582133293152,0.02977867203219316,0.7047619047619048,0.531207466459265,0.05714285714285714,0.12736660929432014,0.6179846856105848,0.0661766697333065,74,2411,2732,31
0.26667559146881104,0.029790660225442835,0.7047619047619048,0.5314019055026249,0.05716492854383932,0.12741046831955924,0.6180819051322648,0.06623254507116451,74,2410,2733,31
0.2666870951652527,0.029802658074909383,0.7047619047619048,0.5315963445459848,0.0571870170015456,0.12745435756114365,0.6181791246539448,0.06628843236228162,74,2409,2734,31
0.266803503036499,0.029814665592264304,0.7047619047619048,0.5317907835893447,0.057209122535755705,0.12749827705031014,0.6182763441756247,0.06634433163247731,74,2408,2735,31
0.26681283116340637,0.029826682789197905,0.7047619047619048,0.5319852226327046,0.05723124516627997,0.12754222681833852,0.6183735636973047,0.06640024290759003,74,2407,2736,31
0.26696163415908813,0.029838709677419355,0.7047619047619048,0.5321796616760646,0.05725338491295938,0.12758620689655173,0.6184707832189846,0.06645616621347719,74,2406,2737,31
0.2671563923358917,0.029850746268656716,0.7047619047619048,0.5323741007194245,0.05727554179566564,0.12763021731631596,0.6185680027406646,0.06651210157601527,74,2405,2738,31
0.26731473207473755,0.02986279257465698,0.7047619047619048,0.5325685397627844,0.057297715834301204,0.1276742581090407,0.6186652222623445,0.06656804902109983,74,2404,2739,31
0.2675405740737915,0.029874848607186113,0.7047619047619048,0.5327629788061443,0.05731990704879938,0.1277183293061788,0.6187624417840245,0.06662400857464562,74,2403,2740,31
0.26757100224494934,0.02988691437802908,0.7047619047619048,0.5329574178495042,0.05734211545912437,0.1277624309392265,0.6188596613057045,0.0666799802625866,74,2402,2741,31
0.26762455701828003,0.0298989898989899,0.7047619047619048,0.533151856892864,0.05736434108527132,0.12780656303972365,0.6189568808273844,0.06673596411087603,74,2401,2742,31
0.26764005422592163,0.029911075181891674,0.7047619047619048,0.533346295936224,0.05738658394726638,0.12785072563925362,0.6190541003490644,0.06679196014548651,74,2400,2743,31
0.26764607429504395,0.029923170238576626,0.7047619047619048,0.5335407349795839,0.057408844065166796,0.12789491876944348,0.6191513198707443,0.06684796839241006,74,2399,2744,31
0.26765578985214233,0.029935275080906147,0.7047619047619048,0.5337351740229438,0.05743112145906092,0.12793914246196403,0.6192485393924243,0.06690398887765815,74,2398,2745,31
0.2677699327468872,0.029947389720760824,0.7047619047619048,0.5339296130663037,0.05745341614906832,0.12798339674852993,0.6193457589141043,0.06696002162726182,74,2397,2746,31
0.2678033411502838,0.029959514170040485,0.7047619047619048,0.5341240521096636,0.05747572815533981,0.12802768166089964,0.6194429784357842,0.06701606666727165,74,2396,2747,31
0.267813503742218,0.029971648440664238,0.7047619047619048,0.5343184911530235,0.057498057498057496,0.12807199723087573,0.6195401979574642,0.06707212402375794,74,2395,2748,31
0.2679293155670166,0.029983792544570502,0.7047619047619048,0.5345129301963835,0.0575204041974349,0.1281163434903047,0.6196374174791441,0.06712819372281063,74,2394,2749,31
0.26793697476387024,0.029995946493717066,0.7047619047619048,0.5347073692397434,0.05754276827371695,0.12816072047107724,0.6197346370008241,0.06718427579053951,74,2393,2750,31
0.26795127987861633,0.030008110300081103,0.7047619047619048,0.5349018082831033,0.057565149747180085,0.1282051282051282,0.619831856522504,0.06724037025307414,74,2392,2751,31
0.26795634627342224,0.03002028397565923,0.7047619047619048,0.5350962473264631,0.05758754863813229,0.12824956672443674,0.619929076044184,0.06729647713656403,74,2391,2752,31
0.26806962490081787,0.030032467532467532,0.7047619047619048,0.535290686369823,0.057609964966913195,0.12829403606102635,0.620026295565864,0.06735259646717863,74,2390,2753,31
0.26807844638824463,0.030044660982541615,0.7047619047619048,0.5354851254131829,0.05763239875389408,0.12833853624696498,0.6201235150875439,0.0674087282711074,74,2389,2754,31
0.2680879533290863,0.030056864337936636,0.7047619047619048,0.5356795644565429,0.05765485001947799,0.12838306731436502,0.6202207346092239,0.06746487257455991,74,2388,2755,31
0.26819977164268494,0.030069077610727347,0.7047619047619048,0.5358740034999028,0.05767731878409977,0.12842762929538354,0.6203179541309038,0.06752102940376586,74,2387,2756,31
0.2682447135448456,0.03008130081300813,0.7047619047619048,0.5360684425432627,0.05769980506822612,0.1284722222222222,0.6204151736525838,0.06757719878497517,74,2386,2757,31
0.2682516276836395,0.030093533956893046,0.7047619047619048,0.5362628815866226,0.057722308892355696,0.12851684612712747,0.6205123931742638,0.06763338074445802,74,2385,2758,31
0.26845583319664,0.030105777054515868,0.7047619047619048,0.5364573206299825,0.05774483027701912,0.12856150104239056,0.6206096126959437,0.0676895753085049,74,2384,2759,31
0.2685772776603699,0.030118030118030117,0.7047619047619048,0.5366517596733424,0.05776736924277908,0.1286061870003476,0.6207068322176237,0.06774578250342675,74,2383,2760,31
0.2686503827571869,0.03013029315960912,0.7047619047619048,0.5368461987167024,0.05778992581023038,0.1286509040333797,0.6208040517393036,0.06780200235555489,74,2382,2761,31
0.2687101364135742,0.03014256619144603,0.7047619047619048,0.5370406377600622,0.0578125,0.12869565217391304,0.6209012712609835,0.06785823489124125,74,2381,2762,31
0.2687721252441406,0.03015484922575387,0.7047619047619048,0.5372350768034221,0.05783509183274717,0.12874043145441894,0.6209984907826634,0.06791448013685826,74,2380,2763,31
0.2688089907169342,0.030167142274765593,0.7047619047619048,0.537429515846782,0.05785770132916341,0.12878524190741386,0.6210957103043434,0.06797073811879904,74,2379,2764,31
0.2688111662864685,0.030179445350734094,0.7047619047619048,0.5376239548901419,0.05788032850997262,0.1288300835654596,0.6211929298260234,0.0680270088634774,74,2378,2765,31
0.26901647448539734,0.03019175846593227,0.7047619047619048,0.5378183939335018,0.057902973395931145,0.12887495646116337,0.6212901493477033,0.06808329239732792,74,2377,2766,31
0.26910024881362915,0.030204081632653063,0.7047619047619048,0.5380128329768618,0.05792563600782779,0.1289198606271777,0.6213873688693833,0.068139588746806,74,2376,2767,31
0.26910364627838135,0.030216414863209473,0.7047619047619048,0.5382072720202217,0.05794831636648395,0.12896479609620076,0.6214845883910632,0.06819589793838798,74,2375,2768,31
0.2691255807876587,0.03022875816993464,0.7047619047619048,0.5384017110635816,0.057971014492753624,0.1290097629009763,0.6215818079127432,0.0682522199985711,74,2374,2769,31
0.2691580653190613,0.030241111565181854,0.7047619047619048,0.5385961501069415,0.05799373040752351,0.1290547610742937,0.6216790274344232,0.06830855495387364,74,2373,2770,31
0.2691655457019806,0.03025347506132461,0.7047619047619048,0.5387905891503014,0.058016464131713054,0.12909979064898813,0.6217762469561031,0.06836490283083498,74,2372,2771,31
0.26924222707748413,0.030265848670756646,0.7047619047619048,0.5389850281936613,0.05803921568627451,0.12914485165794065,0.6218734664777831,0.06842126365601563,74,2371,2772,31
0.26926007866859436,0.030278232405891982,0.7047619047619048,0.5391794672370211,0.058061985092193014,0.12918994413407822,0.6219706859994629,0.06847763745599733,74,2370,2773,31
0.26938745379447937,0.03029062627916496,0.7047619047619048,0.5393739062803811,0.058084772370486655,0.12923506811037375,0.6220679055211429,0.06853402425738306,74,2369,2774,31
0.2693887948989868,0.030303030303030304,0.7047619047619048,0.539568345323741,0.058107577542206516,0.12928022361984626,0.6221651250428228,0.06859042408679718,74,2368,2775,31
0.26947614550590515,0.03031544448996313,0.7047619047619048,0.5397627843671009,0.05813040062843677,0.129325410695561,0.6222623445645028,0.06864683697088542,74,2367,2776,31
0.2695293724536896,0.030327868852459017,0.7047619047619048,0.5399572234104608,0.058153241650294694,0.12937062937062938,0.6223595640861828,0.06870326293631497,74,2366,2777,31
0.26954373717308044,0.03034030340303403,0.7047619047619048,0.5401516624538207,0.05817610062893082,0.12941587967820917,0.6224567836078627,0.06875970200977458,74,2365,2778,31
0.26965248584747314,0.030352748154224774,0.7047619047619048,0.5403461014971807,0.0581989775855289,0.12946116165150454,0.6225540031295427,0.06881615421797457,74,2364,2779,31
0.26985692977905273,0.030365203118588428,0.7047619047619048,0.5405405405405406,0.058221872541306056,0.1295064753237662,0.6226512226512226,0.06887261958764693,74,2363,2780,31
0.2699093520641327,0.030377668308702793,0.7047619047619048,0.5407349795839005,0.05824478551751279,0.12955182072829133,0.6227484421729026,0.06892909814554533,74,2362,2781,31
0.2700369358062744,0.030390143737166326,0.7047619047619048,0.5409294186272604,0.05826771653543307,0.1295971978984238,0.6228456616945826,0.06898558991844529,74,2361,2782,31
0.2700420022010803,0.030402629416598194,0.7047619047619048,0.5411238576706202,0.0582906656163844,0.1296426068675543,0.6229428812162625,0.06904209493314413,74,2360,2783,31
0.27013128995895386,0.030415125359638306,0.7047619047619048,0.5413182967139801,0.05831363278171789,0.12968804766912023,0.6230401007379425,0.0690986132164611,74,2359,2784,31
0.2701778709888458,0.03042763157894737,0.7047619047619048,0.54151273575734,0.05833661805281829,0.1297335203366059,0.6231373202596224,0.06915514479523745,74,2358,2785,31
0.27031487226486206,0.030440148087206912,0.7047619047619048,0.5417071748007,0.0583596214511041,0.12977902490354262,0.6232345397813024,0.06921168969633643,74,2357,2786,31
0.27040520310401917,0.030452674897119343,0.7047619047619048,0.5419016138440599,0.05838264299802761,0.12982456140350876,0.6233317593029823,0.06926824794664341,74,2356,2787,31
0.2705461084842682,0.03046521202140799,0.7047619047619048,0.5420960528874198,0.05840568271507498,0.12987012987012986,0.6234289788246623,0.06932481957306597,74,2355,2788,31
0.27062228322029114,0.030477759472817133,0.7047619047619048,0.5422904919307797,0.05842874062376629,0.12991573033707865,0.6235261983463423,0.06938140460253385,74,2354,2789,31
0.2706927955150604,0.030490317264112072,0.7047619047619048,0.5424849309741396,0.05845181674565561,0.12996136283807516,0.6236234178680222,0.0694380030619992,74,2353,2790,31
0.2707182466983795,0.030502885408079144,0.7047619047619048,0.5426793700174996,0.05847491110233109,0.13000702740688685,0.6237206373897022,0.06949461497843641,74,2352,2791,31
0.27074456214904785,0.030515463917525774,0.7047619047619048,0.5428738090608595,0.05849802371541502,0.13005272407732865,0.6238178569113821,0.06955124037884243,74,2351,2792,31
0.2707550525665283,0.03052805280528053,0.7047619047619048,0.5430682481042193,0.05852115460656386,0.13009845288326302,0.6239150764330621,0.06960787929023664,74,2350,2793,31
0.27080607414245605,0.03054065208419315,0.7047619047619048,0.5432626871475792,0.058544303797468354,0.13014421385860006,0.6240122959547421,0.06966453173966095,74,2349,2794,31
0.27081015706062317,0.0305532617671346,0.7047619047619048,0.5434571261909391,0.05856747130985358,0.1301900070372977,0.624109515476422,0.06972119775417995,74,2348,2795,31
0.2708117663860321,0.03056588186699711,0.7047619047619048,0.543651565234299,0.05859065716547902,0.13023583245336148,0.624206734998102,0.06977787736088095,74,2347,2796,31
0.2708616256713867,0.030578512396694214,0.7047619047619048,0.543846004277659,0.05861386138613861,0.13028169014084506,0.6243039545197819,0.06983457058687395,74,2346,2797,31
0.27097874879837036,0.03059115336916081,0.7047619047619048,0.5440404433210189,0.058637083993660855,0.13032758013384996,0.6244011740414619,0.06989127745929181,74,2345,2798,31
0.2710050940513611,0.030603804797353185,0.7047619047619048,0.5442348823643788,0.05866032500990884,0.1303735024665257,0.6244983935631419,0.06994799800529031,74,2344,2799,31
0.2710346579551697,0.03061646669424907,0.7047619047619048,0.5444293214077387,0.05868358445678033,0.13041945717307016,0.6245956130848218,0.07000473225204813,74,2343,2800,31
0.27107056975364685,0.030629139072847682,0.7047619047619048,0.5446237604510986,0.05870686235620785,0.1304654442877292,0.6246928326065018,0.07006148022676702,74,2342,2801,31
0.27130982279777527,0.03064182194616977,0.7047619047619048,0.5448181994944585,0.05873015873015873,0.13051146384479717,0.6247900521281817,0.0701182419566718,74,2341,2802,31
0.27141478657722473,0.030654515327257662,0.7047619047619048,0.5450126385378183,0.058753473600635174,0.1305575158786168,0.6248872716498616,0.07017501746901043,74,2340,2803,31
0.2714705467224121,0.0306672192291753,0.7047619047619048,0.5452070775811783,0.05877680698967434,0.13060360042357924,0.6249844911715415,0.07023180679105415,74,2339,2804,31
0.2714914083480835,0.03067993366500829,0.7047619047619048,0.5454015166245382,0.05880015891934843,0.1306497175141243,0.6250817106932215,0.07028860995009742,74,2338,2805,31
0.27161329984664917,0.030692658647863958,0.7047619047619048,0.5455959556678981,0.058823529411764705,0.13069586718474038,0.6251789302149015,0.0703454269734581,74,2337,2806,31
0.27161702513694763,0.030705394190871368,0.7047619047619048,0.545790394711258,0.058846918489065606,0.13074204946996468,0.6252761497365814,0.07040225788847747,74,2336,2807,31
0.27171364426612854,0.030718140307181403,0.7047619047619048,0.5459848337546179,0.0588703261734288,0.13078826440438318,0.6253733692582614,0.07045910272252028,74,2335,2808,31
0.2717192471027374,0.030730897009966777,0.7047619047619048,0.5461792727979778,0.05889375248706725,0.13083451202263083,0.6254705887799413,0.07051596150297486,74,2334,2809,31
0.2717857360839844,0.030743664312422102,0.7047619047619048,0.5463737118413378,0.0589171974522293,0.13088079235939157,0.6255678083016213,0.07057283425725312,74,2333,2810,31
0.2717887759208679,0.030756442227763924,0.7047619047619048,0.5465681508846977,0.05894066109119873,0.13092710544939845,0.6256650278233012,0.07062972101279075,74,2332,2811,31
0.2718115448951721,0.03076923076923077,0.7047619047619048,0.5467625899280576,0.05896414342629482,0.13097345132743363,0.6257622473449812,0.07068662179704709,74,2331,2812,31
0.27182161808013916,0.030782029950083195,0.7047619047619048,0.5469570289714175,0.05898764447987246,0.13101983002832862,0.6258594668666612,0.07074353663750538,74,2330,2813,31
0.2718447148799896,0.03079483978360383,0.7047619047619048,0.5471514680147773,0.05901116427432217,0.13106624158696423,0.625956686388341,0.07080046556167272,74,2329,2814,31
0.2718844413757324,0.030807660283097418,0.7047619047619048,0.5473459070581372,0.059034702832070206,0.13111268603827073,0.626053905910021,0.0708574085970802,74,2328,2815,31
0.272042453289032,0.030820491461890878,0.7047619047619048,0.5475403461014972,0.05905826017557861,0.13115916341722794,0.6261511254317009,0.0709143657712829,74,2327,2816,31
0.2721778154373169,0.030833333333333334,0.7047619047619048,0.5477347851448571,0.05908183632734531,0.13120567375886524,0.6262483449533809,0.07097133711186004,74,2326,2817,31
0.27223601937294006,0.030846185910796166,0.7047619047619048,0.547929224188217,0.05910543130990415,0.1312522170982618,0.6263455644750608,0.07102832264641495,74,2325,2818,31
0.27230799198150635,0.030859049207673062,0.7047619047619048,0.5481236632315769,0.05912904514582501,0.1312987934705465,0.6264427839967408,0.07108532240257526,74,2324,2819,31
0.2723112404346466,0.03087192323738006,0.7047619047619048,0.5483181022749368,0.05915267785771383,0.1313454029108981,0.6265400035184208,0.07114233640799285,74,2323,2820,31
0.2723674774169922,0.030884808013355594,0.7047619047619048,0.5485125413182967,0.05917632946821272,0.13139204545454544,0.6266372230401007,0.07119936469034396,74,2322,2821,31
0.2724025845527649,0.030897703549060542,0.7047619047619048,0.5487069803616567,0.0592,0.13143872113676733,0.6267344425617807,0.07125640727732932,74,2321,2822,31
0.2724406123161316,0.030910609857978277,0.7047619047619048,0.5489014194050166,0.05922368947579031,0.13148542999289267,0.6268316620834606,0.07131346419667413,74,2320,2823,31
0.2725015878677368,0.03092352695361471,0.7047619047619048,0.5490958584483764,0.059247397918334666,0.13153217205830076,0.6269288816051406,0.07137053547612816,74,2319,2824,31
0.27264168858528137,0.030936454849498328,0.7047619047619048,0.5492902974917363,0.059271125350420506,0.13157894736842105,0.6270261011268206,0.07142762114346586,74,2318,2825,31
0.27266332507133484,0.03094939355918026,0.7047619047619048,0.5494847365350962,0.05929487179487179,0.13162575595873355,0.6271233206485005,0.07148472122648634,74,2317,2826,31
0.2727251648902893,0.03096234309623431,0.7047619047619048,0.5496791755784561,0.0593186372745491,0.13167259786476868,0.6272205401701805,0.07154183575301354,74,2316,2827,31
0.27273666858673096,0.03097530347425701,0.7047619047619048,0.549873614621816,0.05934242181234964,0.13171947312210752,0.6273177596918604,0.07159896475089621,74,2315,2828,31
0.27274173498153687,0.03098827470686767,0.7047619047619048,0.550068053665176,0.059366225431207384,0.13176638176638178,0.6274149792135404,0.07165610824800805,74,2314,2829,31
0.27277374267578125,0.031001256807708422,0.7047619047619048,0.5502624927085359,0.0593900481540931,0.13181332383327396,0.6275121987352204,0.07171326627224775,74,2313,2830,31
0.2728292942047119,0.03101424979044426,0.7047619047619048,0.5504569317518958,0.05941389000401445,0.13186029935851745,0.6276094182569003,0.071770438851539,74,2312,2831,31
0.273016095161438,0.0310272536687631,0.7047619047619048,0.5506513707952557,0.05943775100401606,0.1319073083778966,0.6277066377785803,0.0718276260138307,74,2311,2832,31
0.27303051948547363,0.03104026845637584,0.7047619047619048,0.5508458098386156,0.05946163117717959,0.13195435092724678,0.6278038573002602,0.07188482778709691,74,2310,2833,31
0.2730826437473297,0.031053294167016365,0.7047619047619048,0.5510402488819754,0.0594855305466238,0.13200142704245452,0.6279010768219402,0.07194204419933695,74,2309,2834,31
0.2730989456176758,0.031066330814441646,0.7047619047619048,0.5512346879253354,0.05950944913550463,0.13204853675945752,0.6279982963436201,0.07199927527857548,74,2308,2835,31
0.27319788932800293,0.03107937841243175,0.7047619047619048,0.5514291269686953,0.05953338696701529,0.1320956801142449,0.6280955158653001,0.07205652105286257,74,2307,2836,31
0.273210346698761,0.031092436974789917,0.7047619047619048,0.5516235660120552,0.05955734406438632,0.13214285714285715,0.6281927353869801,0.07211378155027377,74,2306,2837,31
0.2732366919517517,0.031105506515342583,0.7047619047619048,0.5518180050554151,0.05958132045088567,0.1321900678813862,0.62828995490866,0.0721710567989102,74,2305,2838,31
0.27324891090393066,0.031118587047939444,0.7047619047619048,0.552012444098775,0.05960531614981877,0.1322373123659757,0.62838717443034,0.07222834682689853,74,2304,2839,31
0.2732689678668976,0.031131678586453514,0.7047619047619048,0.552206883142135,0.05962933118452861,0.1322845906328209,0.6284843939520199,0.0722856516623912,74,2303,2840,31
0.27344733476638794,0.030723905723905723,0.6952380952380952,0.552206883142135,0.058847239016525596,0.13054363376251787,0.6237224891901151,0.069609116319175,73,2303,2840,32
0.2734958231449127,0.030736842105263156,0.6952380952380952,0.5524013221854949,0.05887096774193548,0.13059033989266547,0.623819708711795,0.0696663512919818,73,2302,2841,32
0.27350324392318726,0.030749789385004212,0.6952380952380952,0.5525957612288548,0.05889471561113352,0.1306370794559771,0.623916928233475,0.06972360074530781,73,2301,2842,32
0.2735998332500458,0.03076274757690687,0.6952380952380952,0.5527902002722147,0.058918482647296204,0.13068385248836376,0.624014147755155,0.06978086470727506,73,2300,2843,32
0.273669958114624,0.030775716694772345,0.6952380952380952,0.5529846393155746,0.05894226887363747,0.13073065902578795,0.6241113672768349,0.06983814320603098,73,2299,2844,32
0.27368149161338806,0.030788696752425137,0.6952380952380952,0.5531790783589344,0.05896607431340872,0.1307774991042637,0.6242085867985148,0.06989543626974855,73,2298,2845,32
0.27371761202812195,0.03080168776371308,0.6952380952380952,0.5533735174022943,0.05898989898989899,0.13082437275985664,0.6243058063201947,0.06995274392662638,73,2297,2846,32
0.2737635374069214,0.030814689742507388,0.6952380952380952,0.5535679564456543,0.05901374292643492,0.13087128002868412,0.6244030258418747,0.07001006620488875,73,2296,2847,32
0.273863285779953,0.030827702702702704,0.6952380952380952,0.5537623954890142,0.059037606146380914,0.13091822094691535,0.6245002453635546,0.0700674031327857,73,2295,2848,32
0.27398237586021423,0.030840726658217153,0.6952380952380952,0.5539568345323741,0.05906148867313916,0.13096519555077143,0.6245974648852346,0.07012475473859302,73,2294,2849,32
0.27399343252182007,0.03085376162299239,0.6952380952380952,0.554151273575734,0.05908539053014974,0.13101220387652548,0.6246946844069146,0.07018212105061247,73,2293,2850,32
0.27415576577186584,0.030866807610993658,0.6952380952380952,0.5543457126190939,0.05910931174089069,0.1310592459605027,0.6247919039285945,0.07023950209717177,73,2292,2851,32
0.27422088384628296,0.030879864636209814,0.6952380952380952,0.5545401516624539,0.05913325232887809,0.13110632183908047,0.6248891234502745,0.07029689790662462,73,2291,2852,32
0.27433547377586365,0.03046974185357596,0.6857142857142857,0.5545401516624539,0.05834683954619125,0.12935680919870643,0.6201272186883697,0.0676191270403678,72,2291,2852,33
0.2744499146938324,0.03048264182895851,0.6857142857142857,0.5547345907058138,0.05837049047426023,0.12940330697340044,0.6202244382100497,0.067676447537148,72,2290,2853,33
0.27446821331977844,0.030495552731893267,0.6857142857142857,0.5549290297491737,0.058394160583941604,0.12944983818770225,0.6203216577317296,0.06773378246865717,72,2289,2854,33
0.27450472116470337,0.030508474576271188,0.6857142857142857,0.5551234687925335,0.05841784989858012,0.12949640287769784,0.6204188772534096,0.06779113186321246,72,2288,2855,33
0.2745189368724823,0.03052140737600678,0.6857142857142857,0.5553179078358934,0.05844155844155844,0.12954300107952502,0.6205160967750896,0.06784849574915687,72,2287,2856,33
0.27459654211997986,0.030534351145038167,0.6857142857142857,0.5555123468792533,0.058465286236297195,0.12958963282937366,0.6206133162967695,0.06790587415485923,72,2286,2857,33
0.27464407682418823,0.030547305897327112,0.6857142857142857,0.5557067859226132,0.05848903330625508,0.12963629816348576,0.6207105358184495,0.06796326710871434,72,2285,2858,33
0.2747932970523834,0.030560271646859084,0.6857142857142857,0.5559012249659732,0.05851279967492889,0.12968299711815562,0.6208077553401294,0.06802067463914303,72,2284,2859,33
0.2749950587749481,0.030573248407643312,0.6857142857142857,0.5560956640093331,0.05853658536585366,0.12972972972972974,0.6209049748618094,0.06807809677459227,72,2283,2860,33
0.2750256061553955,0.03058623619371283,0.6857142857142857,0.556290103052693,0.058560390402602684,0.12977649603460706,0.6210021943834894,0.06813553354353512,72,2282,2861,33
0.27504241466522217,0.03059923501912452,0.6857142857142857,0.5564845420960529,0.05858421480878763,0.1298232960692391,0.6210994139051693,0.06819298497447092,72,2281,2862,33
0.27509692311286926,0.030612244897959183,0.6857142857142857,0.5566789811394128,0.05860805860805861,0.12987012987012986,0.6211966334268493,0.06825045109592535,72,2280,2863,33
0.27511560916900635,0.030625265844321566,0.6857142857142857,0.5568734201827727,0.05863192182410423,0.12991699747383617,0.6212938529485292,0.06830793193645045,72,2279,2864,33
0.27511903643608093,0.030638297872340424,0.6857142857142857,0.5570678592261326,0.05865580448065173,0.1299638989169675,0.6213910724702092,0.06836542752462471,72,2278,2865,33
0.2751283049583435,0.03065134099616858,0.6857142857142857,0.5572622982694925,0.05867970660146699,0.13001083423618634,0.6214882919918892,0.06842293788905317,72,2277,2866,33
0.27518555521965027,0.030664395229982964,0.6857142857142857,0.5574567373128524,0.058703628210354665,0.13005780346820808,0.6215855115135691,0.06848046305836747,72,2276,2867,33
0.2752052843570709,0.03067746058798466,0.6857142857142857,0.5576511763562123,0.05872756933115824,0.13010480664980123,0.6216827310352491,0.06853800306122594,72,2275,2868,33
0.27528494596481323,0.030690537084398978,0.6857142857142857,0.5578456153995722,0.0587515299877601,0.1301518438177874,0.621779950556929,0.06859555792631365,72,2274,2869,33
0.2754592299461365,0.03070362473347548,0.6857142857142857,0.5580400544429321,0.05877551020408163,0.1301989150090416,0.621877170078609,0.06865312768234251,72,2273,2870,33
0.2754743993282318,0.030716723549488054,0.6857142857142857,0.5582344934862921,0.0587995100040833,0.13024602026049203,0.621974389600289,0.06871071235805132,72,2272,2871,33
0.2754863202571869,0.030729833546734954,0.6857142857142857,0.558428932529652,0.058823529411764705,0.13029315960912052,0.6220716091219689,0.06876831198220582,72,2271,2872,33
0.2754915952682495,0.030742954739538857,0.6857142857142857,0.5586233715730119,0.05884756845116469,0.13034033309196236,0.6221688286436489,0.06882592658359886,72,2270,2873,33
0.27556464076042175,0.030756087142246903,0.6857142857142857,0.5588178106163718,0.058871627146361405,0.13038754074610648,0.6222660481653288,0.06888355619105037,72,2269,2874,33
0.2755909860134125,0.03076923076923077,0.6857142857142857,0.5590122496597316,0.05889570552147239,0.13043478260869565,0.6223632676870087,0.06894120083340749,72,2268,2875,33
0.27559974789619446,0.030782385634886705,0.6857142857142857,0.5592066887030915,0.058919803600654665,0.13048205871692642,0.6224604872086886,0.06899886053954463,72,2267,2876,33
0.2756215035915375,0.030795551753635585,0.6857142857142857,0.5594011277464515,0.05894392140810479,0.1305293691080493,0.6225577067303686,0.06905653533836352,72,2266,2877,33
0.275658518075943,0.03080872913992298,0.6857142857142857,0.5595955667898114,0.05896805896805897,0.1305767138193689,0.6226549262520485,0.06911422525879335,72,2265,2878,33
0.2757243812084198,0.030393835616438356,0.6761904761904762,0.5595955667898114,0.058172879967226546,0.1288098693759071,0.6178930214901438,0.06643377040362959,71,2265,2878,34
0.2757766842842102,0.030406852248394005,0.6761904761904762,0.5597900058331713,0.05819672131147541,0.12885662431941924,0.6179902410118238,0.06649137451786209,71,2264,2879,34
0.2757900655269623,0.030419880034275922,0.6761904761904762,0.5599844448765312,0.05822058220582206,0.12890341321713872,0.6180874605335037,0.06654899342325046,71,2263,2880,34
0.27608317136764526,0.030432918988426916,0.6761904761904762,0.5601788839198911,0.05824446267432322,0.1289502361060661,0.6181846800551837,0.06660662714867685,71,2262,2881,34
0.276120662689209,0.030445969125214408,0.6761904761904762,0.560373322963251,0.058268362741075094,0.12899709302325582,0.6182818995768636,0.06666427572305068,71,2261,2882,34
0.2762816548347473,0.030459030459030458,0.6761904761904762,0.560567762006611,0.05829228243021346,0.12904398400581607,0.6183791190985436,0.06672193917530857,71,2260,2883,34
0.27645158767700195,0.030472103004291845,0.6761904761904762,0.5607622010499709,0.05831622176591376,0.1290909090909091,0.6184763386202236,0.06677961753441451,71,2259,2884,34
0.27652010321617126,0.030485186775440102,0.6761904761904762,0.5609566400933308,0.05834018077239113,0.1291378683157512,0.6185735581419035,0.06683731082935994,71,2258,2885,34
0.2765781581401825,0.03049828178694158,0.6761904761904762,0.5611510791366906,0.058364159473900536,0.12918486171761281,0.6186707776635834,0.06689501908916373,71,2257,2886,34
0.2766772210597992,0.030511388053287496,0.6761904761904762,0.5613455181800505,0.05838815789473684,0.1292318893338187,0.6187679971852633,0.06695274234287235,71,2256,2887,34
0.2767923176288605,0.03009458297506449,0.6666666666666666,0.5613455181800505,0.057589469354175235,0.12745812090313183,0.6140060924233586,0.06427114052786627,70,2256,2887,35
0.27682381868362427,0.030107526881720432,0.6666666666666666,0.5615399572234104,0.05761316872427984,0.12750455373406194,0.6141033119450385,0.06432877353908484,70,2255,2888,35
0.2769525945186615,0.030120481927710843,0.6666666666666666,0.5617343962667704,0.05763688760806916,0.12755102040816327,0.6142005314667185,0.06438642121250497,70,2254,2889,35
0.2770015597343445,0.030133448127421438,0.6666666666666666,0.5619288353101303,0.057660626029654036,0.12759752096244986,0.6142977509883984,0.06444408357712075,70,2253,2890,35
0.2770019471645355,0.030146425495262703,0.6666666666666666,0.5621232743534902,0.057684384013185,0.1276440554339898,0.6143949705100784,0.06450176066195361,70,2252,2891,35
0.27702805399894714,0.03015941404566997,0.6666666666666666,0.5623177133968501,0.057708161582852434,0.12769062385990515,0.6144921900317584,0.06455945249605234,70,2251,2892,35
0.2770368754863739,0.03017241379310345,0.6666666666666666,0.56251215244021,0.0577319587628866,0.12773722627737227,0.6145894095534383,0.06461715910849326,70,2250,2893,35
0.27714434266090393,0.030185424752048298,0.6666666666666666,0.5627065914835699,0.057755775577557754,0.12778386272362177,0.6146866290751183,0.06467488052838027,70,2249,2894,35
0.2772625982761383,0.030198446937014668,0.6666666666666666,0.5629010305269299,0.05777961205117623,0.12783053323593865,0.6147838485967982,0.0647326167848449,70,2248,2895,35
0.27732402086257935,0.030211480362537766,0.6666666666666666,0.5630954695702897,0.057803468208092484,0.1278772378516624,0.6148810681184782,0.06479036790704638,70,2247,2896,35
0.2773513197898865,0.030224525043177894,0.6666666666666666,0.5632899086136496,0.05782734407269723,0.12792397660818713,0.6149782876401582,0.06484813392417176,70,2246,2897,35
0.2776697278022766,0.03023758099352052,0.6666666666666666,0.5634843476570095,0.05785123966942149,0.12797074954296161,0.6150755071618381,0.06490591486543591,70,2245,2898,35
0.2776734530925751,0.03025064822817632,0.6666666666666666,0.5636787867003694,0.05787515502273667,0.12801755669348938,0.6151727266835181,0.06496371076008173,70,2244,2899,35
0.27768176794052124,0.030263726761781237,0.6666666666666666,0.5638732257437293,0.05789909015715467,0.12806439809732895,0.615269946205198,0.06502152163738006,70,2243,2900,35
0.2778477966785431,0.03027681660899654,0.6666666666666666,0.5640676647870893,0.05792304509722797,0.1281112737920937,0.615367165726878,0.06507934752662989,70,2242,2901,35
0.27788758277893066,0.03028991778450887,0.6666666666666666,0.5642621038304492,0.057947019867549666,0.12815818381545221,0.615464385248558,0.06513718845715838,70,2241,2902,35
0.2779217064380646,0.030303030303030304,0.6666666666666666,0.5644565428738091,0.057971014492753624,0.1282051282051282,0.6155616047702379,0.0651950444583209,70,2240,2903,35
0.2779560685157776,0.030316154179298397,0.6666666666666666,0.564650981917169,0.0579950289975145,0.1282521069989007,0.6156588242919179,0.06525291555950123,70,2239,2904,35
0.2780975103378296,0.030329289428076257,0.6666666666666666,0.5648454209605289,0.05801906340654787,0.1282991202346041,0.6157560438135978,0.06531080179011148,70,2238,2905,35
0.27819812297821045,0.03034243606415258,0.6666666666666666,0.5650398600038887,0.05804311774461028,0.12834616795012835,0.6158532633352777,0.06536870317959227,70,2237,2906,35
0.2782306969165802,0.030355594102341718,0.6666666666666666,0.5652342990472486,0.05806719203649938,0.12839325018341893,0.6159504828569576,0.06542661975741282,70,2236,2907,35
0.2783243656158447,0.03036876355748373,0.6666666666666666,0.5654287380906086,0.058091286307053944,0.12844036697247707,0.6160477023786376,0.06548455155307092,70,2235,2908,35
0.27839598059654236,0.030381944444444444,0.6666666666666666,0.5656231771339685,0.058115400581154004,0.12848751835535976,0.6161449219003176,0.06554249859609315,70,2234,2909,35
0.2783994674682617,0.030395136778115502,0.6666666666666666,0.5658176161773284,0.05813953488372093,0.12853470437017994,0.6162421414219975,0.06560046091603482,70,2233,2910,35
0.2785864770412445,0.030408340573414423,0.6666666666666666,0.5660120552206883,0.05816368923971749,0.12858192505510654,0.6163393609436775,0.06565843854248016,70,2232,2911,35
0.27862778306007385,0.030421555845284658,0.6666666666666666,0.5662064942640482,0.058187863674147966,0.12862918044836458,0.6164365804653574,0.06571643150504232,70,2231,2912,35
0.27872347831726074,0.030434782608695653,0.6666666666666666,0.5664009333074081,0.058212058212058215,0.12867647058823528,0.6165337999870374,0.06577443983336352,70,2230,2913,35
0.2787337899208069,0.030448020878642887,0.6666666666666666,0.5665953723507681,0.05823627287853577,0.12872379551305627,0.6166310195087173,0.06583246355711504,70,2229,2914,35
0.2787798345088959,0.030461270670147953,0.6666666666666666,0.566789811394128,0.05826050769870995,0.1287711552612215,0.6167282390303973,0.06589050270599738,70,2228,2915,35
0.2788197994232178,0.030474531998258596,0.6666666666666666,0.5669842504374879,0.058284762697751874,0.12881854987118144,0.6168254585520773,0.06594855730974028,70,2227,2916,35
0.27897003293037415,0.03048780487804878,0.6666666666666666,0.5671786894808477,0.05830903790087463,0.12886597938144329,0.6169226780737571,0.06600662739810285,70,2226,2917,35
0.27905452251434326,0.030501089324618737,0.6666666666666666,0.5673731285242076,0.058333333333333334,0.1289134438305709,0.6170198975954371,0.06606471300087363,70,2225,2918,35
0.2790621519088745,0.03051438535309503,0.6666666666666666,0.5675675675675675,0.05835764902042518,0.12896094325718496,0.617117117117117,0.06612281414787062,70,2224,2919,35
0.27911433577537537,0.030527692978630616,0.6666666666666666,0.5677620066109275,0.058381984987489574,0.12900847769996315,0.617214336638797,0.06618093086894143,70,2223,2920,35
0.27913856506347656,0.030541012216404886,0.6666666666666666,0.5679564456542874,0.05840634125990822,0.1290560471976401,0.617311556160477,0.06623906319396335,70,2222,2921,35
0.27921247482299805,0.030554343081623744,0.6666666666666666,0.5681508846976473,0.05843071786310518,0.12910365178900773,0.6174087756821569,0.06629721115284337,70,2221,2922,35
0.27946901321411133,0.03056768558951965,0.6666666666666666,0.5683453237410072,0.05845511482254697,0.12915129151291513,0.6175059952038369,0.06635537477551832,70,2220,2923,35
0.27951663732528687,0.03058103975535168,0.6666666666666666,0.5685397627843671,0.05847953216374269,0.12919896640826872,0.6176032147255168,0.06641355409195497,70,2219,2924,35
0.27963560819625854,0.030594405594405596,0.6666666666666666,0.568734201827727,0.05850396991224405,0.1292466765140325,0.6177004342471968,0.06647174913215,70,2218,2925,35
0.2796740233898163,0.03060778312199388,0.6666666666666666,0.568928640871087,0.05852842809364549,0.12929442186922793,0.6177976537688767,0.06652995992613017,70,2217,2926,35
0.27969393134117126,0.03062117235345582,0.6666666666666666,0.5691230799144468,0.05855290673358427,0.1293422025129342,0.6178948732905567,0.06658818650395243,70,2216,2927,35
0.2797311842441559,0.030634573304157548,0.6666666666666666,0.5693175189578067,0.058577405857740586,0.12939001848428835,0.6179920928122367,0.06664642889570391,70,2215,2928,35
0.27975866198539734,0.03064798598949212,0.6666666666666666,0.5695119580011666,0.05860192549183759,0.1294378698224852,0.6180893123339166,0.06670468713150206,70,2214,2929,35
0.2797746956348419,0.030661410424879545,0.6666666666666666,0.5697063970445265,0.05862646566164154,0.12948575656677766,0.6181865318555966,0.06676296124149468,70,2213,2930,35
0.279813289642334,0.03067484662576687,0.6666666666666666,0.5699008360878864,0.05865102639296188,0.12953367875647667,0.6182837513772765,0.06682125125586008,70,2212,2931,35
0.27985551953315735,0.030688294607628234,0.6666666666666666,0.5700952751312464,0.0586756077116513,0.1295816364309515,0.6183809708989565,0.06687955720480711,70,2211,2932,35
0.2799205780029297,0.03070175438596491,0.6666666666666666,0.5702897141746063,0.05870020964360587,0.12962962962962962,0.6184781904206365,0.06693787911857521,70,2210,2933,35
0.27992117404937744,0.030715225976305396,0.6666666666666666,0.5704841532179662,0.0587248322147651,0.12967765839199705,0.6185754099423164,0.06699621702743457,70,2209,2934,35
0.2799419164657593,0.030728709394205442,0.6666666666666666,0.5706785922613261,0.058749475451112046,0.12972572275759822,0.6186726294639964,0.06705457096168614,70,2208,2935,35
0.2799432873725891,0.030742204655248132,0.6666666666666666,0.570873031304686,0.05877413937867338,0.12977382276603633,0.6187698489856763,0.06711294095166177,70,2207,2936,35
0.2799713611602783,0.030755711775043937,0.6666666666666666,0.5710674703480458,0.05879882402351953,0.1298219584569733,0.6188670685073563,0.06717132702772424,70,2206,2937,35
0.2802133560180664,0.03076923076923077,0.6666666666666666,0.5712619093914058,0.058823529411764705,0.12987012987012986,0.6189642880290362,0.06722972922026738,70,2205,2938,35
0.280221164226532,0.030782761653474055,0.6666666666666666,0.5714563484347657,0.05884825556956705,0.12991833704528583,0.6190615075507162,0.06728814755971614,70,2204,2939,35
0.28025874495506287,0.030796304443466784,0.6666666666666666,0.5716507874781256,0.05887300252312868,0.12996658002227998,0.6191587270723962,0.06734658207652666,70,2203,2940,35
0.2802736759185791,0.030809859154929578,0.6666666666666666,0.5718452265214855,0.058897770298695834,0.1300148588410104,0.6192559465940761,0.06740503280118638,70,2202,2941,35
0.28033706545829773,0.030823425803610745,0.6666666666666666,0.5720396655648454,0.058922558922558925,0.1300631735414344,0.6193531661157561,0.06746349976421409,70,2201,2942,35
0.28036603331565857,0.030837004405286344,0.6666666666666666,0.5722341046082053,0.05894736842105263,0.13011152416356878,0.619450385637436,0.06752198299616002,70,2200,2943,35
0.28041335940361023,0.030850594975760245,0.6666666666666666,0.5724285436515653,0.05897219882055602,0.13015991074748978,0.619547605159116,0.06758048252760597,70,2199,2944,35
0.2804297208786011,0.030864197530864196,0.6666666666666666,0.5726229826949252,0.058997050147492625,0.13020833333333334,0.619644824680796,0.06763899838916534,70,2198,2945,35
0.28058409690856934,0.030877812086457873,0.6666666666666666,0.5728174217382851,0.05902192242833052,0.13025679196129514,0.6197420442024759,0.06769753061148319,70,2197,2946,35
0.28062084317207336,0.03089143865842895,0.6666666666666666,0.5730118607816449,0.059046815689582456,0.1303052866716307,0.6198392637241558,0.06775607922523642,70,2196,2947,35
0.28068646788597107,0.03090507726269316,0.6666666666666666,0.5732062998250048,0.05907172995780591,0.1303538175046555,0.6199364832458357,0.06781464426113377,70,2195,2948,35
0.28073954582214355,0.030918727915194347,0.6666666666666666,0.5734007388683647,0.05909666525960321,0.13040238450074515,0.6200337027675157,0.06787322574991593,70,2194,2949,35
0.28081125020980835,0.03093239063190455,0.6666666666666666,0.5735951779117247,0.05912162162162162,0.13045098770033545,0.6201309222891956,0.06793182372235561,70,2193,2950,35
0.2808187007904053,0.03094606542882405,0.6666666666666666,0.5737896169550846,0.059146599070553446,0.13049962714392244,0.6202281418108756,0.06799043820925767,70,2192,2951,35
0.2808552384376526,0.030959752321981424,0.6666666666666666,0.5739840559984445,0.05917159763313609,0.13054830287206268,0.6203253613325556,0.06804906924145915,70,2191,2952,35
0.28085991740226746,0.030973451327433628,0.6666666666666666,0.5741784950418044,0.05919661733615222,0.13059701492537312,0.6204225808542355,0.06810771684982939,70,2190,2953,35
0.28087666630744934,0.03098716246126605,0.6666666666666666,0.5743729340851643,0.05922165820642978,0.13064576334453154,0.6205198003759155,0.06816638106527007,70,2189,2954,35
0.2809973657131195,0.03100088573959256,0.6666666666666666,0.5745673731285242,0.05924672027084215,0.13069454817027631,0.6206170198975954,0.06822506191871539,70,2188,2955,35
0.2810252010822296,0.031014621178555603,0.6666666666666666,0.5747618121718842,0.05927180355630821,0.1307433694434068,0.6207142394192754,0.06828375944113202,70,2187,2956,35
0.28103581070899963,0.03102836879432624,0.6666666666666666,0.5749562512152441,0.05929690808979246,0.13079222720478326,0.6208114589409554,0.06834247366351932,70,2186,2957,35
0.28107449412345886,0.031042128603104215,0.6666666666666666,0.5751506902586039,0.059322033898305086,0.1308411214953271,0.6209086784626352,0.06840120461690932,70,2185,2958,35
0.28109392523765564,0.031055900621118012,0.6666666666666666,0.5753451293019638,0.05934718100890208,0.13089005235602094,0.6210058979843152,0.06845995233236686,70,2184,2959,35
0.2811519205570221,0.031069684864624945,0.6666666666666666,0.5755395683453237,0.05937234944868533,0.1309390198279087,0.6211031175059951,0.06851871684098966,70,2183,2960,35
0.2812480628490448,0.03108348134991119,0.6666666666666666,0.5757340073886836,0.05939753924480271,0.1309880239520958,0.6212003370276751,0.06857749817390842,70,2182,2961,35
0.2812653183937073,0.03109729009329187,0.6666666666666666,0.5759284464320436,0.059422750424448216,0.13103706476974916,0.621297556549355,0.0686362963622869,70,2181,2962,35
0.28129199147224426,0.03111111111111111,0.6666666666666666,0.5761228854754035,0.059447983014861996,0.13108614232209737,0.621394776071035,0.06869511143732196,70,2180,2963,35
0.2814434766769409,0.031124944419742107,0.6666666666666666,0.5763173245187634,0.059473237043330504,0.13113525665043088,0.621491995592715,0.06875394343024376,70,2179,2964,35
0.28147509694099426,0.03113879003558719,0.6666666666666666,0.5765117635621233,0.05949851253718657,0.13118440779610194,0.6215892151143949,0.06881279237231569,70,2178,2965,35
0.28148478269577026,0.03115264797507788,0.6666666666666666,0.5767062026054832,0.05952380952380952,0.13123359580052493,0.6216864346360749,0.06887165829483465,70,2177,2966,35
0.2815205156803131,0.031166518254674976,0.6666666666666666,0.5769006416488431,0.059549128030625266,0.1312828207051763,0.6217836541577548,0.06893054122913089,70,2176,2967,35
0.28159114718437195,0.031180400890868598,0.6666666666666666,0.5770950806922029,0.059574468085106386,0.13133208255159476,0.6218808736794348,0.06898944120656837,70,2175,2968,35
0.28171560168266296,0.031194295900178252,0.6666666666666666,0.5772895197355629,0.05959982971477224,0.1313813813813814,0.6219780932011147,0.06904835825854462,70,2174,2969,35
0.2817627787590027,0.03120820329915292,0.6666666666666666,0.5774839587789228,0.059625212947189095,0.13143071723619978,0.6220753127227947,0.06910729241649095,70,2173,2970,35
0.28183403611183167,0.031222123104371096,0.6666666666666666,0.5776783978222827,0.05965061780997018,0.13148009015777612,0.6221725322444747,0.06916624371187255,70,2172,2971,35
0.2818675637245178,0.031236055332440876,0.6666666666666666,0.5778728368656426,0.059676044330775786,0.13152950018789927,0.6222697517661546,0.06922521217618845,70,2171,2972,35
0.2818968594074249,0.03125,0.6666666666666666,0.5780672759090025,0.05970149253731343,0.13157894736842105,0.6223669712878346,0.06928419784097176,70,2170,2973,35
0.28195878863334656,0.03126395712371594,0.6666666666666666,0.5782617149523624,0.059726962457337884,0.1316284317412561,0.6224641908095145,0.06934320073778967,70,2169,2974,35
0.28209367394447327,0.03127792672028597,0.6666666666666666,0.5784561539957224,0.0597524541186513,0.13167795334838225,0.6225614103311945,0.06940222089824356,70,2168,2975,35
0.28210097551345825,0.031291908806437195,0.6666666666666666,0.5786505930390823,0.059777967549103334,0.13172751223184043,0.6226586298528745,0.0694612583539691,70,2167,2976,35
0.2821139395236969,0.03130590339892665,0.6666666666666666,0.5788450320824422,0.0598035027765912,0.13177710843373494,0.6227558493745544,0.0695203131366363,70,2166,2977,35
0.28224480152130127,0.03131991051454139,0.6666666666666666,0.579039471125802,0.05982905982905983,0.1318267419962335,0.6228530688962344,0.06957938527794967,70,2165,2978,35
0.28231820464134216,0.03133393017009848,0.6666666666666666,0.5792339101691619,0.059854638734501926,0.13187641296156744,0.6229502884179143,0.0696384748096482,70,2164,2979,35
0.28234267234802246,0.03134796238244514,0.6666666666666666,0.5794283492125218,0.059880239520958084,0.13192612137203166,0.6230475079395943,0.06969758176350559,70,2163,2980,35
0.2823575735092163,0.03136200716845878,0.6666666666666666,0.5796227882558818,0.0599058622165169,0.13197586726998492,0.6231447274612743,0.0697567061713302,70,2162,2981,35
0.28235945105552673,0.031376064545047065,0.6666666666666666,0.5798172272992417,0.059931506849315065,0.13202565069784986,0.6232419469829542,0.06981584806496524,70,2161,2982,35
0.28243768215179443,0.03139013452914798,0.6666666666666666,0.5800116663426016,0.059957173447537475,0.1320754716981132,0.6233391665046342,0.06987500747628883,70,2160,2983,35
0.28253239393234253,0.03140421713772992,0.6666666666666666,0.5802061053859615,0.05998286203941731,0.1321253303133258,0.6234363860263141,0.06993418443721403,70,2159,2984,35
0.28258371353149414,0.03141831238779174,0.6666666666666666,0.5804005444293214,0.06000857265323618,0.13217522658610273,0.6235336055479941,0.06999337897968905,70,2158,2985,35
0.2825976312160492,0.03143242029636282,0.6666666666666666,0.5805949834726813,0.060034305317324184,0.13222516055912353,0.623630825069674,0.07005259113569724,70,2157,2986,35
0.2828035354614258,0.031446540880503145,0.6666666666666666,0.5807894225160413,0.06006006006006006,0.13227513227513227,0.623728044591354,0.0701118209372572,70,2156,2987,35
0.28280553221702576,0.03146067415730337,0.6666666666666666,0.5809838615594012,0.060085836909871244,0.1323251417769376,0.623825264113034,0.07017106841642291,70,2155,2988,35
0.28280946612358093,0.03147482014388489,0.6666666666666666,0.581178300602761,0.06011163589523401,0.132375189107413,0.6239224836347138,0.07023033360528379,70,2154,2989,35
0.2828514575958252,0.03148897885739991,0.6666666666666666,0.5813727396461209,0.06013745704467354,0.13242527430949677,0.6240197031563938,0.0702896165359648,70,2153,2990,35
0.2828591465950012,0.0315031503150315,0.6666666666666666,0.5815671786894808,0.060163300386764075,0.13247539742619227,0.6241169226780737,0.07034891724062652,70,2152,2991,35
0.28301292657852173,0.0315173345339937,0.6666666666666666,0.5817616177328407,0.06018916595012898,0.13252555850056796,0.6242141421997537,0.07040823575146522,70,2151,2992,35
0.28310367465019226,0.03153153153153153,0.6666666666666666,0.5819560567762007,0.060215053763440864,0.13257575757575757,0.6243113617214336,0.07046757210071307,70,2150,2993,35
0.283110648393631,0.031545741324921134,0.6666666666666666,0.5821504958195606,0.060240963855421686,0.13262599469496023,0.6244085812431136,0.07052692632063803,70,2149,2994,35
0.2831611931324005,0.031559963931469794,0.6666666666666666,0.5823449348629205,0.060266896254842876,0.1326762699014405,0.6245058007647936,0.07058629844354415,70,2148,2995,35
0.28317487239837646,0.031574199368516014,0.6666666666666666,0.5825393739062804,0.06029285099052541,0.13272658323852862,0.6246030202864735,0.07064568850177151,70,2147,2996,35
0.28317734599113464,0.0315884476534296,0.6666666666666666,0.5827338129496403,0.06031882809133994,0.13277693474962063,0.6247002398081535,0.0707050965276964,70,2146,2997,35
0.28330111503601074,0.03160270880361174,0.6666666666666666,0.5829282519930002,0.0603448275862069,0.13282732447817835,0.6247974593298334,0.07076452255373133,70,2145,2998,35
0.2833627462387085,0.031616982836495035,0.6666666666666666,0.58312269103636,0.060370849504096595,0.13287775246772968,0.6248946788515133,0.07082396661232528,70,2144,2999,35
0.2837079167366028,0.031631269769543606,0.6666666666666666,0.58331713007972,0.060396893874029335,0.13292821876186858,0.6249918983731932,0.07088342873596355,70,2143,3000,35
0.2837081849575043,0.03164556962025317,0.6666666666666666,0.5835115691230799,0.06042296072507553,0.13297872340425532,0.6250891178948732,0.07094290895716812,70,2142,3001,35
0.28382548689842224,0.031659882406151064,0.6666666666666666,0.5837060081664398,0.06044905008635579,0.13302926643861648,0.6251863374165532,0.07100240730849754,70,2141,3002,35
0.28390300273895264,0.03167420814479638,0.6666666666666666,0.5839004472097997,0.06047516198704104,0.13307984790874525,0.6252835569382331,0.07106192382254709,70,2140,3003,35
0.284168541431427,0.03168854685377999,0.6666666666666666,0.5840948862531596,0.06050129645635264,0.13313046785850133,0.6253807764599131,0.07112145853194894,70,2139,3004,35
0.28423866629600525,0.03170289855072464,0.6666666666666666,0.5842893252965196,0.06052745352356247,0.13318112633181126,0.625477995981593,0.07118101146937213,70,2138,3005,35
0.28425332903862,0.031717263253285,0.6666666666666666,0.5844837643398795,0.06055363321799308,0.13323182337266845,0.625575215503273,0.07124058266752276,70,2137,3006,35
0.28441154956817627,0.03173164097914778,0.6666666666666666,0.5846782033832394,0.06057983556901774,0.13328255902513328,0.625672435024953,0.07130017215914403,70,2136,3007,35
0.284493088722229,0.031746031746031744,0.6666666666666666,0.5848726424265993,0.06060606060606061,0.13333333333333333,0.6257696545466329,0.07135977997701631,70,2135,3008,35
0.28453540802001953,0.03176043557168784,0.6666666666666666,0.5850670814699591,0.060632308358596794,0.13338414634146342,0.6258668740683129,0.07141940615395735,70,2134,3009,35
0.2846400737762451,0.03177485247389923,0.6666666666666666,0.585261520513319,0.060658578856152515,0.13343499809378573,0.6259640935899928,0.07147905072282225,70,2133,3010,35
0.2847335934638977,0.03178928247048138,0.6666666666666666,0.585455959556679,0.06068487212830516,0.13348588863463004,0.6260613131116728,0.07153871371650358,70,2132,3011,35
0.28476303815841675,0.03180372557928214,0.6666666666666666,0.5856503986000389,0.060711188204683436,0.13353681800839373,0.6261585326333527,0.07159839516793157,70,2131,3012,35
0.28489741683006287,0.031818181818181815,0.6666666666666666,0.5858448376433988,0.06073752711496746,0.13358778625954199,0.6262557521550327,0.07165809511007407,70,2130,3013,35
0.2849491834640503,0.031832651205093224,0.6666666666666666,0.5860392766867587,0.06076388888888889,0.13363879343260787,0.6263529716767127,0.07171781357593675,70,2129,3014,35
0.2849803864955902,0.03184713375796178,0.6666666666666666,0.5862337157301186,0.060790273556231005,0.13368983957219252,0.6264501911983926,0.07177755059856313,70,2128,3015,35
0.2850995659828186,0.03186162949476559,0.6666666666666666,0.5864281547734785,0.060816681146828845,0.13374092472296523,0.6265474107200726,0.07183730621103471,70,2127,3016,35
0.28515011072158813,0.031876138433515486,0.6666666666666666,0.5866225938168385,0.060843111690569315,0.13379204892966362,0.6266446302417525,0.07189708044647108,70,2126,3017,35
0.2851541340351105,0.03189066059225513,0.6666666666666666,0.5868170328601984,0.06086956521739131,0.1338432122370937,0.6267418497634325,0.07195687333802997,70,2125,3018,35
0.2851729691028595,0.03190519598906107,0.6666666666666666,0.5870114719035582,0.060896041757285774,0.13389441469013008,0.6268390692851125,0.07201668491890738,70,2124,3019,35
0.2852998971939087,0.03191974464204286,0.6666666666666666,0.5872059109469181,0.060922541340295906,0.13394565633371602,0.6269362888067924,0.07207651522233766,70,2123,3020,35
0.2854314148426056,0.03193430656934307,0.6666666666666666,0.587400349990278,0.06094906399651719,0.1339969372128637,0.6270335083284724,0.07213636428159365,70,2122,3021,35
0.2855328321456909,0.03194888178913738,0.6666666666666666,0.5875947890336379,0.06097560975609756,0.13404825737265416,0.6271307278501523,0.07219623212998669,70,2121,3022,35
0.2855433523654938,0.0319634703196347,0.6666666666666666,0.5877892280769978,0.06100217864923747,0.13409961685823754,0.6272279473718323,0.07225611880086681,70,2120,3023,35
0.28558945655822754,0.03197807217907721,0.6666666666666666,0.5879836671203578,0.06102877070619006,0.13415101571483326,0.6273251668935123,0.0723160243276228,70,2119,3024,35
0.2856068015098572,0.031992687385740404,0.6666666666666666,0.5881781061637177,0.06105538595726123,0.13420245398773006,0.6274223864151922,0.07237594874368225,70,2118,3025,35
0.2856975197792053,0.03200731595793324,0.6666666666666666,0.5883725452070776,0.06108202443280977,0.13425393172228614,0.6275196059368722,0.07243589208251172,70,2117,3026,35
0.2857672870159149,0.03202195791399817,0.6666666666666666,0.5885669842504375,0.06110868616324749,0.1343054489639294,0.6276168254585521,0.07249585437761685,70,2116,3027,35
0.285780131816864,0.032036613272311214,0.6666666666666666,0.5887614232937974,0.0611353711790393,0.1343570057581574,0.6277140449802321,0.07255583566254238,70,2115,3028,35
0.28585338592529297,0.03205128205128205,0.6666666666666666,0.5889558623371574,0.06116207951070336,0.13440860215053763,0.627811264501912,0.07261583597087228,70,2114,3029,35
0.2859317362308502,0.0320659642693541,0.6666666666666666,0.5891503013805172,0.06118881118881119,0.13446023818670763,0.6279084840235919,0.07267585533622989,70,2113,3030,35
0.28594598174095154,0.032080659945004586,0.6666666666666666,0.5893447404238771,0.06121556624398776,0.1345119139123751,0.6280057035452719,0.07273589379227799,70,2112,3031,35
0.28596413135528564,0.03209536909674461,0.6666666666666666,0.589539179467237,0.06124234470691164,0.13456362937331795,0.6281029230669518,0.07279595137271888,70,2111,3032,35
0.2859787046909332,0.03211009174311927,0.6666666666666666,0.5897336185105969,0.061269146608315096,0.1346153846153846,0.6282001425886318,0.07285602811129452,70,2110,3033,35
0.2860024571418762,0.03212482790270767,0.6666666666666666,0.5899280575539568,0.06129597197898424,0.13466717968449404,0.6282973621103117,0.0729161240417866,70,2109,3034,35
0.2860242426395416,0.03213957759412305,0.6666666666666666,0.5901224965973167,0.06132282084975909,0.13471901462663588,0.6283945816319917,0.07297623919801664,70,2108,3035,35
0.28624483942985535,0.0316949931097841,0.6571428571428571,0.5901224965973167,0.060473269062226116,0.13284559106661534,0.6236326768700869,0.07027438558483898,69,2108,3035,36
0.28632932901382446,0.03170955882352941,0.6571428571428571,0.5903169356406767,0.06049978079789566,0.13289676425269645,0.6237298963917669,0.07033435440128691,69,2107,3036,36
0.2863638997077942,0.031724137931034485,0.6571428571428571,0.5905113746840366,0.060526315789473685,0.1329479768786127,0.6238271159134469,0.07039434209474815,69,2106,3037,36
0.28637537360191345,0.03173873045078197,0.6571428571428571,0.5907058137273965,0.060552874067573495,0.13299922898997688,0.6239243354351268,0.07045434869894251,69,2105,3038,36
0.2864225208759308,0.031753336401288544,0.6571428571428571,0.5909002527707564,0.06057945566286216,0.13305052063247205,0.6240215549568068,0.07051437424762944,69,2104,3039,36
0.2864476442337036,0.031767955801104975,0.6571428571428571,0.5910946918141162,0.06060606060606061,0.13310185185185186,0.6241187744784866,0.07057441877460809,69,2103,3040,36
0.2866054177284241,0.03178258866881621,0.6571428571428571,0.5912891308574761,0.06063268892794376,0.13315322269394056,0.6242159940001666,0.0706344823137174,69,2102,3041,36
0.2867988348007202,0.03179723502304147,0.6571428571428571,0.5914835699008361,0.06065934065934066,0.13320463320463322,0.6243132135218465,0.07069456489883626,69,2101,3042,36
0.28681832551956177,0.0318118948824343,0.6571428571428571,0.591678008944196,0.06068601583113457,0.1332560834298957,0.6244104330435265,0.07075466656388356,69,2100,3043,36
0.28686606884002686,0.031826568265682656,0.6571428571428571,0.5918724479875559,0.06071271447426309,0.13330757341576507,0.6245076525652065,0.0708147873428183,69,2099,3044,36
0.2868695557117462,0.031841255191509,0.6571428571428571,0.5920668870309158,0.06073943661971831,0.13335910320834943,0.6246048720868864,0.07087492726963972,69,2098,3045,36
0.2869291603565216,0.03185595567867036,0.6571428571428571,0.5922613260742757,0.0607661822985469,0.1334106728538283,0.6247020916085664,0.07093508637838737,69,2097,3046,36
0.28702592849731445,0.03187066974595843,0.6571428571428571,0.5924557651176356,0.06079295154185022,0.13346228239845262,0.6247993111302463,0.07099526470314121,69,2096,3047,36
0.2870633900165558,0.031423290203327174,0.6476190476190476,0.5924557651176356,0.05993829881004848,0.13157894736842105,0.6200374063683416,0.06829103543258201,68,2096,3047,37
0.2871514856815338,0.03143781784558484,0.6476190476190476,0.5926502041609956,0.059964726631393295,0.1316298877274487,0.6201346258900216,0.06835106152263593,68,2095,3048,37
0.2871614396572113,0.03145235892691952,0.6476190476190476,0.5928446432043555,0.0599911777679753,0.13168086754453912,0.6202318454117015,0.06841110647728599,68,2094,3049,37
0.28733959794044495,0.03146691346598797,0.6476190476190476,0.5930390822477153,0.06001765225066196,0.13173188686555598,0.6203290649333815,0.06847117033050329,68,2093,3050,37
0.28734567761421204,0.03148148148148148,0.6476190476190476,0.5932335212910752,0.060044150110375276,0.13178294573643412,0.6204262844550614,0.06853125311629903,68,2092,3051,37
0.287456750869751,0.031496062992125984,0.6476190476190476,0.5934279603344351,0.06007067137809187,0.13183404420317954,0.6205235039767414,0.06859135486872471,68,2091,3052,37
0.287629634141922,0.03151065801668211,0.6476190476190476,0.593622399377795,0.06009721608484313,0.13188518231186966,0.6206207234984213,0.06865147562187228,68,2090,3053,37
0.2876429855823517,0.0315252665739453,0.6476190476190476,0.593816838421155,0.060123784261715295,0.13193636010865348,0.6207179430201013,0.06871161540987414,68,2089,3054,37
0.2877475917339325,0.03153988868274583,0.6476190476190476,0.5940112774645149,0.06015037593984962,0.13198757763975155,0.6208151625417813,0.06877177426690331,68,2088,3055,37
0.28775298595428467,0.03155452436194896,0.6476190476190476,0.5942057165078748,0.06017699115044248,0.13203883495145632,0.6209123820634612,0.06883195222717353,68,2087,3056,37
0.287783145904541,0.031104921077065924,0.638095238095238,0.5942057165078748,0.059318282425852145,0.13014763014763014,0.6161504773015565,0.06612579433039267,67,2087,3056,38
0.2878069579601288,0.031119368323269857,0.638095238095238,0.5944001555512347,0.05934455270150576,0.13019821220365332,0.6162476968232364,0.06618581527958611,67,2086,3057,38
0.2878616452217102,0.031133828996282528,0.638095238095238,0.5945945945945946,0.05937084625609216,0.130248833592535,0.6163449163449164,0.06624585497826338,67,2085,3058,38
0.28799617290496826,0.03114830311483031,0.638095238095238,0.5947890336379545,0.05939716312056738,0.13029949436017113,0.6164421358665964,0.0663059134605229,67,2084,3059,38
0.2881348133087158,0.031162790697674417,0.638095238095238,0.5949834726813145,0.05942350332594235,0.1303501945525292,0.6165393553882763,0.06636599076050358,67,2083,3060,38
0.2881838381290436,0.031177291763610983,0.638095238095238,0.5951779117246743,0.05944986690328305,0.1304009342156481,0.6166365749099562,0.06642608691238487,67,2082,3061,38
0.288229376077652,0.031191806331471134,0.638095238095238,0.5953723507680342,0.05947625388371061,0.13045171339563863,0.6167337944316361,0.06648620195038696,67,2081,3062,38
0.28823864459991455,0.0312063344201211,0.638095238095238,0.5955667898113941,0.05950266429840142,0.1305025321386833,0.6168310139533161,0.06654633590877072,67,2080,3063,38
0.28824734687805176,0.031220876048462257,0.638095238095238,0.595761228854754,0.05952909817858729,0.13055339049103662,0.616928233474996,0.06660648882183799,67,2079,3064,38
0.2882474958896637,0.031235431235431235,0.638095238095238,0.5959556678981139,0.059555555555555556,0.13060428849902533,0.617025452996676,0.06666666072393156,67,2078,3065,38
0.28840288519859314,0.03125,0.638095238095238,0.5961501069414739,0.059582036460649176,0.13065522620904838,0.617122672518356,0.06672685164943533,67,2077,3066,38
0.2886437475681305,0.03126458236117592,0.638095238095238,0.5963445459848338,0.059608540925266906,0.13070620366757707,0.6172198920400359,0.06678706163277434,67,2076,3067,38
0.2886925935745239,0.03127917833800187,0.638095238095238,0.5965389850281937,0.059635068980863376,0.13075722092115535,0.6173171115617159,0.06684729070841502,67,2075,3068,38
0.28877484798431396,0.031293787949556284,0.638095238095238,0.5967334240715536,0.05966162065894924,0.13080827801639985,0.6174143310833958,0.06690753891086515,67,2074,3069,38
0.2890082895755768,0.03130841121495327,0.638095238095238,0.5969278631149135,0.05968819599109131,0.130859375,0.6175115506050758,0.06696780627467401,67,2073,3070,38
0.289134681224823,0.031323048153342685,0.638095238095238,0.5971223021582733,0.059714795008912656,0.13091051191871825,0.6176087701267556,0.06702809283443255,67,2072,3071,38
0.2891607880592346,0.0313376987839102,0.638095238095238,0.5973167412016333,0.05974141774409273,0.13096168881939016,0.6177059896484356,0.0670883986247734,67,2071,3072,38
0.2893734276294708,0.0313523631258774,0.638095238095238,0.5975111802449932,0.05976806422836753,0.13101290574892452,0.6178032091701156,0.06714872368037102,67,2070,3073,38
0.28944656252861023,0.03089887640449438,0.6285714285714286,0.5975111802449932,0.058902275769745646,0.12910798122065728,0.6130413044082108,0.06443912717826904,66,2070,3073,39
0.2896426022052765,0.030913348946135833,0.6285714285714286,0.5977056192883531,0.05892857142857143,0.12915851272015655,0.6131385239298908,0.06449928728529256,66,2069,3074,39
0.28974783420562744,0.030927835051546393,0.6285714285714286,0.597900058331713,0.05895489057615007,0.12920908379013313,0.6132357434515707,0.06455946630006341,66,2068,3075,39
0.28976258635520935,0.030942334739803096,0.6285714285714286,0.5980944973750729,0.058981233243967826,0.12925969447708577,0.6133329629732507,0.06461966425713153,66,2067,3076,39
0.2900024652481079,0.03095684803001876,0.6285714285714286,0.5982889364184328,0.059007599463567276,0.12931034482758622,0.6134301824949306,0.06467988119108845,66,2066,3077,39
0.2900993824005127,0.030971374941342094,0.6285714285714286,0.5984833754617928,0.059033989266547404,0.1293610348882791,0.6135274020166106,0.06474011713656734,66,2065,3078,39
0.2901378870010376,0.030985915492957747,0.6285714285714286,0.5986778145051527,0.05906040268456376,0.12941176470588237,0.6136246215382906,0.0648003721282432,66,2064,3079,39
0.29015254974365234,0.031000469704086424,0.6285714285714286,0.5988722535485126,0.05908683974932856,0.12946253432718713,0.6137218410599705,0.06486064620083298,66,2063,3080,39
0.29020607471466064,0.03101503759398496,0.6285714285714286,0.5990666925918724,0.059113300492610835,0.12951334379905807,0.6138190605816505,0.06492093938909559,66,2062,3081,39
0.2903108298778534,0.031029619181946404,0.6285714285714286,0.5992611316352323,0.05913978494623656,0.12956419316843346,0.6139162801033304,0.06498125172783205,66,2061,3082,39
0.29037413001060486,0.031044214487300093,0.6285714285714286,0.5994555706785922,0.05916629314208875,0.12961508248232523,0.6140134996250104,0.06504158325188565,66,2060,3083,39
0.29039162397384644,0.031058823529411764,0.6285714285714286,0.5996500097219521,0.059192825112107626,0.12966601178781925,0.6141107191466904,0.065101933996142,66,2059,3084,39
0.290406733751297,0.031073446327683617,0.6285714285714286,0.5998444487653121,0.059219380888290714,0.12971698113207547,0.6142079386683703,0.06516230399552914,66,2058,3085,39
0.29043450951576233,0.031088082901554404,0.6285714285714286,0.600038887808672,0.059245960502693,0.12976799056232796,0.6143051581900503,0.06522269328501769,66,2057,3086,39
0.29043570160865784,0.03110273327049953,0.6285714285714286,0.6002333268520319,0.05927256398742703,0.12981904012588513,0.6144023777117302,0.06528310189962092,66,2056,3087,39
0.29048171639442444,0.031117397454031116,0.6285714285714286,0.6004277658953918,0.05929919137466307,0.12987012987012986,0.6144995972334102,0.06534352987439485,66,2055,3088,39
0.2905470132827759,0.031132075471698113,0.6285714285714286,0.6006222049387517,0.059325842696629216,0.12992125984251968,0.6145968167550901,0.06540397724443837,66,2054,3089,39
0.29060012102127075,0.03114676734308636,0.6285714285714286,0.6008166439821117,0.05935251798561151,0.12997243009058684,0.6146940362767701,0.06546444404489345,66,2053,3090,39
0.29067105054855347,0.031161473087818695,0.6285714285714286,0.6010110830254715,0.059379217273954114,0.13002364066193853,0.6147912557984501,0.06552493031094503,66,2052,3091,39
0.29073959589004517,0.03117619272555503,0.6285714285714286,0.6012055220688314,0.0594059405940594,0.130074891604257,0.61488847532013,0.06558543607782134,66,2051,3092,39
0.29076069593429565,0.031190926275992438,0.6285714285714286,0.6013999611121913,0.05943268797838811,0.13012618296529968,0.61498569484181,0.06564596138079391,66,2050,3093,39
0.2908751368522644,0.031205673758865248,0.6285714285714286,0.6015944001555512,0.05945945945945946,0.1301775147928994,0.6150829143634899,0.06570650625517767,66,2049,3094,39
0.29094526171684265,0.03122043519394513,0.6285714285714286,0.6017888391989111,0.059486255069851286,0.13022888713496447,0.6151801338851699,0.06576707073633113,66,2048,3095,39
0.2910044491291046,0.031235210601041175,0.6285714285714286,0.601983278242271,0.059513074842200184,0.13028030003947888,0.6152773534068499,0.06582765485965641,66,2047,3096,39
0.2910367250442505,0.03125,0.6285714285714286,0.602177717285631,0.05953991880920163,0.13033175355450238,0.6153745729285298,0.06588825866059944,66,2046,3097,39
0.2911517918109894,0.031264803410705824,0.6285714285714286,0.6023721563289909,0.05956678700361011,0.13038324772817067,0.6154717924502098,0.06594888217464993,66,2045,3098,39
0.2911754548549652,0.031279620853080566,0.6285714285714286,0.6025665953723508,0.059593679458239276,0.13043478260869565,0.6155690119718897,0.0660095254373417,66,2044,3099,39
0.2911837100982666,0.031294452347083924,0.6285714285714286,0.6027610344157107,0.05962059620596206,0.13048635824436536,0.6156662314935697,0.06607018848425254,66,2043,3100,39
0.291303813457489,0.031309297912713474,0.6285714285714286,0.6029554734590706,0.0596475372797108,0.1305379746835443,0.6157634510152497,0.06613087135100455,66,2042,3101,39
0.291339635848999,0.03132415757000474,0.6285714285714286,0.6031499125024304,0.059674502712477394,0.13058963197467352,0.6158606705369295,0.06619157407326406,66,2041,3102,39
0.29141077399253845,0.03133903133903134,0.6285714285714286,0.6033443515457904,0.05970149253731343,0.13064133016627077,0.6159578900586095,0.06625229668674189,66,2040,3103,39
0.29141315817832947,0.030878859857482184,0.6190476190476191,0.6033443515457904,0.058823529411764705,0.12871287128712872,0.6111959852967047,0.06353657121650023,65,2040,3103,40
0.291422039270401,0.030893536121673004,0.6190476190476191,0.6035387905891503,0.058850158442734266,0.12876386687797148,0.6112932048183847,0.06359711568136846,65,2039,3104,40
0.29143014550209045,0.030908226343319068,0.6190476190476191,0.6037332296325102,0.058876811594202896,0.1288149028933809,0.6113904243400646,0.06365767967362229,65,2038,3105,40
0.29143282771110535,0.03092293054234063,0.6190476190476191,0.6039276686758701,0.05890348889895786,0.12886597938144329,0.6114876438617446,0.06371826322883378,65,2037,3106,40
0.29147446155548096,0.03093764873869586,0.6190476190476191,0.60412210771923,0.05893019038984588,0.1289170963903213,0.6115848633834245,0.06377886638261919,65,2036,3107,40
0.2915290892124176,0.030952380952380953,0.6190476190476191,0.60431654676259,0.05895691609977324,0.12896825396825398,0.6116820829051045,0.06383948917063899,65,2035,3108,40
0.2916586399078369,0.030967127203430204,0.6190476190476191,0.6045109858059499,0.05898366606170599,0.12901945216355698,0.6117793024267845,0.06390013162859813,65,2034,3109,40
0.29170483350753784,0.03098188751191611,0.6190476190476191,0.6047054248493098,0.05901044030867,0.1290706910246227,0.6118765219484644,0.06396079379224605,65,2033,3110,40
0.29175108671188354,0.030996661897949453,0.6190476190476191,0.6048998638926697,0.05903723887375113,0.12912197059992053,0.6119737414701444,0.06402147569737685,65,2032,3111,40
0.29178398847579956,0.03101145038167939,0.6190476190476191,0.6050943029360295,0.059064061790095414,0.12917329093799682,0.6120709609918242,0.06408217737982932,65,2031,3112,40
0.2918073236942291,0.031026252983293555,0.6190476190476191,0.6052887419793894,0.05909090909090909,0.12922465208747516,0.6121681805135042,0.0641428988754872,65,2030,3113,40
0.2918665409088135,0.031041069723018146,0.6190476190476191,0.6054831810227493,0.05911778080945884,0.12927605409705648,0.6122654000351841,0.06420364022027912,65,2029,3114,40
0.29186955094337463,0.031055900621118012,0.6190476190476191,0.6056776200661093,0.059144676979071886,0.1293274970155193,0.6123626195568641,0.06426440145017885,65,2028,3115,40
0.29191890358924866,0.03107074569789675,0.6190476190476191,0.6058720591094692,0.05917159763313609,0.12937898089171976,0.6124598390785441,0.06432518260120534,65,2027,3116,40
0.29214996099472046,0.031085604973696796,0.6190476190476191,0.6060664981528291,0.05919854280510018,0.1294305057745918,0.612557058600224,0.06438598370942289,65,2026,3117,40
0.2921862304210663,0.03110047846889952,0.6190476190476191,0.606260937196189,0.05922551252847381,0.1294820717131474,0.612654278121904,0.0644468048109412,65,2025,3118,40
0.2922739088535309,0.031115366203925323,0.6190476190476191,0.6064553762395489,0.059252506836827715,0.12953367875647667,0.6127514976435839,0.06450764594191553,65,2024,3119,40
0.29230260848999023,0.031130268199233715,0.6190476190476191,0.6066498152829088,0.05927952576379389,0.129585326953748,0.6128487171652639,0.06456850713854687,65,2023,3120,40
0.2924915552139282,0.03114518447532343,0.6190476190476191,0.6068442543262688,0.05930656934306569,0.1296370163542082,0.6129459366869439,0.06462938843708188,65,2022,3121,40
0.2925533056259155,0.0311601150527325,0.6190476190476191,0.6070386933696286,0.05933363760839799,0.12968874700718275,0.6130431562086238,0.06469028987381321,65,2021,3122,40
0.29256632924079895,0.03117505995203837,0.6190476190476191,0.6072331324129885,0.0593607305936073,0.12974051896207583,0.6131403757303038,0.0647512114850795,65,2020,3123,40
0.2925935387611389,0.031190019193857964,0.6190476190476191,0.6074275714563484,0.05938784833257195,0.1297923322683706,0.6132375952519837,0.06481215330726552,65,2019,3124,40
0.29265010356903076,0.031204992798847815,0.6190476190476191,0.6076220104997083,0.05941499085923217,0.12984418697562924,0.6133348147736637,0.06487311537680229,65,2018,3125,40
0.29271045327186584,0.03121998078770413,0.6190476190476191,0.6078164495430682,0.05944215820759031,0.1298960831334932,0.6134320342953437,0.06493409773016721,65,2017,3126,40
0.29279571771621704,0.0312349831811629,0.6190476190476191,0.6080108885864282,0.059469350411710885,0.12994802079168333,0.6135292538170236,0.06499510040388416,65,2016,3127,40
0.29292187094688416,0.03125,0.6190476190476191,0.6082053276297881,0.059496567505720827,0.13,0.6136264733387036,0.06505612343452362,65,2015,3128,40
0.2930382788181305,0.031265031265031266,0.6190476190476191,0.608399766673148,0.05952380952380952,0.13005202080832334,0.6137236928603835,0.06511716685870281,65,2014,3129,40
0.29313501715660095,0.03128007699711261,0.6190476190476191,0.6085942057165079,0.05955107650022904,0.1301040832666133,0.6138209123820635,0.06517823071308576,65,2013,3130,40
0.2932003140449524,0.031295137217140105,0.6190476190476191,0.6087886447598678,0.05957836846929423,0.1301561874249099,0.6139181319037434,0.0652393150343835,65,2012,3131,40
0.2932552397251129,0.0313102119460501,0.6190476190476191,0.6089830838032277,0.05960568546538285,0.13020833333333334,0.6140153514254234,0.06530041985935414,65,2011,3132,40
0.2932693660259247,0.03132530120481928,0.6190476190476191,0.6091775228465875,0.05963302752293578,0.13026052104208416,0.6141125709471034,0.06536154522480295,65,2010,3133,40
0.2932714521884918,0.0313404050144648,0.6190476190476191,0.6093719618899475,0.05966039467645709,0.13031275060144346,0.6142097904687833,0.06542269116758254,65,2009,3134,40
0.2934153974056244,0.03135552339604438,0.6190476190476191,0.6095664009333074,0.05968778696051423,0.13036502206177297,0.6143070099904633,0.06548385772459296,65,2008,3135,40
0.29344600439071655,0.03137065637065637,0.6190476190476191,0.6097608399766673,0.059715204409738175,0.13041733547351525,0.6144042295121432,0.06554504493278185,65,2007,3136,40
0.2935308814048767,0.031385803959439885,0.6190476190476191,0.6099552790200272,0.05974264705882353,0.1304696908871939,0.6145014490338232,0.06560625282914449,65,2006,3137,40
0.29356318712234497,0.03140096618357488,0.6190476190476191,0.6101497180633871,0.059770114942528735,0.13052208835341367,0.6145986685555032,0.06566748145072399,65,2005,3138,40
0.2937326431274414,0.03141614306428226,0.6190476190476191,0.610344157106747,0.05979760809567617,0.1305745279228606,0.6146958880771831,0.06572873083461135,65,2004,3139,40
0.2937653660774231,0.031431334622823985,0.6190476190476191,0.610538596150107,0.05982512655315232,0.13062700964630225,0.6147931075988631,0.06579000101794565,65,2003,3140,40
0.2937902510166168,0.031446540880503145,0.6190476190476191,0.6107330351934669,0.05985267034990792,0.13067953357458786,0.614890327120543,0.06585129203791412,65,2002,3141,40
0.29406455159187317,0.03146176185866408,0.6190476190476191,0.6109274742368268,0.059880239520958084,0.13073209975864844,0.614987546642223,0.06591260393175229,65,2001,3142,40
0.2941819429397583,0.031476997578692496,0.6190476190476191,0.6111219132801866,0.059907834101382486,0.13078470824949698,0.6150847661639028,0.06597393673674407,65,2000,3143,40
0.29418814182281494,0.031492248062015504,0.6190476190476191,0.6113163523235465,0.0599354541263255,0.13083735909822866,0.6151819856855828,0.06603529049022194,65,1999,3144,40
0.29425981640815735,0.031507513330101794,0.6190476190476191,0.6115107913669064,0.05996309963099631,0.13089005235602094,0.6152792052072628,0.06609666522956703,65,1998,3145,40
0.29426130652427673,0.03152279340446169,0.6190476190476191,0.6117052304102664,0.05999077065066913,0.13094278807413376,0.6153764247289427,0.06615806099220925,65,1997,3146,40
0.29427164793014526,0.03153808830664726,0.6190476190476191,0.6118996694536263,0.06001846722068329,0.1309955663039097,0.6154736442506227,0.06621947781562738,65,1996,3147,40
0.2942865192890167,0.03155339805825243,0.6190476190476191,0.6120941084969862,0.06004618937644342,0.1310483870967742,0.6155708637723026,0.0662809157373493,65,1995,3148,40
0.2943004369735718,0.03156872268091306,0.6190476190476191,0.6122885475403461,0.06007393715341959,0.13110125050423557,0.6156680832939826,0.06634237479495196,65,1994,3149,40
0.29430827498435974,0.03158406219630709,0.6190476190476191,0.612482986583706,0.06010171058714748,0.1311541565778854,0.6157653028156626,0.06640385502606165,65,1993,3150,40
0.29435840249061584,0.03159941662615459,0.6190476190476191,0.612677425627066,0.060129509713228495,0.13120710536939847,0.6158625223373425,0.06646535646835403,65,1992,3151,40
0.2943646311759949,0.0316147859922179,0.6190476190476191,0.6128718646704259,0.06015733456732994,0.13126009693053312,0.6159597418590225,0.06652687915955427,65,1991,3152,40
0.2944364547729492,0.031630170316301706,0.6190476190476191,0.6130663037137857,0.06018518518518518,0.13131313131313133,0.6160569613807023,0.06658842313743726,65,1990,3153,40
0.29485079646110535,0.03164556962025317,0.6190476190476191,0.6132607427571456,0.06021306160259379,0.13136620856911885,0.6161541809023823,0.06664998843982758,65,1989,3154,40
0.2949073314666748,0.031660983925962005,0.6190476190476191,0.6134551818005055,0.060240963855421686,0.13141932875050547,0.6162514004240622,0.0667115751045998,65,1988,3155,40
0.2950949966907501,0.031189083820662766,0.6095238095238096,0.6134551818005055,0.0593416782568382,0.12944983818770225,0.6114894956621575,0.06398450208361706,64,1988,3155,41
0.29510191082954407,0.031204290589956118,0.6095238095238096,0.6136496208438654,0.059369202226345084,0.12950222581950627,0.6115867151838374,0.06404588811606209,64,1987,3156,41
0.29515060782432556,0.03121951219512195,0.6095238095238096,0.6138440598872253,0.05939675174013921,0.12955465587044535,0.6116839347055174,0.06410729513558816,64,1986,3157,41
0.2951757609844208,0.031234748657881894,0.6095238095238096,0.6140384989305853,0.059424326833797586,0.12960712839206157,0.6117811542271974,0.06416872317990781,64,1985,3158,41
0.2952280342578888,0.03125,0.6095238095238096,0.6142329379739452,0.05945192754296331,0.12965964343598055,0.6118783737488773,0.0642301722867832,64,1984,3159,41
0.2952483594417572,0.03126526624328285,0.6095238095238096,0.6144273770173051,0.05947955390334572,0.12971220105391162,0.6119755932705573,0.06429164249402627,64,1983,3160,41
0.2953309416770935,0.03128054740957967,0.6095238095238096,0.614621816060665,0.05950720595072059,0.129764801297648,0.6120728127922372,0.0643531338394989,64,1982,3161,41
0.2955453097820282,0.03129584352078239,0.6095238095238096,0.6148162551040249,0.059534883720930236,0.12981744421906694,0.6121700323139172,0.06441464636111287,64,1981,3162,41
0.29575854539871216,0.03131115459882583,0.6095238095238096,0.6150106941473847,0.05956258724988367,0.12987012987012986,0.6122672518355972,0.06447618009683026,64,1980,3163,41
0.29576998949050903,0.03132648066568772,0.6095238095238096,0.6152051331907447,0.0595903165735568,0.12992285830288267,0.6123644713572771,0.06453773508466332,64,1979,3164,41
0.29580605030059814,0.031341821743388835,0.6095238095238096,0.6153995722341046,0.05961807172799255,0.12997562956945571,0.6124616908789571,0.06459931136267476,64,1978,3165,41
0.295898973941803,0.03135717785399314,0.6095238095238096,0.6155940112774645,0.05964585274930102,0.1300284437220642,0.612558910400637,0.0646609089689778,64,1977,3166,41
0.2959972023963928,0.03137254901960784,0.6095238095238096,0.6157884503208244,0.059673659673659674,0.13008130081300814,0.612656129922317,0.06472252794173633,64,1976,3167,41
0.2960006892681122,0.03138793526238352,0.6095238095238096,0.6159828893641843,0.05970149253731343,0.13013420089467262,0.612753349443997,0.06478416831916503,64,1975,3168,41
0.2960270047187805,0.03140333660451423,0.6095238095238096,0.6161773284075442,0.059729351376574896,0.13018714401952808,0.6128505689656769,0.06484583013952949,64,1974,3169,41
0.2960931658744812,0.031418753068237604,0.6095238095238096,0.6163717674509042,0.059757236227824466,0.13024013024013023,0.6129477884873569,0.06490751344114638,64,1973,3170,41
0.2961525022983551,0.03094302554027505,0.6,0.6163717674509042,0.058851004203643156,0.12825732899022801,0.6081858837254521,0.0621765827298262,63,1973,3170,42
0.2962701618671417,0.03095823095823096,0.6,0.6165662064942641,0.058878504672897194,0.12830957230142567,0.6082831032471321,0.06223805776653682,63,1972,3171,42
0.2963189482688904,0.030973451327433628,0.6,0.616760645537624,0.05890603085553997,0.12836185819070906,0.608380322768812,0.06229955390461795,63,1971,3172,42
0.2963213622570038,0.030988686669945892,0.6,0.6169550845809839,0.05893358278765201,0.12841418671015084,0.608477542290492,0.062361071182214345,63,1970,3173,42
0.296533465385437,0.031003937007874016,0.6,0.6171495236243437,0.058961160505381374,0.12846655791190864,0.6085747618121718,0.062422609637521526,63,1969,3174,42
0.29657620191574097,0.0310192023633678,0.6,0.6173439626677036,0.05898876404494382,0.12851897184822522,0.6086719813338518,0.062484169308785954,63,1968,3175,42
0.29659396409988403,0.03103448275862069,0.6,0.6175384017110636,0.05901639344262295,0.12857142857142856,0.6087692008555318,0.0625457502343051,63,1967,3176,42
0.29660964012145996,0.031049778215869888,0.6,0.6177328407544235,0.059044048734770385,0.12862392813393222,0.6088664203772117,0.06260735245242761,63,1966,3177,42
0.2966202199459076,0.03106508875739645,0.6,0.6179272797977834,0.05907172995780591,0.12867647058823528,0.6089636398988917,0.06266897600155347,63,1965,3178,42
0.2966609299182892,0.031080414405525406,0.6,0.6181217188411433,0.05909943714821764,0.12872905598692277,0.6090608594205716,0.06273062092013403,63,1964,3179,42
0.2968132197856903,0.031095755182625865,0.6,0.6183161578845032,0.05912717034256218,0.12878168438266557,0.6091580789422516,0.06279228724667224,63,1963,3180,42
0.296861857175827,0.03111111111111111,0.6,0.6185105969278631,0.059154929577464786,0.12883435582822086,0.6092552984639316,0.06285397501972277,63,1962,3181,42
0.2969304621219635,0.031126482213438736,0.6,0.6187050359712231,0.05918271488961954,0.12888707037643207,0.6093525179856115,0.06291568427789204,63,1961,3182,42
0.2970198690891266,0.031141868512110725,0.6,0.618899475014583,0.05921052631578947,0.12893982808022922,0.6094497375072915,0.06297741505983852,63,1960,3183,42
0.29707348346710205,0.03115727002967359,0.6,0.6190939140579428,0.05923836389280677,0.128992628992629,0.6095469570289713,0.06303916740427269,63,1959,3184,42
0.2970903813838959,0.031172686788718457,0.6,0.6192883531013027,0.059266227657572904,0.12904547316673495,0.6096441765506513,0.06310094134995729,63,1958,3185,42
0.2971022129058838,0.031188118811881188,0.6,0.6194827921446626,0.059294117647058824,0.1290983606557377,0.6097413960723312,0.06316273693570744,63,1957,3186,42
0.29722559452056885,0.031203566121842496,0.6,0.6196772311880225,0.059322033898305086,0.12915129151291513,0.6098386155940112,0.06322455420039068,63,1956,3187,42
0.2973417043685913,0.031219028741328047,0.6,0.6198716702313825,0.05934997644842204,0.1292042657916325,0.6099358351156912,0.06328639318292725,63,1955,3188,42
0.2973451614379883,0.031234506693108576,0.6,0.6200661092747424,0.05937794533459001,0.12925728354534263,0.6100330546373711,0.0633482539222901,63,1954,3189,42
0.2974245250225067,0.03125,0.6,0.6202605483181023,0.0594059405940594,0.12931034482758622,0.6101302741590511,0.0634101364575051,63,1953,3190,42
0.29742884635925293,0.031265508684863524,0.6,0.6204549873614622,0.059433962264150944,0.1293634496919918,0.610227493680731,0.0634720408276511,63,1952,3191,42
0.2974991202354431,0.03128103277060576,0.6,0.6206494264048221,0.05946201038225578,0.12941659819227608,0.610324713202411,0.06353396707186017,63,1951,3192,42
0.2975502610206604,0.03129657228017884,0.6,0.620843865448182,0.059490084985835696,0.12946979038224415,0.610421932724091,0.06359591522931765,63,1950,3193,42
0.29756778478622437,0.031312127236580514,0.6,0.6210383044915418,0.05951818611242324,0.12952302631578946,0.6105191522457709,0.06365788533926231,63,1949,3194,42
0.29761072993278503,0.0313276976628543,0.6,0.6212327435349018,0.05954631379962193,0.12957630604689427,0.6106163717674509,0.06371987744098649,63,1948,3195,42
0.2976178228855133,0.03134328358208955,0.6,0.6214271825782617,0.059574468085106386,0.12962962962962962,0.6107135912891308,0.06378189157383626,63,1947,3196,42
0.29779934883117676,0.0313588850174216,0.6,0.6216216216216216,0.059602649006622516,0.12968299711815562,0.6108108108108108,0.0638439277772115,63,1946,3197,42
0.29786601662635803,0.03137450199203187,0.6,0.6218160606649815,0.05963085660198769,0.12973640856672158,0.6109080303324907,0.06390598609056608,63,1945,3198,42
0.29818108677864075,0.03139013452914798,0.6,0.6220104997083414,0.05965909090909091,0.12978986402966625,0.6110052498541707,0.06396806655340799,63,1944,3199,42
0.29828405380249023,0.03140578265204387,0.6,0.6222049387517014,0.05968735196589294,0.12984336356141798,0.6111024693758507,0.06403016920529947,63,1943,3200,42
0.2983604669570923,0.030922693266832918,0.5904761904761905,0.6222049387517014,0.058767772511848344,0.12783505154639174,0.6063405646139459,0.06129163496827437,62,1943,3200,43
0.2984059154987335,0.03093812375249501,0.5904761904761905,0.6223993777950613,0.05879563774300616,0.12788778877887788,0.6064377841356259,0.06135351524560069,62,1942,3201,43
0.29840925335884094,0.0309535696455317,0.5904761904761905,0.6225938168384212,0.058823529411764705,0.12794056954189023,0.6065350036573058,0.06141541732371575,62,1941,3202,43
0.2984756827354431,0.030969030969030968,0.5904761904761905,0.6227882558817811,0.05885144755576649,0.12799339388934763,0.6066322231789858,0.06147734124199346,62,1940,3203,43
0.298501193523407,0.030984507746126936,0.5904761904761905,0.622982694925141,0.05887939221272555,0.12804626187525817,0.6067294427006658,0.06153928703986172,62,1939,3204,43
0.2985066771507263,0.031,0.5904761904761905,0.6231771339685008,0.05890736342042755,0.128099173553719,0.6068266622223457,0.061601254756802525,62,1938,3205,43
0.2986719012260437,0.031015507753876938,0.5904761904761905,0.6233715730118607,0.058935361216730035,0.1281521289789169,0.6069238817440257,0.061663244432352125,62,1937,3206,43
0.2986997067928314,0.031031031031031032,0.5904761904761905,0.6235660120552207,0.05896338563956253,0.1282051282051282,0.6070211012657056,0.06172525610610115,62,1936,3207,43
0.2987031638622284,0.03104656985478217,0.5904761904761905,0.6237604510985806,0.058991436726926735,0.12825817128671907,0.6071183207873856,0.06178728981769478,62,1935,3208,43
0.29871442914009094,0.031062124248496994,0.5904761904761905,0.6239548901419405,0.059019514516896715,0.12831125827814568,0.6072155403090655,0.06184934560683285,62,1934,3209,43
0.2987574636936188,0.03107769423558897,0.5904761904761905,0.6241493291853004,0.05904761904761905,0.12836438923395446,0.6073127598307455,0.06191142351327,62,1933,3210,43
0.2987617552280426,0.031093279839518557,0.5904761904761905,0.6243437682286603,0.05907575035731301,0.12841756420878211,0.6074099793524255,0.06197352357681583,62,1932,3211,43
0.2987717390060425,0.031108881083793276,0.5904761904761905,0.6245382072720203,0.05910390848427073,0.12847078325735597,0.6075071988741054,0.06203564583733502,62,1931,3212,43
0.2989892065525055,0.03112449799196787,0.5904761904761905,0.6247326463153802,0.05913209346685742,0.1285240464344942,0.6076044183957854,0.06209779033474749,62,1930,3213,43
0.2990511655807495,0.0311401305876444,0.5904761904761905,0.6249270853587401,0.05916030534351145,0.12857735379510576,0.6077016379174653,0.06215995710902851,62,1929,3214,43
0.29912829399108887,0.031155778894472363,0.5904761904761905,0.6251215244020999,0.05918854415274463,0.12863070539419086,0.6077988574391452,0.0622221462002089,62,1928,3215,43
0.29913297295570374,0.03117144293614882,0.5904761904761905,0.6253159634454598,0.05921680993314231,0.12868410128684102,0.6078960769608251,0.06228435764837509,62,1927,3216,43
0.2993888854980469,0.03118712273641851,0.5904761904761905,0.6255104024888197,0.05924510272336359,0.1287375415282392,0.6079932964825051,0.062346591493669334,62,1926,3217,43
0.2994433641433716,0.03120281831907398,0.5904761904761905,0.6257048415321796,0.05927342256214149,0.12879102617366014,0.6080905160041851,0.06240884777628984,62,1925,3218,43
0.29958176612854004,0.03121852970795569,0.5904761904761905,0.6258992805755396,0.05930176948828312,0.1288445552784705,0.608187735525865,0.06247112653649086,62,1924,3219,43
0.2995864152908325,0.031234256926952142,0.5904761904761905,0.6260937196188995,0.05933014354066986,0.1288981288981289,0.608284955047545,0.06253342781458292,62,1923,3220,43
0.29960864782333374,0.03125,0.5904761904761905,0.6262881586622594,0.05935854475825754,0.12895174708818635,0.6083821745692249,0.06259575165093287,62,1922,3221,43
0.2996346652507782,0.031265758951084216,0.5904761904761905,0.6264825977056193,0.05938697318007663,0.1290054099042863,0.6084793940909049,0.06265809808596409,62,1921,3222,43
0.2997213304042816,0.03128153380423814,0.5904761904761905,0.6266770367489792,0.05941542884523239,0.12905911740216486,0.6085766136125849,0.06272046716015663,62,1920,3223,43
0.29974615573883057,0.031297324583543666,0.5904761904761905,0.6268714757923392,0.059443911792905084,0.12911286963765098,0.6086738331342648,0.06278285891404735,62,1919,3224,43
0.29991719126701355,0.031313131313131314,0.5904761904761905,0.627065914835699,0.05947242206235012,0.12916666666666668,0.6087710526559447,0.06284527338823004,62,1918,3225,43
0.30000653862953186,0.031328954017180395,0.5904761904761905,0.6272603538790589,0.05950095969289827,0.12922050854522718,0.6088682721776246,0.06290771062335558,62,1917,3226,43
0.3000870943069458,0.03134479271991911,0.5904761904761905,0.6274547929224188,0.05952952472395583,0.1292743953294412,0.6089654916993046,0.06297017066013214,62,1916,3227,43
0.3001277446746826,0.030854830551340414,0.580952380952381,0.6274547929224188,0.05859750240153699,0.1272423863162286,0.6042035869373998,0.06022432891542031,61,1916,3227,44
0.30023008584976196,0.030870445344129555,0.580952380952381,0.6276492319657787,0.05862566074002883,0.12729549248747912,0.6043008064590798,0.06028655344561659,61,1915,3228,44
0.30028611421585083,0.030886075949367087,0.580952380952381,0.6278436710091386,0.058653846153846154,0.12734864300626306,0.6043980259807598,0.06034880038089508,61,1914,3229,44
0.3003278076648712,0.03090172239108409,0.580952380952381,0.6280381100524985,0.05868205868205868,0.1274018379281537,0.6044952455024397,0.06041106976175958,61,1913,3230,44
0.30041614174842834,0.030917384693360365,0.580952380952381,0.6282325490958585,0.05871029836381136,0.1274550773088174,0.6045924650241197,0.06047336162877084,61,1912,3231,44
0.3004341721534729,0.030933062880324543,0.580952380952381,0.6284269881392184,0.058738565238324505,0.12750836120401338,0.6046896845457996,0.06053567602254669,61,1911,3232,44
0.3005112111568451,0.030948756976154235,0.580952380952381,0.6286214271825783,0.05876685934489403,0.1275616896695943,0.6047869040674796,0.06059801298376222,61,1910,3233,44
0.3005845844745636,0.030964467005076143,0.580952380952381,0.6288158662259382,0.05879518072289157,0.12761506276150628,0.6048841235891596,0.06066037255314987,61,1909,3234,44
0.3005887567996979,0.030980192991366177,0.580952380952381,0.629010305269298,0.058823529411764705,0.12766848053578903,0.6049813431108395,0.06072275477149968,61,1908,3235,44
0.3007116913795471,0.030995934959349592,0.580952380952381,0.6292047443126579,0.05885190545103714,0.1277219430485762,0.6050785626325195,0.06078515967965932,61,1907,3236,44
0.30103904008865356,0.031011692933401117,0.580952380952381,0.6293991833560179,0.05888030888030888,0.12777545035609553,0.6051757821541994,0.060847587318534284,61,1906,3237,44
0.30104541778564453,0.031027466937945065,0.580952380952381,0.6295936223993778,0.0589087397392564,0.12782900251466892,0.6052730016758794,0.06091003772908809,61,1905,3238,44
0.30105283856391907,0.03104325699745547,0.580952380952381,0.6297880614427377,0.05893719806763285,0.1278825995807128,0.6053702211975593,0.06097251095234236,61,1904,3239,44
0.3011263310909271,0.031059063136456212,0.580952380952381,0.6299825004860976,0.05896568390526825,0.12793624161073824,0.6054674407192393,0.061035007029376975,61,1903,3240,44
0.3011837899684906,0.03107488537952114,0.580952380952381,0.6301769395294575,0.05899419729206963,0.12798992866135123,0.6055646602409193,0.06109752600133028,61,1902,3241,44
0.30129849910736084,0.03109072375127421,0.580952380952381,0.6303713785728174,0.059022738268021284,0.12804366078925272,0.6056618797625992,0.06116006790939917,61,1901,3242,44
0.30134984850883484,0.031106578276389598,0.580952380952381,0.6305658176161774,0.0590513068731849,0.12809743805123897,0.6057590992842792,0.061222632794839284,61,1900,3243,44
0.30147868394851685,0.031122448979591835,0.580952380952381,0.6307602566595373,0.05907990314769976,0.12815126050420167,0.6058563188059591,0.06128522069896513,61,1899,3244,44
0.30184206366539,0.031138335885655948,0.580952380952381,0.6309546957028972,0.05910852713178295,0.1282051282051282,0.6059535383276391,0.06134783166315024,61,1898,3245,44
0.30185896158218384,0.03115423901940756,0.580952380952381,0.631149134746257,0.05913717886572952,0.12825904121110177,0.606050757849319,0.06141046572882735,61,1897,3246,44
0.3018820285797119,0.031170158405723045,0.580952380952381,0.6313435737896169,0.05916585838991271,0.12831299957930165,0.606147977370999,0.06147312293748851,61,1896,3247,44
0.3018890917301178,0.031186094069529654,0.580952380952381,0.6315380128329768,0.059194565744784086,0.12836700336700338,0.606245196892679,0.061535803330685264,61,1895,3248,44
0.3019465506076813,0.031202046035805626,0.580952380952381,0.6317324518763368,0.059223300970873784,0.12842105263157894,0.6063424164143589,0.06159850695002879,61,1894,3249,44
0.3020714223384857,0.031218014329580348,0.580952380952381,0.6319268909196967,0.05925206410879068,0.12847514743049704,0.6064396359360389,0.06166123383719007,61,1893,3250,44
0.3020721673965454,0.03123399897593446,0.580952380952381,0.6321213299630566,0.05928085519922255,0.12852928782132322,0.6065368554577188,0.0617239840339,61,1892,3251,44
0.3021593987941742,0.03125,0.580952380952381,0.6323157690064165,0.05930967428293631,0.12858347386172006,0.6066340749793988,0.061786757581949625,61,1891,3252,44
0.3021891117095947,0.031266017426960536,0.580952380952381,0.6325102080497764,0.05933852140077821,0.12863770560944748,0.6067312945010788,0.06184955452319021,61,1890,3253,44
0.30222663283348083,0.03128205128205128,0.580952380952381,0.6327046470931363,0.05936739659367397,0.12869198312236288,0.6068285140227587,0.061912374899533426,61,1889,3254,44
0.30237558484077454,0.03129810159055926,0.580952380952381,0.6328990861364963,0.05939629990262902,0.12874630645842128,0.6069257335444387,0.061975218752951526,61,1888,3255,44
0.30243051052093506,0.03131416837782341,0.580952380952381,0.6330935251798561,0.05942523136872869,0.12880067567567569,0.6070229530661185,0.06203808612547748,61,1887,3256,44
0.3024555742740631,0.03133025166923472,0.580952380952381,0.633287964223216,0.0594541910331384,0.12885509083227714,0.6071201725877985,0.06210097705920512,61,1886,3257,44
0.3025519847869873,0.03134635149023638,0.580952380952381,0.6334824032665759,0.05948317893710385,0.12890955198647505,0.6072173921094784,0.062163891596289336,61,1885,3258,44
0.3025585412979126,0.031362467866323906,0.580952380952381,0.6336768423099358,0.05951219512195122,0.12896405919661733,0.6073146116311584,0.06222682977894618,61,1884,3259,44
0.30282318592071533,0.03137860082304527,0.580952380952381,0.6338712813532957,0.05954123962908736,0.1290186125211506,0.6074118311528384,0.062289791649453065,61,1883,3260,44
0.3028956949710846,0.03088008234688626,0.5714285714285714,0.6338712813532957,0.05859375,0.12695725772323319,0.6026499263909335,0.05953459689989716,60,1883,3260,45
0.30292195081710815,0.030895983522142123,0.5714285714285714,0.6340657203966557,0.05862237420615535,0.12701100762066045,0.6027471459126135,0.05959730714349329,60,1882,3261,45
0.30293235182762146,0.030911901081916538,0.5714285714285714,0.6342601594400156,0.05865102639296188,0.12706480304955528,0.6028443654342934,0.05966004066773148,60,1881,3262,45
0.302951455116272,0.030927835051546393,0.5714285714285714,0.6344545984833755,0.05867970660146699,0.1271186440677966,0.6029415849559734,0.05972279751466521,60,1880,3263,45
0.3029821813106537,0.030943785456420837,0.5714285714285714,0.6346490375267354,0.05870841487279843,0.1271725307333616,0.6030388044776533,0.05978557772640895,60,1879,3264,45
0.30302974581718445,0.030959752321981424,0.5714285714285714,0.6348434765700953,0.05873715124816446,0.1272264631043257,0.6031360239993333,0.0598483813451384,60,1878,3265,45
0.303152859210968,0.030975735673722252,0.5714285714285714,0.6350379156134551,0.058765915768854066,0.12728044123886295,0.6032332435210133,0.059911208413090604,60,1877,3266,45
0.30315685272216797,0.030991735537190084,0.5714285714285714,0.635232354656815,0.05879470847623714,0.1273344651952462,0.6033304630426932,0.05997405897256409,60,1876,3267,45
0.30325520038604736,0.031007751937984496,0.5714285714285714,0.635426793700175,0.058823529411764705,0.12738853503184713,0.6034276825643732,0.06003693306591911,60,1875,3268,45
0.3033234477043152,0.031023784901758014,0.5714285714285714,0.6356212327435349,0.058852378616969105,0.1274426508071368,0.6035249020860531,0.0600998307355777,60,1874,3269,45
0.30354389548301697,0.031039834454216243,0.5714285714285714,0.6358156717868948,0.058881256133464184,0.1274968125796855,0.6036221216077331,0.06016275202402391,60,1873,3270,45
0.3035529553890228,0.031055900621118012,0.5714285714285714,0.6360101108302547,0.05891016200294551,0.12755102040816327,0.6037193411294131,0.060225696973803935,60,1872,3271,45
0.30359184741973877,0.031071983428275506,0.5714285714285714,0.6362045498736146,0.05893909626719057,0.12760527435133986,0.603816560651093,0.06028866562752627,60,1871,3272,45
0.30360686779022217,0.031088082901554404,0.5714285714285714,0.6363989889169746,0.05896805896805897,0.1276595744680851,0.603913780172773,0.060351658027861896,60,1870,3273,45
0.3036917746067047,0.03110419906687403,0.5714285714285714,0.6365934279603345,0.058997050147492625,0.1277139208173691,0.6040109996944529,0.06041467421754442,60,1869,3274,45
0.30381596088409424,0.03112033195020747,0.5714285714285714,0.6367878670036944,0.05902606984751599,0.12776831345826234,0.6041082192161329,0.06047771423937024,60,1868,3275,45
0.30389389395713806,0.031136481577581733,0.5714285714285714,0.6369823060470543,0.05905511811023622,0.1278227524499361,0.6042054387378128,0.06054077813619872,60,1867,3276,45
0.3040389120578766,0.03115264797507788,0.5714285714285714,0.6371767450904141,0.059084194977843424,0.1278772378516624,0.6043026582594928,0.06060386595095233,60,1866,3277,45
0.30414658784866333,0.03116883116883117,0.5714285714285714,0.637371184133774,0.059113300492610835,0.1279317697228145,0.6043998777811728,0.06066697772661684,60,1865,3278,45
0.3042270541191101,0.031185031185031187,0.5714285714285714,0.6375656231771339,0.05914243469689502,0.12798634812286688,0.6044970973028527,0.06073011350624143,60,1864,3279,45
0.3042649030685425,0.031201248049921998,0.5714285714285714,0.6377600622204939,0.05917159763313609,0.12804097311139565,0.6045943168245327,0.06079327333293895,60,1863,3280,45
0.30436962842941284,0.031217481789802288,0.5714285714285714,0.6379545012638538,0.05920078934385792,0.12809564474807855,0.6046915363462126,0.06085645724988596,60,1862,3281,45
0.30449965596199036,0.031233732431025507,0.5714285714285714,0.6381489403072137,0.059230009871668314,0.12815036309269542,0.6047887558678926,0.060919665300323,60,1861,3282,45
0.3046565651893616,0.03125,0.5714285714285714,0.6383433793505736,0.05925925925925926,0.1282051282051282,0.6048859753895726,0.060982897527554696,60,1860,3283,45
0.30472710728645325,0.031266284523189164,0.5714285714285714,0.6385378183939335,0.05928853754940711,0.12825994014536127,0.6049831949112525,0.06104615397494996,60,1859,3284,45
0.30475422739982605,0.03128258602711158,0.5714285714285714,0.6387322574372934,0.05931784478497281,0.1283147989734816,0.6050804144329325,0.06110943468594211,60,1858,3285,45
0.3048262298107147,0.03129890453834116,0.5714285714285714,0.6389266964806534,0.05934718100890208,0.12836970474967907,0.6051776339546124,0.06117273970402911,60,1857,3286,45
0.30485278367996216,0.031315240083507306,0.5714285714285714,0.6391211355240132,0.05937654626422563,0.1284246575342466,0.6052748534762923,0.06123606907277364,60,1856,3287,45
0.30488550662994385,0.031331592689295036,0.5714285714285714,0.6393155745673731,0.0594059405940594,0.1284796573875803,0.6053720729979722,0.06129942283580337,60,1855,3288,45
0.3048870861530304,0.03134796238244514,0.5714285714285714,0.639510013610733,0.05943536404160475,0.12853470437017994,0.6054692925196522,0.06136280103681105,60,1854,3289,45
0.3049358129501343,0.03136434918975431,0.5714285714285714,0.6397044526540929,0.05946481665014866,0.12858979854264896,0.6055665120413322,0.061426203719554685,60,1853,3290,45
0.3049469292163849,0.03138075313807531,0.5714285714285714,0.6398988916974528,0.059494298463063956,0.12864493996569468,0.6056637315630121,0.06148963092785776,60,1852,3291,45
0.30501532554626465,0.03139717425431711,0.5714285714285714,0.6400933307408128,0.05952380952380952,0.1287001287001287,0.6057609510846921,0.061553082705609344,60,1851,3292,45
0.3050365447998047,0.031413612565445025,0.5714285714285714,0.6402877697841727,0.05955334987593052,0.12875536480686695,0.605858170606372,0.0616165590967643,60,1850,3293,45
0.305111825466156,0.03143006809848088,0.5714285714285714,0.6404822088275326,0.05958291956305859,0.12881064834693,0.605955390128052,0.06168006014534344,60,1849,3294,45
0.3051139712333679,0.031446540880503145,0.5714285714285714,0.6406766478708925,0.05961251862891207,0.12886597938144329,0.606052609649732,0.06174358589543368,60,1848,3295,45
0.30518418550491333,0.03146303093864709,0.5714285714285714,0.6408710869142524,0.05964214711729622,0.1289213579716373,0.6061498291714119,0.061807136391188275,60,1847,3296,45
0.305229127407074,0.03147953830010493,0.5714285714285714,0.6410655259576122,0.05967180507210343,0.1289767841788478,0.6062470486930918,0.06187071167682689,60,1846,3297,45
0.305324912071228,0.031496062992125984,0.5714285714285714,0.6412599650009722,0.05970149253731343,0.12903225806451613,0.6063442682147717,0.06193431179663586,60,1845,3298,45
0.3053373694419861,0.031512605042016806,0.5714285714285714,0.6414544040443321,0.05973120955699353,0.12908777969018934,0.6064414877364517,0.061997936794968324,60,1844,3299,45
0.30539223551750183,0.03152916447714135,0.5714285714285714,0.641648843087692,0.05976095617529881,0.12914334911752046,0.6065387072581316,0.062061586716244406,60,1843,3300,45
0.3055662214756012,0.031545741324921134,0.5714285714285714,0.6418432821310519,0.059790732436472344,0.12919896640826872,0.6066359267798116,0.06212526160495136,60,1842,3301,45
0.3055986762046814,0.03156233561283535,0.5714285714285714,0.6420377211744118,0.05982053838484546,0.12925463162429987,0.6067331463014916,0.062188961505643806,60,1841,3302,45
0.30562078952789307,0.031578947368421054,0.5714285714285714,0.6422321602177717,0.059850374064837904,0.12931034482758622,0.6068303658231715,0.06225268646294385,60,1840,3303,45
0.3056820034980774,0.0315955766192733,0.5714285714285714,0.6424265992611317,0.059880239520958084,0.129366106080207,0.6069275853448515,0.06231643652154128,60,1839,3304,45
0.3060024678707123,0.03161222339304531,0.5714285714285714,0.6426210383044916,0.05991013479780329,0.12942191544434858,0.6070248048665314,0.06238021172619373,60,1838,3305,45
0.30606287717819214,0.0316288877174486,0.5714285714285714,0.6428154773478515,0.059940059940059943,0.1294777729823047,0.6071220243882114,0.06244401212172687,60,1837,3306,45
0.3060682415962219,0.03164556962025317,0.5714285714285714,0.6430099163912113,0.05997001499250375,0.12953367875647667,0.6072192439098913,0.06250783775303459,60,1836,3307,45
0.30608677864074707,0.0316622691292876,0.5714285714285714,0.6432043554345712,0.06,0.12958963282937366,0.6073164634315713,0.06257168866507913,60,1835,3308,45
0.3061344027519226,0.03167898627243928,0.5714285714285714,0.6433987944779311,0.060030015007503754,0.12964563526361278,0.6074136829532513,0.06263556490289132,60,1834,3309,45
0.3061859905719757,0.03169572107765452,0.5714285714285714,0.643593233521291,0.06006006006006006,0.1297016861219196,0.6075109024749312,0.06269946651157074,60,1833,3310,45
0.30621811747550964,0.03171247357293869,0.5714285714285714,0.643787672564651,0.06009013520280421,0.12975778546712802,0.6076081219966112,0.06276339353628584,60,1832,3311,45
0.30629846453666687,0.03172924378635643,0.5714285714285714,0.6439821116080109,0.06012024048096192,0.12981393336218086,0.6077053415182911,0.06282734602227417,60,1831,3312,45
0.3063255846500397,0.031746031746031744,0.5714285714285714,0.6441765506513708,0.06015037593984962,0.12987012987012986,0.6078025610399711,0.06289132401484263,60,1830,3313,45
0.3063570261001587,0.03176283748014823,0.5714285714285714,0.6443709896947307,0.06018054162487462,0.12992637505413598,0.6078997805616511,0.06295532755936747,60,1829,3314,45
0.3064277470111847,0.03177966101694915,0.5714285714285714,0.6445654287380906,0.060210737581535376,0.12998266897746968,0.607997000083331,0.06301935670129465,60,1828,3315,45
0.3064785301685333,0.03179650238473768,0.5714285714285714,0.6447598677814506,0.060240963855421686,0.13003901170351106,0.608094219605011,0.06308341148613991,60,1827,3316,45
0.3065090477466583,0.031813361611876985,0.5714285714285714,0.6449543068248105,0.06027122049221497,0.13009540329575023,0.6081914391266909,0.06314749195948899,60,1826,3317,45
0.30651262402534485,0.03183023872679045,0.5714285714285714,0.6451487458681703,0.06030150753768844,0.1301518438177874,0.6082886586483709,0.0632115981669978,60,1825,3318,45
0.30653172731399536,0.03184713375796178,0.5714285714285714,0.6453431849115302,0.06033182503770739,0.13020833333333334,0.6083858781700509,0.06327573015439264,60,1824,3319,45
0.3065418303012848,0.03186404673393521,0.5714285714285714,0.6455376239548901,0.060362173038229376,0.13026487190620928,0.6084830976917308,0.06333988796747032,60,1823,3320,45
0.30657756328582764,0.031880977683315624,0.5714285714285714,0.64573206299825,0.06039255158530448,0.13032145960034752,0.6085803172134108,0.0634040716520984,60,1822,3321,45
0.30666089057922363,0.03189792663476874,0.5714285714285714,0.64592650204161,0.06042296072507553,0.1303780964797914,0.6086775367350907,0.06346828125421532,60,1821,3322,45
0.3068368434906006,0.031914893617021274,0.5714285714285714,0.6461209410849699,0.060453400503778336,0.13043478260869565,0.6087747562567707,0.06353251681983063,60,1820,3323,45
0.3070904612541199,0.031931878658861094,0.5714285714285714,0.6463153801283298,0.06048387096774194,0.13049151805132667,0.6088719757784506,0.0635967783950252,60,1819,3324,45
0.3071025311946869,0.03194888178913738,0.5714285714285714,0.6465098191716897,0.060514372163388806,0.13054830287206268,0.6089691953001306,0.06366106602595129,60,1818,3325,45
0.30711454153060913,0.031965903036760786,0.5714285714285714,0.6467042582150496,0.060544904137235116,0.13060513713539398,0.6090664148218106,0.06372537975883284,60,1817,3326,45
0.30715447664260864,0.031982942430703626,0.5714285714285714,0.6468986972584095,0.06057546693589096,0.13066202090592335,0.6091636343434905,0.06378971963996563,60,1816,3327,45
0.30718743801116943,0.032,0.5714285714285714,0.6470931363017693,0.06060606060606061,0.13071895424836602,0.6092608538651704,0.06385408571571749,60,1815,3328,45
0.3071947991847992,0.032017075773746,0.5714285714285714,0.6472875753451293,0.0606366851945427,0.13077593722755013,0.6093580733868503,0.06391847803252838,60,1814,3329,45
0.30727311968803406,0.03203416978109984,0.5714285714285714,0.6474820143884892,0.06066734074823053,0.13083296990841692,0.6094552929085303,0.06398289663691076,60,1813,3330,45
0.30735740065574646,0.03205128205128205,0.5714285714285714,0.6476764534318491,0.06069802731411229,0.13089005235602094,0.6095525124302102,0.06404734157544957,60,1812,3331,45
0.3073855936527252,0.032068412613575625,0.5714285714285714,0.647870892475209,0.06072874493927125,0.13094718463553034,0.6096497319518902,0.06411181289480261,60,1811,3332,45
0.30742061138153076,0.03208556149732621,0.5714285714285714,0.6480653315185689,0.060759493670886074,0.13100436681222707,0.6097469514735702,0.06417631064170061,60,1810,3333,45
0.3074275553226471,0.03210272873194221,0.5714285714285714,0.6482597705619288,0.060790273556231005,0.1310615989515072,0.6098441709952501,0.06424083486294745,60,1809,3334,45
0.30751514434814453,0.032119914346895075,0.5714285714285714,0.6484542096052888,0.060821084642676125,0.13111888111888112,0.6099413905169301,0.06430538560542033,60,1808,3335,45
0.3075224757194519,0.032137118371719335,0.5714285714285714,0.6486486486486487,0.060851926977687626,0.13117621337997376,0.61003861003861,0.06436996291607007,60,1807,3336,45
0.30755841732025146,0.03215434083601286,0.5714285714285714,0.6488430876920086,0.060882800608828,0.13123359580052493,0.61013582956029,0.06443456684192111,60,1806,3337,45
0.3076050281524658,0.032171581769437,0.5714285714285714,0.6490375267353684,0.06091370558375635,0.13129102844638948,0.6102330490819698,0.06449919743007188,60,1805,3338,45
0.30763480067253113,0.032188841201716736,0.5714285714285714,0.6492319657787283,0.06094464195022854,0.13134851138353765,0.6103302686036498,0.0645638547276949,60,1804,3339,45
0.3076978027820587,0.03166935050993022,0.5619047619047619,0.6492319657787283,0.059959349593495935,0.12921594393342092,0.6055683638417451,0.061784698832947724,59,1804,3339,46
0.30772221088409424,0.03168635875402793,0.5619047619047619,0.6494264048220882,0.059989832231825115,0.12927256792287467,0.605665583363425,0.06184906622655565,59,1803,3340,46
0.3078240156173706,0.03170338527673294,0.5619047619047619,0.6496208438654482,0.06002034587995931,0.12932924156071898,0.605762802885105,0.061913459895841585,59,1802,3341,46
0.3078451156616211,0.031720430107526884,0.5619047619047619,0.6498152829088081,0.06005089058524173,0.12938596491228072,0.6058600224067849,0.061977879887709725,59,1801,3342,46
0.3078501522541046,0.03173749327595481,0.5619047619047619,0.650009721952168,0.06008146639511202,0.12944273804300133,0.6059572419284649,0.06204232624913809,59,1800,3343,46
0.30786973237991333,0.031754574811625406,0.5619047619047619,0.6502041609955279,0.06011207335710647,0.12949956101843724,0.6060544614501449,0.06210679902717864,59,1799,3344,46
0.30795150995254517,0.031771674744211095,0.5619047619047619,0.6503986000388878,0.060142711518858305,0.12955643390426,0.6061516809718248,0.06217129826895751,59,1798,3345,46
0.3079538345336914,0.03178879310344827,0.5619047619047619,0.6505930390822477,0.06017338092809791,0.1296133567662566,0.6062489004935048,0.0622358240216752,59,1797,3346,46
0.3079872131347656,0.031805929919137464,0.5619047619047619,0.6507874781256077,0.06020408163265306,0.12967032967032968,0.6063461200151847,0.06230037633260675,59,1796,3347,46
0.30808377265930176,0.03182308522114347,0.5619047619047619,0.6509819171689676,0.06023481368044921,0.1297273526824978,0.6064433395368647,0.06236495524910196,59,1795,3348,46
0.30809059739112854,0.03184025903939557,0.5619047619047619,0.6511763562123274,0.0602655771195097,0.12978442586889574,0.6065405590585446,0.062429560818585576,59,1794,3349,46
0.3083246350288391,0.03185745140388769,0.5619047619047619,0.6513707952556873,0.06029637199795605,0.12984154929577466,0.6066377785802246,0.06249419308855746,59,1793,3350,46
0.30832627415657043,0.031334413830361965,0.5523809523809524,0.6513707952556873,0.05930470347648262,0.12769704975781593,0.6018758738183199,0.05971085245483752,58,1793,3350,47
0.3083799481391907,0.03135135135135135,0.5523809523809524,0.6515652342990472,0.059335038363171354,0.1277533039647577,0.6019730933399998,0.05977518785702275,58,1792,3351,47
0.3083823025226593,0.03136830719307734,0.5523809523809524,0.6517596733424071,0.0593654042988741,0.127809607756721,0.6020703128616798,0.05983954952000349,58,1791,3352,47
0.30848076939582825,0.031385281385281384,0.5523809523809524,0.6519541123857671,0.059395801331285206,0.12786596119929453,0.6021675323833597,0.059903937490999655,58,1790,3353,47
0.30851829051971436,0.03140227395776936,0.5523809523809524,0.652148551429127,0.05942622950819672,0.12792236435818263,0.6022647519050397,0.059968351817305914,58,1789,3354,47
0.30867525935173035,0.0314192849404117,0.5523809523809524,0.6523429904724869,0.05945668887749872,0.12797881729920565,0.6023619714267197,0.060032792546291965,58,1788,3355,47
0.30870509147644043,0.03143631436314363,0.5523809523809524,0.6525374295158468,0.059487179487179485,0.1280353200883002,0.6024591909483996,0.060097259725402655,58,1787,3356,47
0.3087637424468994,0.031453362255965296,0.5523809523809524,0.6527318685592067,0.059517701385325805,0.12809187279151943,0.6025564104700796,0.06016175340215824,58,1786,3357,47
0.30878445506095886,0.031470428648941944,0.5523809523809524,0.6529263076025666,0.059548254620123205,0.12814847547503314,0.6026536299917595,0.06022627362415456,58,1785,3358,47
0.308849573135376,0.031487513572204126,0.5523809523809524,0.6531207466459265,0.05957883923985619,0.1282051282051282,0.6027508495134395,0.060290820439063204,58,1784,3359,47
0.30892276763916016,0.031504617055947856,0.5523809523809524,0.6533151856892864,0.05960945529290853,0.12826183104820876,0.6028480690351194,0.06035539389463177,58,1783,3360,47
0.30901867151260376,0.03152173913043478,0.5523809523809524,0.6535096247326463,0.0596401028277635,0.12831858407079647,0.6029452885567994,0.06041999403868402,58,1782,3361,47
0.30910825729370117,0.031538879825992384,0.5523809523809524,0.6537040637760062,0.059670781893004114,0.12837538733953077,0.6030425080784794,0.06048462091912009,58,1781,3362,47
0.3091115951538086,0.031556039173014146,0.5523809523809524,0.6538985028193661,0.05970149253731343,0.12843224092116917,0.6031397276001593,0.060549274583916714,58,1780,3363,47
0.3092760145664215,0.031573217201959713,0.5523809523809524,0.654092941862726,0.05973223480947477,0.1284891448825875,0.6032369471218393,0.06061395508112741,58,1779,3364,47
0.3093331456184387,0.03159041394335512,0.5523809523809524,0.654287380906086,0.059763008758371976,0.12854609929078015,0.6033341666435192,0.060678662458882635,58,1778,3365,47
0.3094153106212616,0.03160762942779292,0.5523809523809524,0.6544818199494459,0.05979381443298969,0.1286031042128603,0.6034313861651992,0.0607433967653901,58,1777,3366,47
0.30944573879241943,0.03162486368593239,0.5523809523809524,0.6546762589928058,0.059824651882413614,0.12866015971606035,0.6035286056868792,0.06080815804893485,58,1776,3367,47
0.30946218967437744,0.031642116748499725,0.5523809523809524,0.6548706980361657,0.05985552115583075,0.1287172658677319,0.6036258252085591,0.060872946357879563,58,1775,3368,47
0.3094836473464966,0.03165938864628821,0.5523809523809524,0.6550651370795255,0.059886422302529684,0.12877442273534637,0.603723044730239,0.0609377617406647,58,1774,3369,47
0.3096080422401428,0.031676679410158386,0.5523809523809524,0.6552595761228854,0.05991735537190083,0.1288316303864949,0.6038202642519189,0.06100260424580873,58,1773,3370,47
0.3097158968448639,0.03114754098360656,0.5428571428571428,0.6552595761228854,0.05891472868217054,0.12666666666666668,0.5990583594900141,0.05821199248898981,57,1773,3370,48
0.3098926544189453,0.03116457080371788,0.5428571428571428,0.6554540151662454,0.05894519131334023,0.1267229879946643,0.599155579011694,0.05827652661348001,57,1772,3371,48
0.3099716901779175,0.031181619256017507,0.5428571428571428,0.6556484542096053,0.058975685463010866,0.12677935943060498,0.599252798533374,0.05834108741119147,57,1771,3372,48
0.3100244104862213,0.031198686371100164,0.5428571428571428,0.6558428932529652,0.059006211180124224,0.1268357810413885,0.599350018055054,0.058405674930345465,57,1770,3373,48
0.31004172563552856,0.0312157721796276,0.5428571428571428,0.6560373322963251,0.059036768513723456,0.12689225289403383,0.5994472375767339,0.058470289219240926,57,1769,3374,48
0.3100910186767578,0.03123287671232877,0.5428571428571428,0.656231771339685,0.05906735751295337,0.12694877505567928,0.5995444570984139,0.05853493032625462,57,1768,3375,48
0.3101138174533844,0.03125,0.5428571428571428,0.6564262103830449,0.05909797822706065,0.1270053475935829,0.5996416766200938,0.05859959829984134,57,1767,3376,48
0.3101169764995575,0.031267142073505214,0.5428571428571428,0.6566206494264049,0.05912863070539419,0.1270619705751226,0.5997388961417738,0.05866429318853416,57,1766,3377,48
0.3101784586906433,0.03128430296377607,0.5428571428571428,0.6568150884697648,0.059159314997405295,0.1271186440677966,0.5998361156634537,0.05872901504094459,57,1765,3378,48
0.31019261479377747,0.03130148270181219,0.5428571428571428,0.6570095275131246,0.059190031152647975,0.12717536813922356,0.5999333351851337,0.05879376390576284,57,1764,3379,48
0.31027641892433167,0.03131868131868132,0.5428571428571428,0.6572039665564845,0.05922077922077922,0.12723214285714285,0.6000305547068137,0.058858539831757956,57,1763,3380,48
0.31027936935424805,0.031335898845519516,0.5428571428571428,0.6573984055998444,0.059251559251559255,0.1272889682894149,0.6001277742284936,0.05892334286777811,57,1762,3381,48
0.310306578874588,0.03135313531353135,0.5428571428571428,0.6575928446432043,0.059282371294851796,0.12734584450402145,0.6002249937501736,0.05898817306275074,57,1761,3382,48
0.3104083836078644,0.03137039075399009,0.5428571428571428,0.6577872836865643,0.05931321540062435,0.1274027715690657,0.6003222132718535,0.05905303046568282,57,1760,3383,48
0.31045791506767273,0.03138766519823789,0.5428571428571428,0.6579817227299242,0.059344091618948464,0.1274597495527728,0.6004194327935335,0.059117915125661,57,1759,3384,48
0.3104684054851532,0.03140495867768595,0.5428571428571428,0.6581761617732841,0.059375,0.12751677852348994,0.6005166523152135,0.0591828270918519,57,1758,3385,48
0.3105113208293915,0.031422271223814774,0.5428571428571428,0.658370600816644,0.0594059405940594,0.12757385854968667,0.6006138718368934,0.05924776641350226,57,1757,3386,48
0.3105568289756775,0.03143960286817429,0.5428571428571428,0.6585650398600039,0.05943691345151199,0.1276309896999552,0.6007110913585734,0.05931273313993917,57,1756,3387,48
0.31059530377388,0.03145695364238411,0.5428571428571428,0.6587594789033638,0.0594679186228482,0.12768817204301075,0.6008083108802533,0.05937772732057031,57,1755,3388,48
0.31077826023101807,0.03147432357813363,0.5428571428571428,0.6589539179467238,0.059498956158663886,0.12774540564769163,0.6009055304019333,0.0594427490048841,57,1754,3389,48
0.31083211302757263,0.03149171270718232,0.5428571428571428,0.6591483569900836,0.05953002610966057,0.12780269058295965,0.6010027499236132,0.05950779824245,57,1753,3390,48
0.31089308857917786,0.03150912106135987,0.5428571428571428,0.6593427960334435,0.05956112852664577,0.1278600269179004,0.6010999694452932,0.05957287508291864,57,1752,3391,48
0.3109267055988312,0.03152654867256637,0.5428571428571428,0.6595372350768034,0.059592263460533194,0.12791741472172352,0.6011971889669732,0.05963797957602211,57,1751,3392,48
0.31110185384750366,0.03154399557277255,0.5428571428571428,0.6597316741201633,0.0596234309623431,0.1279748540637629,0.6012944084886531,0.05970311177157413,57,1750,3393,48
0.3111793100833893,0.03156146179401993,0.5428571428571428,0.6599261131635232,0.059654631083202514,0.1280323450134771,0.6013916280103331,0.05976827171947025,57,1749,3394,48
0.31119707226753235,0.03102493074792244,0.5333333333333333,0.6599261131635232,0.05863874345549738,0.1258426966292135,0.5966297232484283,0.05696872878301507,56,1749,3394,49
0.3112972378730774,0.031042128603104215,0.5333333333333333,0.6601205522068831,0.058669460450497646,0.12589928057553956,0.5967269427701083,0.057033566548650695,56,1748,3395,49
0.3112996220588684,0.03105934553521908,0.5333333333333333,0.6603149912502431,0.05870020964360587,0.12595591542959964,0.5968241622917883,0.05709843160593751,56,1747,3396,49
0.3113041818141937,0.03107658157602664,0.5333333333333333,0.660509430293603,0.05873099108547457,0.126012601260126,0.5969213818134682,0.05716332400445338,56,1746,3397,49
0.3114984631538391,0.031093836757357024,0.5333333333333333,0.6607038693369629,0.05876180482686254,0.1260693381359748,0.5970186013351482,0.057228243793857665,56,1745,3398,49
0.311512291431427,0.03111111111111111,0.5333333333333333,0.6608983083803228,0.05879265091863517,0.12612612612612611,0.5971158208568281,0.0572931910238914,56,1744,3399,49
0.31155166029930115,0.0311284046692607,0.5333333333333333,0.6610927474236826,0.058823529411764705,0.12618296529968454,0.597213040378508,0.05735816574437752,56,1743,3400,49
0.3115612864494324,0.03114571746384872,0.5333333333333333,0.6612871864670425,0.058854440357330534,0.12623985572587917,0.5973102599001879,0.057423168005221105,56,1742,3401,49
0.3115848898887634,0.031163049526989426,0.5333333333333333,0.6614816255104025,0.058885383806519455,0.12629679747406405,0.5974074794218679,0.05748819785640956,56,1741,3402,49
0.31160151958465576,0.031180400890868598,0.5333333333333333,0.6616760645537624,0.058916359810625984,0.1263537906137184,0.5975046989435479,0.05755325534801283,56,1740,3403,49
0.31183281540870667,0.03119777158774373,0.5333333333333333,0.6618705035971223,0.05894736842105263,0.12641083521444696,0.5976019184652278,0.057618340530183686,56,1739,3404,49
0.3118492066860199,0.03121516164994426,0.5333333333333333,0.6620649426404822,0.05897840968931016,0.12646793134598014,0.5976991379869078,0.05768345345315787,56,1738,3405,49
0.3121098577976227,0.031232571109871723,0.5333333333333333,0.6622593816838421,0.059009483667017915,0.12652507907817442,0.5977963575085877,0.05774859416725438,56,1737,3406,49
0.3121226727962494,0.03125,0.5333333333333333,0.662453820727202,0.05904059040590406,0.12658227848101267,0.5978935770302677,0.057813762722875625,56,1736,3407,49
0.3121543526649475,0.03126744835287549,0.5333333333333333,0.662648259770562,0.05907172995780591,0.12663952962460426,0.5979907965519476,0.05787895917050773,56,1735,3408,49
0.312256783246994,0.03128491620111732,0.5333333333333333,0.6628426988139219,0.05910290237467018,0.12669683257918551,0.5980880160736276,0.057944183560720654,56,1734,3409,49
0.31232041120529175,0.03130240357741755,0.5333333333333333,0.6630371378572817,0.059134107708553325,0.12675418741511996,0.5981852355953075,0.05800943594416854,56,1733,3410,49
0.31233513355255127,0.03076062639821029,0.5238095238095238,0.6630371378572817,0.05810882197569995,0.12454710144927536,0.5934233308334027,0.05520347893406768,55,1733,3410,50
0.31243452429771423,0.03077783995523223,0.5238095238095238,0.6632315769006416,0.05813953488372093,0.12460353420933394,0.5935205503550827,0.05526839914542683,55,1732,3411,50
0.3124513328075409,0.030795072788353865,0.5238095238095238,0.6634260159440015,0.05817028027498678,0.12466001813236627,0.5936177698767626,0.05533334688040847,55,1731,3412,50
0.3124920427799225,0.03081232492997199,0.5238095238095238,0.6636204549873614,0.0582010582010582,0.12471655328798185,0.5937149893984426,0.05539832218933239,55,1730,3413,50
0.3125850558280945,0.030829596412556053,0.5238095238095238,0.6638148940307214,0.058231868713605084,0.12477313974591651,0.5938122089201225,0.05546332512260211,55,1729,3414,50
0.3126239478588104,0.030846887268648347,0.5238095238095238,0.6640093330740813,0.05826271186440678,0.12482977757603268,0.5939094284418025,0.055528355730705074,55,1728,3415,50
0.31263163685798645,0.030864197530864196,0.5238095238095238,0.6642037721174412,0.05829358770535241,0.12488646684831971,0.5940066479634825,0.055593414064212886,55,1727,3416,50
0.31266334652900696,0.030881527231892195,0.5238095238095238,0.6643982111608011,0.05832449628844114,0.12494320763289414,0.5941038674851624,0.055658500173781524,55,1726,3417,50
0.3126635253429413,0.030337078651685393,0.5142857142857142,0.6643982111608011,0.057294429708222815,0.12272727272727273,0.5893419627232577,0.0528492527296712,54,1726,3417,51
0.3127641975879669,0.029792017987633503,0.5047619047619047,0.6643982111608011,0.05626326963906582,0.12050932241928149,0.5845800579613529,0.05003924655029745,53,1726,3417,52
0.31283944845199585,0.029808773903262094,0.5047619047619047,0.664592650204161,0.056293149229952204,0.1205641492265696,0.5846772774830329,0.050103628424922116,53,1725,3418,52
0.3128819167613983,0.029825548677546426,0.5047619047619047,0.664787089247521,0.0563230605738576,0.12061902594446973,0.5847744970047128,0.05016803702268957,53,1724,3419,52
0.3129124939441681,0.029842342342342343,0.5047619047619047,0.6649815282908809,0.05635300372142477,0.12067395264116576,0.5848717165263928,0.05023247239330695,53,1723,3420,52
0.3129656910896301,0.029859154929577466,0.5047619047619047,0.6651759673342407,0.05638297872340425,0.12072892938496584,0.5849689360480728,0.050296934586563986,53,1722,3421,52
0.31302610039711,0.02987598647125141,0.5047619047619047,0.6653704063776006,0.056412985630654604,0.12078395624430265,0.5850661555697527,0.05036142365233322,53,1721,3422,52
0.3131295144557953,0.029909706546275394,0.5047619047619047,0.6657592844643204,0.05647309536494406,0.1208941605839416,0.5852605946131126,0.050490482601313974,53,1719,3424,52
0.31316229701042175,0.029926595143986448,0.5047619047619047,0.6659537235076803,0.05650319829424307,0.12094933820173437,0.5853578141347926,0.050555052584686726,53,1718,3425,52
0.31333956122398376,0.029943502824858758,0.5047619047619047,0.6661481625510403,0.05653333333333333,0.12100456621004566,0.5854550336564726,0.05061964964089459,53,1717,3426,52
0.31342750787734985,0.029960429621254947,0.5047619047619047,0.6663426015944002,0.05656350053361793,0.12105984467793512,0.5855522531781525,0.05068427382022761,53,1716,3427,52
0.3134652376174927,0.02997737556561086,0.5047619047619047,0.6665370406377601,0.05659369994660972,0.12111517367458867,0.5856494726998325,0.050748925173059976,53,1715,3428,52
0.3134804964065552,0.029994340690435765,0.5047619047619047,0.66673147968112,0.056623931623931624,0.1211705532693187,0.5857466922215124,0.05081360374985032,53,1714,3429,52
0.3135394752025604,0.03001132502831257,0.5047619047619047,0.6669259187244799,0.056654195617316945,0.1212259835315645,0.5858439117431924,0.050878309601141855,53,1713,3430,52
0.3136574625968933,0.03002832861189802,0.5047619047619047,0.6671203577678397,0.05668449197860963,0.12128146453089245,0.5859411312648722,0.0509430427775627,53,1712,3431,52
0.3137982189655304,0.030045351473922902,0.5047619047619047,0.6673147968111997,0.05671482075976458,0.12133699633699634,0.5860383507865522,0.05100780332982605,53,1711,3432,52
0.3138916790485382,0.030062393647192286,0.5047619047619047,0.6675092358545596,0.056745182012847964,0.12139257901969766,0.5861355703082322,0.051072591308730424,53,1710,3433,52
0.3138960599899292,0.030079455164585697,0.5047619047619047,0.6677036748979195,0.056775575790037495,0.12144821264894592,0.5862327898299121,0.05113740676515989,53,1709,3434,52
0.31393787264823914,0.030096536059057353,0.5047619047619047,0.6678981139412794,0.05680600214362272,0.12150389729481889,0.5863300093515921,0.051202249750084305,53,1708,3435,52
0.31395018100738525,0.030113636363636363,0.5047619047619047,0.6680925529846393,0.056836461126005364,0.12155963302752294,0.586427228873272,0.05126712031455955,53,1707,3436,52
0.31395792961120605,0.030130756111426946,0.5047619047619047,0.6682869920279992,0.05686695278969957,0.1216154199173933,0.586524448394952,0.051332018509727746,53,1706,3437,52
0.31396520137786865,0.030147895335608646,0.5047619047619047,0.6684814310713592,0.05689747718733226,0.1216712580348944,0.586621667916632,0.051396944386817536,53,1705,3438,52
0.3140730559825897,0.03016505406943654,0.5047619047619047,0.6686758701147191,0.05692803437164339,0.12172714745062012,0.5867188874383119,0.051461897997144235,53,1704,3439,52
0.31417158246040344,0.03018223234624146,0.5047619047619047,0.668870309158079,0.056958624395486296,0.12178308823529412,0.5868161069599919,0.05152687939211014,53,1703,3440,52
0.31424227356910706,0.0301994301994302,0.5047619047619047,0.6690647482014388,0.05698924731182796,0.12183908045977011,0.5869133264816717,0.05159188862320476,53,1702,3441,52
0.31450045108795166,0.030216647662485746,0.5047619047619047,0.6692591872447987,0.057019903173749324,0.12189512419503219,0.5870105460033517,0.05165692574200502,53,1701,3442,52
0.3145461082458496,0.030233884768967486,0.5047619047619047,0.6694536262881586,0.05705059203444564,0.12195121951219512,0.5871077655250316,0.051721990800175505,53,1700,3443,52
0.31456470489501953,0.030251141552511414,0.5047619047619047,0.6696480653315185,0.05708131394722671,0.1220073664825046,0.5872049850467116,0.05178708384946872,53,1699,3444,52
0.31461408734321594,0.03026841804683038,0.5047619047619047,0.6698425043748785,0.057112068965517244,0.12206356517733763,0.5873022045683916,0.051852204941725315,53,1698,3445,52
0.3146997392177582,0.030285714285714287,0.5047619047619047,0.6700369434182384,0.05714285714285714,0.12211981566820276,0.5873994240900715,0.05191735412887433,53,1697,3446,52
0.31477582454681396,0.030303030303030304,0.5047619047619047,0.6702313824615983,0.05717367853290183,0.12217611802674043,0.5874966436117515,0.05198253146293342,53,1696,3447,52
0.3148293197154999,0.03032036613272311,0.5047619047619047,0.6704258215049582,0.057204533189422556,0.12223247232472324,0.5875938631334314,0.052047736996009134,53,1695,3448,52
0.3149760663509369,0.03033772180881511,0.5047619047619047,0.6706202605483181,0.05723542116630669,0.1222888786340563,0.5876910826551114,0.052112970780297106,53,1694,3449,52
0.31505340337753296,0.030355097365406643,0.5047619047619047,0.670814699591678,0.05726634251755808,0.12234533702677747,0.5877883021767913,0.052178232868082354,53,1693,3450,52
0.3151008188724518,0.03037249283667622,0.5047619047619047,0.6710091386350379,0.057297297297297295,0.12240184757505773,0.5878855216984713,0.05224352331173946,53,1692,3451,52
0.3151659071445465,0.030389908256880736,0.5047619047619047,0.6712035776783978,0.057328285559762035,0.12245841035120147,0.5879827412201513,0.052308842163732876,53,1691,3452,52
0.31531357765197754,0.030407343660355707,0.5047619047619047,0.6713980167217577,0.05735930735930736,0.12251502542764679,0.5880799607418312,0.052374189476617136,53,1690,3453,52
0.31533557176589966,0.030424799081515498,0.5047619047619047,0.6715924557651176,0.057390362750406064,0.12257169287696577,0.5881771802635112,0.052439565303037096,53,1689,3454,52
0.31537964940071106,0.030442274554853533,0.5047619047619047,0.6717868948084775,0.05742145178764897,0.12262841277186488,0.5882743997851911,0.05250496969572822,53,1688,3455,52
0.3154110908508301,0.03045977011494253,0.5047619047619047,0.6719813338518374,0.05745257452574526,0.12268518518518519,0.5883716193068711,0.052570402707516756,53,1687,3456,52
0.3154451251029968,0.030477285796434734,0.5047619047619047,0.6721757728951974,0.057483731019522775,0.12274201018990273,0.588468838828551,0.052635864391320064,53,1686,3457,52
0.3154699206352234,0.03049482163406214,0.5047619047619047,0.6723702119385573,0.05751492132392838,0.12279888785912882,0.588566058350231,0.052701354800146816,53,1685,3458,52
0.3155497610569,0.03051237766263673,0.5047619047619047,0.6725646509819172,0.05754614549402823,0.12285581826611033,0.588663277871911,0.052766873987097264,53,1684,3459,52
0.31556573510169983,0.03052995391705069,0.5047619047619047,0.6727590900252771,0.057577403585008145,0.12291280148423006,0.5887604973935909,0.05283242200536348,53,1683,3460,52
0.3157806098461151,0.03054755043227666,0.5047619047619047,0.672953529068637,0.057608695652173914,0.12296983758700696,0.5888577169152709,0.052897998908229604,53,1682,3461,52
0.3158837556838989,0.030565167243367934,0.5047619047619047,0.6731479681119968,0.057640021750951606,0.12302692664809657,0.5889549364369508,0.05296360474907213,53,1681,3462,52
0.31588640809059143,0.030582804385458743,0.5047619047619047,0.6733424071553568,0.05767138193688792,0.12308406874129123,0.5890521559586308,0.0530292395813601,53,1680,3463,52
0.31595534086227417,0.030600461893764433,0.5047619047619047,0.6735368461987167,0.05770277626565052,0.12314126394052044,0.5891493754803108,0.05309490345865541,53,1679,3464,52
0.315958708524704,0.030618139803581745,0.5047619047619047,0.6737312852420766,0.05773420479302832,0.12319851231985124,0.5892465950019907,0.05316059643461304,53,1678,3465,52
0.3159715235233307,0.030635838150289016,0.5047619047619047,0.6739257242854365,0.05776566757493188,0.12325581395348838,0.5893438145236707,0.053226318562981316,53,1677,3466,52
0.31597334146499634,0.030653556969346442,0.5047619047619047,0.6741201633287964,0.05779716466739367,0.12331316891577478,0.5894410340453506,0.05329206989760216,53,1676,3467,52
0.3159937262535095,0.030671296296296297,0.5047619047619047,0.6743146023721563,0.05782869612656847,0.1233705772811918,0.5895382535670306,0.05335785049241134,53,1675,3468,52
0.31619957089424133,0.030689056166763172,0.5047619047619047,0.6745090414155163,0.05786026200873363,0.12342803912435957,0.5896354730887106,0.05342366040143875,53,1674,3469,52
0.31633344292640686,0.03070683661645423,0.5047619047619047,0.6747034804588762,0.05789186237028946,0.12348555452003727,0.5897326926103905,0.053489499678808665,53,1673,3470,52
0.3164108991622925,0.03072463768115942,0.5047619047619047,0.6748979195022361,0.05792349726775956,0.12354312354312354,0.5898299121320705,0.053555368378739955,53,1672,3471,52
0.31655219197273254,0.03074245939675174,0.5047619047619047,0.6750923585455959,0.057955166757791145,0.12360074626865672,0.5899271316537503,0.05362126655554642,53,1671,3472,52
0.31659162044525146,0.030760301799187463,0.5047619047619047,0.6752867975889558,0.05798687089715536,0.12365842277181521,0.5900243511754303,0.05368719426363699,53,1670,3473,52
0.31662440299987793,0.03077816492450639,0.5047619047619047,0.6754812366323157,0.058018609742747675,0.12371615312791784,0.5901215706971102,0.053753151557515984,53,1669,3474,52
0.3166297376155853,0.03021499128413713,0.49523809523809526,0.6754812366323157,0.056955093099671415,0.12143858010275572,0.5853596659352055,0.05092047534042845,52,1669,3474,53
0.31664881110191345,0.030232558139534883,0.49523809523809526,0.6756756756756757,0.05698630136986301,0.12149532710280374,0.5854568854568855,0.05098606041438024,52,1668,3475,53
0.31671130657196045,0.029668411867364748,0.4857142857142857,0.6756756756756757,0.05592105263157895,0.11921458625525946,0.5806949806949807,0.048152147634499105,51,1668,3475,54
0.31674161553382874,0.029685681024447033,0.4857142857142857,0.6758701147190356,0.055951727921009324,0.11927034611786716,0.5807922002166607,0.04821735802301345,51,1667,3476,54
0.31675493717193604,0.0297029702970297,0.4857142857142857,0.6760645537623955,0.05598243688254665,0.11932615816565278,0.5808894197383406,0.048282596926579414,51,1666,3477,54
0.31676891446113586,0.02972027972027972,0.4857142857142857,0.6762589928057554,0.05601317957166392,0.11938202247191011,0.5809866392600206,0.04834786439870158,51,1665,3478,54
0.317217618227005,0.029737609329446066,0.4857142857142857,0.6764534318491153,0.056043956043956046,0.11943793911007025,0.5810838587817005,0.04841316049297814,51,1664,3479,54
0.31723421812057495,0.029754959159859977,0.4857142857142857,0.6766478708924752,0.056074766355140186,0.11949390815370196,0.5811810783033805,0.04847848526310116,51,1663,3480,54
0.31726768612861633,0.0297723292469352,0.4857142857142857,0.6768423099358352,0.056105610561056105,0.11954992967651196,0.5812782978250605,0.04854383876285681,51,1662,3481,54
0.3172811269760132,0.029789719626168224,0.4857142857142857,0.677036748979195,0.05613648871766648,0.11960600375234522,0.5813755173467403,0.048609221046125695,51,1661,3482,54
0.31741082668304443,0.029807130333138514,0.4857142857142857,0.6772311880225549,0.05616740088105727,0.11966213045518535,0.5814727368684203,0.04867463216688303,51,1660,3483,54
0.31741657853126526,0.02982456140350877,0.4857142857142857,0.6774256270659148,0.05619834710743802,0.11971830985915492,0.5815699563901002,0.04874007217919897,51,1659,3484,54
0.3176339864730835,0.02984201287302516,0.4857142857142857,0.6776200661092747,0.05622932745314223,0.11977454203851573,0.5816671759117802,0.048805541137238825,51,1658,3485,54
0.31770044565200806,0.029859484777517563,0.4857142857142857,0.6778145051526346,0.05626034197462769,0.11983082706766918,0.5817643954334601,0.04887103909526334,51,1657,3486,54
0.31780457496643066,0.029291154071470416,0.47619047619047616,0.6778145051526346,0.05518763796909492,0.11753643629525153,0.5770024906715554,0.046031799852295094,50,1657,3486,55
0.31803563237190247,0.029308323563892145,0.47619047619047616,0.6780089441959946,0.05521811154058531,0.11759172154280338,0.5770997101932354,0.04609691495505089,50,1656,3487,55
0.318100243806839,0.02932551319648094,0.47619047619047616,0.6782033832393545,0.055248618784530384,0.11764705882352941,0.5771969297149153,0.04616205853921132,50,1655,3488,55
0.31810522079467773,0.029342723004694836,0.47619047619047616,0.6783978222827144,0.055279159756771695,0.11770244821092278,0.5772941492365953,0.046227230658610445,50,1654,3489,55
0.31815820932388306,0.029359953024075163,0.47619047619047616,0.6785922613260743,0.05530973451327434,0.11775788977861516,0.5773913687582752,0.046292431367177214,50,1653,3490,55
0.31824225187301636,0.02937720329024677,0.47619047619047616,0.6787867003694342,0.05534034311012728,0.117813383600377,0.5774885882799552,0.046357660718935725,50,1652,3491,55
0.31833866238594055,0.029394473838918283,0.47619047619047616,0.6789811394127941,0.05537098560354374,0.11786892975011787,0.5775858078016352,0.0464229187680055,50,1651,3492,55
0.318355530500412,0.029411764705882353,0.47619047619047616,0.679175578456154,0.055401662049861494,0.1179245283018868,0.5776830273233151,0.046488205568601726,50,1650,3493,55
0.3184252083301544,0.02942907592701589,0.47619047619047616,0.6793700174995139,0.05543237250554324,0.11798017932987258,0.5777802468449951,0.04655352117503555,50,1649,3494,55
0.3184531629085541,0.02944640753828033,0.47619047619047616,0.6795644565428738,0.05546311702717693,0.11803588290840415,0.577877466366675,0.04661886564171432,50,1648,3495,55
0.3184627294540405,0.02946375957572186,0.47619047619047616,0.6797588955862337,0.05549389567147614,0.11809163911195088,0.577974685888355,0.0466842390231419,50,1647,3496,55
0.31871873140335083,0.0294811320754717,0.47619047619047616,0.6799533346295936,0.0555247084952804,0.11814744801512288,0.578071905410035,0.04674964137391886,50,1646,3497,55
0.31880128383636475,0.029498525073746312,0.47619047619047616,0.6801477736729535,0.05555555555555555,0.1182033096926714,0.5781691249317149,0.04681507274874282,50,1645,3498,55
0.31884026527404785,0.0295159386068477,0.47619047619047616,0.6803422127163135,0.055586436909394105,0.11825922421948912,0.5782663444533949,0.046880533202408675,50,1644,3499,55
0.31888383626937866,0.029533372711163616,0.47619047619047616,0.6805366517596734,0.05561735261401557,0.11831519167061051,0.5783635639750748,0.046946022789808896,50,1643,3500,55
0.31888481974601746,0.02955082742316785,0.47619047619047616,0.6807310908030333,0.05564830272676683,0.11837121212121213,0.5784607834967548,0.047011541565933776,50,1642,3501,55
0.3189179301261902,0.02956830277942046,0.47619047619047616,0.6809255298463932,0.0556792873051225,0.11842728564661298,0.5785580030184347,0.04707708958587173,50,1641,3502,55
0.31893882155418396,0.029585798816568046,0.47619047619047616,0.681119968889753,0.055710306406685235,0.11848341232227488,0.5786552225401146,0.04714266690480954,50,1640,3503,55
0.3189690113067627,0.02960331557134399,0.47619047619047616,0.6813144079331129,0.055741360089186176,0.11853959222380275,0.5787524420617945,0.04720827357803264,50,1639,3504,55
0.31906965374946594,0.02962085308056872,0.47619047619047616,0.6815088469764728,0.05577244841048522,0.11859582542694497,0.5788496615834745,0.04727390966092541,50,1638,3505,55
0.31907325983047485,0.02963841138114997,0.47619047619047616,0.6817032860198328,0.05580357142857143,0.11865211200759374,0.5789468811051545,0.04733957520897144,50,1637,3506,55
0.319086492061615,0.02965599051008304,0.47619047619047616,0.6818977250631927,0.05583472920156337,0.11870845204178537,0.5790441006268344,0.04740527027775379,50,1636,3507,55
0.31911689043045044,0.02967359050445104,0.47619047619047616,0.6820921641065526,0.055865921787709494,0.1187648456057007,0.5791413201485144,0.04747099492295529,50,1635,3508,55
0.31915053725242615,0.029691211401425176,0.47619047619047616,0.6822866031499125,0.05589714924538849,0.1188212927756654,0.5792385396701943,0.047536749200358816,50,1634,3509,55
0.31923750042915344,0.029708853238265002,0.47619047619047616,0.6824810421932724,0.05592841163310962,0.11887779362815026,0.5793357591918743,0.04760253316584755,50,1633,3510,55
0.31941235065460205,0.029726516052318668,0.47619047619047616,0.6826754812366324,0.05595970900951315,0.11893434823977164,0.5794329787135543,0.04766834687540531,50,1632,3511,55
0.3194461166858673,0.0297441998810232,0.47619047619047616,0.6828699202799923,0.055991041433370664,0.11899095668729176,0.5795301982352342,0.047734190385116775,50,1631,3512,55
0.31948262453079224,0.02976190476190476,0.47619047619047616,0.6830643593233521,0.056022408963585436,0.11904761904761904,0.5796274177569141,0.04780006375116778,50,1630,3513,55
0.3195773661136627,0.029779630732578916,0.47619047619047616,0.683258798366712,0.05605381165919283,0.11910433539780849,0.579724637278594,0.04786596702984563,50,1629,3514,55
0.31960660219192505,0.029797377830750895,0.47619047619047616,0.6834532374100719,0.056085249579360626,0.11916110581506197,0.579821856800274,0.04793190027753937,50,1628,3515,55
0.3197878897190094,0.02981514609421586,0.47619047619047616,0.6836476764534318,0.05611672278338945,0.11921793037672866,0.5799190763219539,0.04799786355074006,50,1627,3516,55
0.31987693905830383,0.029832935560859187,0.47619047619047616,0.6838421154967917,0.05614823133071308,0.11927480916030535,0.5800162958436339,0.04806385690604104,50,1626,3517,55
0.31989121437072754,0.029850746268656716,0.47619047619047616,0.6840365545401517,0.056179775280898875,0.11933174224343675,0.5801135153653139,0.0481298804001383,50,1625,3518,55
0.3199222981929779,0.02986857825567503,0.47619047619047616,0.6842309935835116,0.056211354693648116,0.11938872970391595,0.5802107348869938,0.048195934089830646,50,1624,3519,55
0.3199511766433716,0.029886431560071727,0.47619047619047616,0.6844254326268715,0.0562429696287964,0.11944577161968466,0.5803079544086738,0.0482620180320201,50,1623,3520,55
0.3199647068977356,0.029904306220095694,0.47619047619047616,0.6846198716702314,0.056274620146314014,0.11950286806883365,0.5804051739303537,0.04832813228371213,50,1622,3521,55
0.3199801445007324,0.029922202274087373,0.47619047619047616,0.6848143107135913,0.05630630630630631,0.11956001912960305,0.5805023934520337,0.04839427690201597,50,1621,3522,55
0.32002437114715576,0.029940119760479042,0.47619047619047616,0.6850087497569511,0.056338028169014086,0.11961722488038277,0.5805996129737137,0.04846045194414486,50,1620,3523,55
0.3200445771217346,0.029958058717795086,0.47619047619047616,0.6852031888003111,0.05636978579481398,0.11967448539971279,0.5806968324953936,0.048526657467416405,50,1619,3524,55
0.3200467824935913,0.02997601918465228,0.47619047619047616,0.685397627843671,0.05640157924421884,0.11973180076628352,0.5807940520170736,0.04859289352925285,50,1618,3525,55
0.3201453685760498,0.029994001199760048,0.47619047619047616,0.6855920668870309,0.056433408577878104,0.11978917105893627,0.5808912715387535,0.04865916018718132,50,1617,3526,55
0.3201747238636017,0.030012004801920768,0.47619047619047616,0.6857865059303908,0.05646527385657821,0.11984659635666348,0.5809884910604335,0.048725457498834196,50,1616,3527,55
0.32018670439720154,0.03003003003003003,0.47619047619047616,0.6859809449737507,0.05649717514124294,0.11990407673860912,0.5810857105821134,0.04879178552194937,50,1615,3528,55
0.3202722668647766,0.030048076923076924,0.47619047619047616,0.6861753840171106,0.05652911249293386,0.1199616122840691,0.5811829301037934,0.04885814431437052,50,1614,3529,55
0.32034721970558167,0.029464822609741433,0.4666666666666667,0.6861753840171106,0.05542986425339366,0.11761881901104176,0.5764210253418887,0.04599970675302702,49,1614,3529,56
0.32043585181236267,0.029482551143200964,0.4666666666666667,0.6863698230604706,0.055461233729485006,0.11767531219980788,0.5765182448635686,0.04606565544147058,49,1613,3530,56
0.3204866349697113,0.029500301023479832,0.4666666666666667,0.6865642621038305,0.05549263873159683,0.11773185968284479,0.5766154643852486,0.04613163435391773,49,1612,3531,56
0.3204934298992157,0.029518072289156625,0.4666666666666667,0.6867587011471904,0.055524079320113315,0.11778846153846154,0.5767126839069285,0.0461976435477398,49,1611,3532,56
0.3206090033054352,0.029535864978902954,0.4666666666666667,0.6869531401905503,0.05555555555555555,0.11784511784511785,0.5768099034286085,0.04626368308041333,49,1610,3533,56
0.3206148147583008,0.029553679131483716,0.4666666666666667,0.6871475792339101,0.055587067498581964,0.11790182868142444,0.5769071229502885,0.04632975300952035,49,1609,3534,56
0.3206484913825989,0.029571514785757393,0.4666666666666667,0.68734201827727,0.05561861520998865,0.11795859412614347,0.5770043424719684,0.04639585339274873,49,1608,3535,56
0.3209320306777954,0.029589371980676328,0.4666666666666667,0.68753645732063,0.055650198750709826,0.11801541425818883,0.5771015619936484,0.0464619842878924,49,1607,3536,56
0.3209363520145416,0.029607250755287008,0.4666666666666667,0.6877308963639899,0.05568181818181818,0.1180722891566265,0.5771987815153283,0.04652814575285173,49,1606,3537,56
0.3211202025413513,0.02962515114873035,0.4666666666666667,0.6879253354073498,0.0557134735645253,0.11812921890067503,0.5772960010370083,0.04659433784563378,49,1605,3538,56
0.32123929262161255,0.029643073200241985,0.4666666666666667,0.6881197744507097,0.055745164960182024,0.11818620356970574,0.5773932205586882,0.046660560624352594,49,1604,3539,56
0.3212823271751404,0.029661016949152543,0.4666666666666667,0.6883142134940696,0.055776892430278883,0.11824324324324324,0.5774904400803682,0.04672681414722956,49,1603,3540,56
0.32131749391555786,0.029678982434887948,0.4666666666666667,0.6885086525374295,0.05580865603644647,0.11830033800096572,0.5775876596020482,0.04679309847259368,49,1602,3541,56
0.32132041454315186,0.029696969696969697,0.4666666666666667,0.6887030915807895,0.05584045584045584,0.11835748792270531,0.5776848791237281,0.04685941365888184,49,1601,3542,56
0.3213682770729065,0.02971497877501516,0.4666666666666667,0.6888975306241494,0.055872291904218926,0.11841469308844853,0.5777820986454081,0.0469257597646392,49,1600,3543,56
0.32152289152145386,0.029733009708737865,0.4666666666666667,0.6890919696675092,0.055904164289788935,0.11847195357833655,0.5778793181670879,0.046992136848519404,49,1599,3544,56
0.3216877281665802,0.029751062537947785,0.4666666666666667,0.6892864087108691,0.05593607305936073,0.1185292694726657,0.5779765376887679,0.04705854496928498,49,1598,3545,56
0.32176023721694946,0.02976913730255164,0.4666666666666667,0.689480847754229,0.05596801827527127,0.1185866408518877,0.5780737572104478,0.047124984185807586,49,1597,3546,56
0.32179954648017883,0.029787234042553193,0.4666666666666667,0.6896752867975889,0.056,0.11864406779661017,0.5781709767321278,0.04719145455706835,49,1596,3547,56
0.32182350754737854,0.029805352798053526,0.4666666666666667,0.6898697258409489,0.05603201829616924,0.1187015503875969,0.5782681962538078,0.04725795614215816,49,1595,3548,56
0.32198911905288696,0.02982349360925137,0.4666666666666667,0.6900641648843088,0.05606407322654462,0.1187590887057683,0.5783654157754877,0.047324489000278004,49,1594,3549,56
0.32206496596336365,0.02984165651644336,0.4666666666666667,0.6902586039276687,0.05609616485403549,0.11881668283220174,0.5784626352971677,0.04739105319073925,49,1593,3550,56
0.3222949504852295,0.029859841560024376,0.4666666666666667,0.6904530429710286,0.056128293241695305,0.11887433284813198,0.5785598548188476,0.04745764877296401,49,1592,3551,56
0.3223767876625061,0.029878048780487804,0.4666666666666667,0.6906474820143885,0.056160458452722065,0.11893203883495146,0.5786570743405276,0.047524275806485376,49,1591,3552,56
0.3224446773529053,0.02989627821842587,0.4666666666666667,0.6908419210577484,0.05619266055045872,0.11898980087421078,0.5787542938622076,0.047590934350947835,49,1590,3553,56
0.32251763343811035,0.029914529914529916,0.4666666666666667,0.6910363601011082,0.05622489959839357,0.11904761904761904,0.5788515133838874,0.047657624466107495,49,1589,3554,56
0.32260432839393616,0.029932803909590716,0.4666666666666667,0.6912307991444682,0.05625717566016074,0.11910549343704424,0.5789487329055674,0.04772434621183247,49,1588,3555,56
0.32270708680152893,0.029951100244498777,0.4666666666666667,0.6914252381878281,0.056289488799540495,0.11916342412451363,0.5790459524272473,0.04779109964810316,49,1587,3556,56
0.3227497339248657,0.02996941896024465,0.4666666666666667,0.691619677231188,0.05632183908045977,0.1192214111922141,0.5791431719489273,0.04785788483501258,49,1586,3557,56
0.3227652907371521,0.029987760097919217,0.4666666666666667,0.6918141162745479,0.05635422656699252,0.1192794547224927,0.5792403914706072,0.04792470183276672,49,1585,3558,56
0.32277074456214905,0.030006123698714023,0.4666666666666667,0.6920085553179078,0.05638665132336018,0.11933755479785679,0.5793376109922872,0.04799155070168478,49,1584,3559,56
0.32277101278305054,0.03002450980392157,0.4666666666666667,0.6922029943612678,0.05641911341393207,0.11939571150097465,0.5794348305139672,0.04805843150219959,49,1583,3560,56
0.3228571116924286,0.030042918454935622,0.4666666666666667,0.6923974334046277,0.056451612903225805,0.11945392491467577,0.5795320500356471,0.04812534429485789,49,1582,3561,56
0.32286685705184937,0.030061349693251534,0.4666666666666667,0.6925918724479876,0.05648414985590778,0.11951219512195121,0.5796292695573271,0.04819228914032063,49,1581,3562,56
0.3228684663772583,0.030079803560466543,0.4666666666666667,0.6927863114913475,0.05651672433679354,0.11957052220595413,0.579726489079007,0.048259266099363346,49,1580,3563,56
0.3229096233844757,0.030098280098280097,0.4666666666666667,0.6929807505347074,0.05654933641084824,0.11962890625,0.579823708600687,0.04832627523287648,49,1579,3564,56
0.32298922538757324,0.03011677934849416,0.4666666666666667,0.6931751895780672,0.05658198614318707,0.11968734733756717,0.579920928122367,0.048393316601865646,49,1578,3565,56
0.3230750560760498,0.03013530135301353,0.4666666666666667,0.6933696286214271,0.05661467359907568,0.11974584555229717,0.5800181476440469,0.04846039026745207,49,1577,3566,56
0.3231264054775238,0.030153846153846153,0.4666666666666667,0.6935640676647871,0.056647398843930635,0.1198044009779951,0.5801153671657269,0.04852749629087283,49,1576,3567,56
0.32329434156417847,0.03017241379310345,0.4666666666666667,0.693758506708147,0.05668016194331984,0.11986301369863013,0.5802125866874068,0.04859463473348122,49,1575,3568,56
0.32343316078186035,0.030191004313000615,0.4666666666666667,0.6939529457515069,0.056712962962962965,0.11992168379833579,0.5803098062090868,0.04866180565674708,49,1574,3569,56
0.3234403431415558,0.03020961775585697,0.4666666666666667,0.6941473847948668,0.056745801968731906,0.11998041136141038,0.5804070257307667,0.048729009122257146,49,1573,3570,56
0.32351455092430115,0.030228254164096236,0.4666666666666667,0.6943418238382267,0.056778679026651215,0.12003919647231749,0.5805042452524467,0.04879624519171537,49,1572,3571,56
0.32400596141815186,0.030246913580246913,0.4666666666666667,0.6945362628815867,0.05681159420289855,0.12009803921568628,0.5806014647741267,0.04886351392694324,49,1571,3572,56
0.3240111172199249,0.030265596046942556,0.4666666666666667,0.6947307019249466,0.0568445475638051,0.12015693967631191,0.5806986842958066,0.048930815389880165,49,1570,3573,56
0.32412514090538025,0.030284301606922127,0.4666666666666667,0.6949251409683065,0.056877539175856064,0.12021589793915603,0.5807959038174866,0.04899814964258377,49,1569,3574,56
0.3243582546710968,0.030303030303030304,0.4666666666666667,0.6951195800116663,0.056910569105691054,0.12027491408934708,0.5808931233391665,0.049065516747230246,49,1568,3575,56
0.3244219422340393,0.03032178217821782,0.4666666666666667,0.6953140190550262,0.05694363742010459,0.12033398821218075,0.5809903428608465,0.04913291676611471,49,1567,3576,56
0.3244659900665283,0.030340557275541795,0.4666666666666667,0.6955084580983861,0.056976744186046514,0.12039312039312039,0.5810875623825265,0.049200349761651545,49,1566,3577,56
0.3245339095592499,0.030359355638166045,0.4666666666666667,0.695702897141746,0.05700988947062245,0.12045231071779744,0.5811847819042064,0.04926781579637469,49,1565,3578,56
0.32470402121543884,0.03037817730936144,0.4666666666666667,0.695897336185106,0.0570430733410943,0.1205115592720118,0.5812820014258864,0.04933531493293807,49,1564,3579,56
0.324830561876297,0.030397022332506202,0.4666666666666667,0.6960917752284659,0.057076295864880604,0.12057086614173228,0.5813792209475663,0.04940284723411588,49,1563,3580,56
0.3248377740383148,0.03041589075108628,0.4666666666666667,0.6962862142718258,0.05710955710955711,0.12063023141309699,0.5814764404692463,0.049470412762802944,49,1562,3581,56
0.32487601041793823,0.030434782608695653,0.4666666666666667,0.6964806533151857,0.05714285714285714,0.1206896551724138,0.5815736599909263,0.04953801158201509,49,1561,3582,56
0.3249273896217346,0.030453697949036667,0.4666666666666667,0.6966750923585456,0.057176196032672114,0.12074913750616068,0.5816708795126062,0.049605643754889454,49,1560,3583,56
0.3249491751194,0.030472636815920398,0.4666666666666667,0.6968695314019056,0.057209573847051956,0.1208086785009862,0.5817680990342862,0.04967330934468488,49,1559,3584,56
0.32509565353393555,0.030491599253266957,0.4666666666666667,0.6970639704452654,0.05724299065420561,0.12086827824370992,0.581865318555966,0.049741008414782226,49,1558,3585,56
0.3251459002494812,0.030510585305105854,0.4666666666666667,0.6972584094886253,0.05727644652250146,0.1209279368213228,0.581962538077646,0.049808741028684746,49,1557,3586,56
0.32520437240600586,0.030529595015576325,0.4666666666666667,0.6974528485319852,0.05730994152046784,0.12098765432098765,0.5820597575993259,0.04987650725001843,49,1556,3587,56
0.32525861263275146,0.03054862842892768,0.4666666666666667,0.6976472875753451,0.05734347571679345,0.12104743083003952,0.5821569771210059,0.049944307142532354,49,1555,3588,56
0.32544994354248047,0.03056768558951965,0.4666666666666667,0.697841726618705,0.05737704918032787,0.12110726643598616,0.5822541966426859,0.05001214077009908,49,1554,3589,56
0.32545700669288635,0.03058676654182272,0.4666666666666667,0.698036165662065,0.05741066198008202,0.1211671612265084,0.5823514161643658,0.05008000819671494,49,1553,3590,56
0.32546138763427734,0.030605871330418487,0.4666666666666667,0.6982306047054249,0.05744431418522861,0.12122711528946066,0.5824486356860458,0.050147909486500455,49,1552,3591,56
0.3254767060279846,0.030625,0.4666666666666667,0.6984250437487848,0.05747800586510264,0.12128712871287128,0.5825458552077257,0.05021584470370066,49,1551,3592,56
0.325505793094635,0.030644152595372107,0.4666666666666667,0.6986194827921447,0.057511737089201875,0.12134720158494304,0.5826430747294057,0.0502838139126855,49,1550,3593,56
0.3255726397037506,0.030663329161451813,0.4666666666666667,0.6988139218355046,0.057545507927187316,0.12140733399405351,0.5827402942510856,0.050351817177950134,49,1549,3594,56
0.3262007534503937,0.030682529743268627,0.4666666666666667,0.6990083608788644,0.057579318448883664,0.12146752602875557,0.5828375137727655,0.05041985456411537,49,1548,3595,56
0.32641077041625977,0.03070175438596491,0.4666666666666667,0.6992027999222243,0.05761316872427984,0.12152777777777778,0.5829347332944455,0.05048792613592799,49,1547,3596,56
0.32645219564437866,0.030721003134796237,0.4666666666666667,0.6993972389655843,0.05764705882352941,0.12158808933002481,0.5830319528161254,0.05055603195826107,49,1546,3597,56
0.32646283507347107,0.030740276035131745,0.4666666666666667,0.6995916780089442,0.05768098881695115,0.12164846077457796,0.5831291723378054,0.05062417209611447,49,1545,3598,56
0.3265102207660675,0.030759573132454487,0.4666666666666667,0.6997861170523041,0.05771495877502945,0.12170889220069547,0.5832263918594853,0.05069234661461509,49,1544,3599,56
0.3266252875328064,0.03077889447236181,0.4666666666666667,0.699980556095664,0.05774896876841485,0.12176938369781312,0.5833236113811653,0.05076055557901727,49,1543,3600,56
0.3266274929046631,0.030798240100565682,0.4666666666666667,0.7001749951390239,0.05778301886792453,0.12182993535554451,0.5834208309028452,0.05082879905470319,49,1542,3601,56
0.32667651772499084,0.030817610062893082,0.4666666666666667,0.7003694341823838,0.05781710914454277,0.12189054726368159,0.5835180504245252,0.050897077107183206,49,1541,3602,56
0.32669004797935486,0.030837004405286344,0.4666666666666667,0.7005638732257438,0.05785123966942149,0.12195121951219512,0.5836152699462052,0.05096538980209626,49,1540,3603,56
0.3267161548137665,0.030856423173803528,0.4666666666666667,0.7007583122691037,0.057885410513880686,0.12201195219123506,0.5837124894678851,0.051033737205210206,49,1539,3604,56
0.32676002383232117,0.03087586641461878,0.4666666666666667,0.7009527513124636,0.057919621749408984,0.12207274539113104,0.5838097089895651,0.051102119382422234,49,1538,3605,56
0.3268195390701294,0.0308953341740227,0.4666666666666667,0.7011471903558234,0.0579538734476641,0.12213359920239282,0.583906928511245,0.05117053639975921,49,1537,3606,56
0.32684698700904846,0.030914826498422712,0.4666666666666667,0.7013416293991833,0.05798816568047337,0.12219451371571072,0.584004148032925,0.051238988323378074,49,1536,3607,56
0.32694411277770996,0.030934343434343436,0.4666666666666667,0.7015360684425432,0.05802249851983422,0.12225548902195608,0.584101367554605,0.051307475219566225,49,1535,3608,56
0.32696545124053955,0.03095388502842704,0.4666666666666667,0.7017305074859032,0.058056872037914695,0.12231652521218173,0.5841985870762849,0.05137599715474188,49,1534,3609,56
0.3271242380142212,0.030973451327433628,0.4666666666666667,0.7019249465292631,0.058091286307053944,0.12237762237762238,0.5842958065979649,0.051444554195454475,49,1533,3610,56
0.3271724581718445,0.03099304237824162,0.4666666666666667,0.702119385572623,0.05812574139976275,0.12243878060969515,0.5843930261196448,0.051513146408385044,49,1532,3611,56
0.32724854350090027,0.0310126582278481,0.4666666666666667,0.7023138246159829,0.058160237388724036,0.1225,0.5844902456413248,0.0515817738603466,49,1531,3612,56
0.3273409307003021,0.03103229892336922,0.4666666666666667,0.7025082636593428,0.05819477434679335,0.12256128064032017,0.5845874651630047,0.051650436618284494,49,1530,3613,56
0.32751911878585815,0.031051964512040557,0.4666666666666667,0.7027027027027027,0.058229352346999406,0.12262262262262262,0.5846846846846847,0.05171913474927689,49,1529,3614,56
0.3275291919708252,0.031071655041217502,0.4666666666666667,0.7028971417460627,0.05826397146254459,0.12268402603905859,0.5847819042063647,0.05178786832053505,49,1528,3615,56
0.32755205035209656,0.031091370558375634,0.4666666666666667,0.7030915807894225,0.05829863176680547,0.12274549098196393,0.5848791237280446,0.051856637399403785,49,1527,3616,56
0.327574759721756,0.03111111111111111,0.4666666666666667,0.7032860198327824,0.058333333333333334,0.12280701754385964,0.5849763432497246,0.05192544205336181,49,1526,3617,56
0.32762640714645386,0.031130876747141042,0.4666666666666667,0.7034804588761423,0.058368076235854674,0.12286860581745236,0.5850735627714045,0.051994282350022195,49,1525,3618,56
0.3276587724685669,0.031150667514303877,0.4666666666666667,0.7036748979195022,0.058402860548271755,0.12293025589563472,0.5851707822930845,0.05206315835713268,49,1524,3619,56
0.3276849091053009,0.031170483460559797,0.4666666666666667,0.7038693369628621,0.05843768634466309,0.12299196787148595,0.5852680018147645,0.05213207014257614,49,1523,3620,56
0.3277580738067627,0.031190324633991087,0.4666666666666667,0.704063776006222,0.05847255369928401,0.12305374183827222,0.5853652213364444,0.05220101777437094,49,1522,3621,56
0.32779577374458313,0.031210191082802548,0.4666666666666667,0.704258215049582,0.05850746268656717,0.12311557788944724,0.5854624408581244,0.05227000132067135,49,1521,3622,56
0.32779619097709656,0.03123008285532186,0.4666666666666667,0.7044526540929419,0.05854241338112306,0.1231774761186526,0.5855596603798043,0.05233902084976793,49,1520,3623,56
0.3278018534183502,0.03125,0.4666666666666667,0.7046470931363018,0.058577405857740586,0.12323943661971831,0.5856568799014843,0.05240807643008794,49,1519,3624,56
0.3278702199459076,0.031269942565411615,0.4666666666666667,0.7048415321796617,0.05861244019138756,0.12330145948666331,0.5857540994231643,0.05247716813019578,49,1518,3625,56
0.32791516184806824,0.031289910600255426,0.4666666666666667,0.7050359712230215,0.05864751645721125,0.12336354481369587,0.5858513189448441,0.052546296018793306,49,1517,3626,56
0.32797351479530334,0.031309904153354634,0.4666666666666667,0.7052304102663814,0.058682634730538925,0.12342569269521411,0.5859485384665241,0.05261546016472032,49,1516,3627,56
0.3279796242713928,0.03132992327365729,0.4666666666666667,0.7054248493097414,0.05871779508687837,0.12348790322580645,0.586045757988204,0.052684660636954914,49,1515,3628,56
0.32800179719924927,0.03134996801023673,0.4666666666666667,0.7056192883531013,0.05875299760191847,0.12355017650025214,0.586142977509884,0.05275389750461393,49,1514,3629,56
0.3281888961791992,0.03137003841229193,0.4666666666666667,0.7058137273964612,0.05878824235152969,0.1236125126135217,0.5862401970315639,0.05282317083695334,49,1513,3630,56
0.3282681405544281,0.03139013452914798,0.4666666666666667,0.7060081664398211,0.058823529411764705,0.12367491166077739,0.5863374165532439,0.052892480703368654,49,1512,3631,56
0.32840749621391296,0.03141025641025641,0.4666666666666667,0.706202605483181,0.05885885885885886,0.12373737373737374,0.5864346360749239,0.05296182717339534,49,1511,3632,56
0.3284481465816498,0.03143040410519564,0.4666666666666667,0.706397044526541,0.05889423076923077,0.12379989893885801,0.5865318555966038,0.053031210316709244,49,1510,3633,56
0.3284692168235779,0.031450577663671375,0.4666666666666667,0.7065914835699009,0.058929645219482865,0.12386248736097068,0.5866290751182838,0.05310063020312698,49,1509,3634,56
0.3285066485404968,0.03147077713551702,0.4666666666666667,0.7067859226132608,0.05896510228640193,0.12392513909964593,0.5867262946399637,0.053170086902606384,49,1508,3635,56
0.3285420835018158,0.031491002570694086,0.4666666666666667,0.7069803616566207,0.059000602046959665,0.12398785425101215,0.5868235141616437,0.0532395804852469,49,1507,3636,56
0.3287239372730255,0.031511254019292605,0.4666666666666667,0.7071748006999805,0.05903614457831325,0.1240506329113924,0.5869207336833235,0.053309111021290004,49,1506,3637,56
0.3287842571735382,0.03153153153153153,0.4666666666666667,0.7073692397433404,0.05907172995780591,0.12411347517730496,0.5870179532050035,0.05337867858111965,49,1505,3638,56
0.32886049151420593,0.031551835157759174,0.4666666666666667,0.7075636787867003,0.05910735826296743,0.12417638114546375,0.5871151727266835,0.053448283235262656,49,1504,3639,56
0.3288632929325104,0.03157216494845361,0.4666666666666667,0.7077581178300603,0.05914302957151479,0.1242393509127789,0.5872123922483634,0.05351792505438915,49,1503,3640,56
0.32886919379234314,0.03159252095422308,0.4666666666666667,0.7079525568734202,0.059178743961352656,0.12430238457635717,0.5873096117700434,0.05358760410931298,49,1502,3641,56
0.32899776101112366,0.031612903225806455,0.4666666666666667,0.7081469959167801,0.059214501510574016,0.12436548223350254,0.5874068312917233,0.053657320470992156,49,1501,3642,56
0.32911211252212524,0.030987734021949646,0.45714285714285713,0.7081469959167801,0.05804111245465538,0.12188928390045708,0.5826449265298186,0.050743594833796785,48,1501,3642,57
0.32911956310272217,0.031007751937984496,0.45714285714285713,0.70834143496014,0.05807622504537205,0.12195121951219512,0.5827421460514985,0.05081282585223442,48,1500,3643,57
0.3292678892612457,0.031027795733678087,0.45714285714285713,0.7085358740034999,0.05811138014527845,0.12201321809862735,0.5828393655731785,0.05088209355423712,48,1499,3644,57
0.32928064465522766,0.031047865459249677,0.45714285714285713,0.7087303130468598,0.058146577831617204,0.12207527975584945,0.5829365850948585,0.05095139801016474,48,1498,3645,57
0.329338937997818,0.031067961165048542,0.45714285714285713,0.7089247520902198,0.05818181818181818,0.12213740458015267,0.5830338046165384,0.051020739290520555,48,1497,3646,57
0.3294655978679657,0.031088082901554404,0.45714285714285713,0.7091191911335796,0.05821710127349909,0.12219959266802444,0.5831310241382184,0.05109011746595173,48,1496,3647,57
0.32953763008117676,0.031108230719377836,0.45714285714285713,0.7093136301769395,0.05825242718446602,0.12226184411614875,0.5832282436598983,0.05115953260724971,48,1495,3648,57
0.32954925298690796,0.0311284046692607,0.45714285714285713,0.7095080692202994,0.058287795992714025,0.12232415902140673,0.5833254631815783,0.05122898478535066,48,1494,3649,57
0.3295617401599884,0.031148604802076575,0.45714285714285713,0.7097025082636593,0.0583232077764277,0.1223865374808771,0.5834226827032583,0.05129847407133591,48,1493,3650,57
0.32959437370300293,0.03116883116883117,0.45714285714285713,0.7098969473070192,0.05835866261398176,0.12244897959183673,0.5835199022249382,0.051368000536432375,48,1492,3651,57
0.329619824886322,0.031189083820662766,0.45714285714285713,0.7100913863503792,0.058394160583941604,0.1225114854517611,0.5836171217466182,0.05143756425201298,48,1491,3652,57
0.3298584222793579,0.031209362808842653,0.45714285714285713,0.7102858253937391,0.05842970176506391,0.12257405515832483,0.5837143412682981,0.05150716528959713,48,1490,3653,57
0.32987117767333984,0.031229668184775537,0.45714285714285713,0.710480264437099,0.058465286236297195,0.12263668880940215,0.5838115607899781,0.05157680372085111,48,1489,3654,57
0.32993847131729126,0.03125,0.45714285714285713,0.7106747034804589,0.05850091407678245,0.12269938650306748,0.583908780311658,0.051646479617588566,48,1488,3655,57
0.3300153613090515,0.031270358306188926,0.45714285714285713,0.7108691425238188,0.05853658536585366,0.12276214833759591,0.584005999833338,0.05171619305177087,48,1487,3656,57
0.33004602789878845,0.03129074315514994,0.45714285714285713,0.7110635815671786,0.05857230018303844,0.12282497441146366,0.5841032193550179,0.05178594409550768,48,1486,3657,57
0.330220490694046,0.03131115459882583,0.45714285714285713,0.7112580206105386,0.05860805860805861,0.1228878648233487,0.5842004388766978,0.051855732821057265,48,1485,3658,57
0.33022812008857727,0.031331592689295036,0.45714285714285713,0.7114524596538985,0.05864386072083079,0.12295081967213115,0.5842976583983778,0.051925559300827026,48,1484,3659,57
0.33033856749534607,0.031352057478772045,0.45714285714285713,0.7116468986972584,0.05867970660146699,0.1230138390568939,0.5843948779200577,0.05199542360737392,48,1483,3660,57
0.330423504114151,0.03137254901960784,0.45714285714285713,0.7118413377406183,0.05871559633027523,0.12307692307692308,0.5844920974417377,0.05206532581340489,48,1482,3661,57
0.3304422199726105,0.031393067364290386,0.45714285714285713,0.7120357767839782,0.0587515299877601,0.12314007183170857,0.5845893169634176,0.052135265991777355,48,1481,3662,57
0.3305004835128784,0.031413612565445025,0.45714285714285713,0.7122302158273381,0.05878750765462339,0.12320328542094455,0.5846865364850976,0.052205244215499644,48,1480,3663,57
0.33057475090026855,0.03143418467583497,0.45714285714285713,0.7124246548706981,0.058823529411764705,0.12326656394453005,0.5847837560067776,0.05227526055773141,48,1479,3664,57
0.33066144585609436,0.03145478374836173,0.45714285714285713,0.712619093914058,0.05885959534028203,0.12332990750256938,0.5848809755284575,0.05234531509178416,48,1478,3665,57
0.33069342374801636,0.031475409836065574,0.45714285714285713,0.7128135329574179,0.05889570552147239,0.12339331619537275,0.5849781950501375,0.05241540789112164,48,1477,3666,57
0.330758661031723,0.031496062992125984,0.45714285714285713,0.7130079720007777,0.058931860036832415,0.12345679012345678,0.5850754145718174,0.05248553902936036,48,1476,3667,57
0.33092740178108215,0.03151674326986211,0.45714285714285713,0.7132024110441376,0.05896805896805897,0.12352032938754504,0.5851726340934974,0.052555708580269984,48,1475,3668,57
0.3309745788574219,0.03153745072273324,0.45714285714285713,0.7133968500874975,0.05900430239704978,0.12358393408856849,0.5852698536151774,0.05262591661777385,48,1474,3669,57
0.3309779465198517,0.03155818540433925,0.45714285714285713,0.7135912891308575,0.05904059040590406,0.12364760432766615,0.5853670731368573,0.052696163215949395,48,1473,3670,57
0.3309847414493561,0.031578947368421054,0.45714285714285713,0.7137857281742174,0.059076923076923075,0.12371134020618557,0.5854642926585373,0.05276644844902865,48,1472,3671,57
0.33106449246406555,0.031599736668861095,0.45714285714285713,0.7139801672175773,0.059113300492610835,0.12377514182568335,0.5855615121802172,0.05283677239139866,48,1471,3672,57
0.3311816155910492,0.03162055335968379,0.45714285714285713,0.7141746062609372,0.059149722735674676,0.1238390092879257,0.5856587317018972,0.05290713511760202,48,1470,3673,57
0.3312682807445526,0.03164139749505603,0.45714285714285713,0.7143690453042971,0.059186189889025895,0.12390294269488901,0.5857559512235772,0.05297753670233729,48,1469,3674,57
0.3313440680503845,0.0316622691292876,0.45714285714285713,0.714563484347657,0.05922270203578038,0.12396694214876033,0.5858531707452571,0.053047977220459466,48,1468,3675,57
0.33138173818588257,0.031683168316831684,0.45714285714285713,0.714757923391017,0.05925925925925926,0.12403100775193798,0.5859503902669371,0.0531184567469805,48,1467,3676,57
0.3313906490802765,0.031704095112285335,0.45714285714285713,0.7149523624343769,0.0592958616429895,0.12409513960703206,0.586047609788617,0.05318897535706973,48,1466,3677,57
0.3315061628818512,0.031725049570389956,0.45714285714285713,0.7151468014777367,0.059332509270704575,0.12415933781686497,0.5861448293102969,0.05325953312605436,48,1465,3678,57
0.3316536843776703,0.031746031746031744,0.45714285714285713,0.7153412405210966,0.059369202226345084,0.12422360248447205,0.5862420488319768,0.05333013012941998,48,1464,3679,57
0.33170458674430847,0.03176704169424222,0.45714285714285713,0.7155356795644565,0.0594059405940594,0.12428793371310203,0.5863392683536568,0.05340076644281098,48,1463,3680,57
0.33172813057899475,0.031788079470198675,0.45714285714285713,0.7157301186078164,0.05944272445820433,0.12435233160621761,0.5864364878753368,0.05347144214203109,48,1462,3681,57
0.3317554295063019,0.03180914512922465,0.45714285714285713,0.7159245576511764,0.05947955390334572,0.12441679626749612,0.5865337073970167,0.05354215730304384,48,1461,3682,57
0.3318159282207489,0.03183023872679045,0.45714285714285713,0.7161189966945363,0.059516429014259145,0.12448132780082988,0.5866309269186967,0.05361291200197302,48,1460,3683,57
0.33191707730293274,0.03185136031851361,0.45714285714285713,0.7163134357378962,0.05955334987593052,0.12454592631032693,0.5867281464403766,0.053683706315103205,48,1459,3684,57
0.3320040702819824,0.03187250996015936,0.45714285714285713,0.7165078747812561,0.0595903165735568,0.12461059190031153,0.5868253659620566,0.05375454031888025,48,1458,3685,57
0.33229079842567444,0.03189368770764119,0.45714285714285713,0.716702313824616,0.05962732919254658,0.12467532467532468,0.5869225854837365,0.05382541408991173,48,1457,3686,57
0.33250564336776733,0.031914893617021274,0.45714285714285713,0.7168967528679759,0.05966438781852082,0.12474012474012475,0.5870198050054165,0.05389632770496749,48,1456,3687,57
0.33274391293525696,0.031936127744510975,0.45714285714285713,0.7170911919113357,0.05970149253731343,0.12480499219968799,0.5871170245270965,0.05396728124098006,48,1455,3688,57
0.332887202501297,0.03195739014647137,0.45714285714285713,0.7172856309546957,0.059738643434972,0.12486992715920915,0.5872142440487764,0.05403827477504526,48,1454,3689,57
0.33289721608161926,0.031978680879413725,0.45714285714285713,0.7174800699980556,0.05977584059775841,0.12493492972410203,0.5873114635704564,0.05410930838442261,48,1453,3690,57
0.33310410380363464,0.032,0.45714285714285713,0.7176745090414155,0.059813084112149535,0.125,0.5874086830921363,0.05418038214653584,48,1452,3691,57
0.33315587043762207,0.032021347565043365,0.45714285714285713,0.7178689480847754,0.059850374064837904,0.12506513809275666,0.5875059026138163,0.05425149613897344,48,1451,3692,57
0.33317363262176514,0.03204272363150868,0.45714285714285713,0.7180633871281353,0.05988771054273238,0.1251303441084463,0.5876031221354963,0.05432265043948912,48,1450,3693,57
0.3333324193954468,0.03206412825651302,0.45714285714285713,0.7182578261714953,0.0599250936329588,0.12519561815336464,0.5877003416571762,0.0543938451260023,48,1449,3694,57
0.33344799280166626,0.03208556149732621,0.45714285714285713,0.7184522652148552,0.059962523422860715,0.12526096033402923,0.5877975611788562,0.05446508027659868,48,1448,3695,57
0.3334531784057617,0.032107023411371234,0.45714285714285713,0.7186467042582151,0.06,0.12532637075718014,0.5878947807005361,0.05453635596953067,48,1447,3696,57
0.33355042338371277,0.0321285140562249,0.45714285714285713,0.718841143301575,0.0600375234521576,0.12539184952978055,0.5879920002222161,0.05460767228321798,48,1446,3697,57
0.33356305956840515,0.032150033489618215,0.45714285714285713,0.7190355823449348,0.060075093867334166,0.12545739675901724,0.5880892197438959,0.05467902929624805,48,1445,3698,57
0.33400484919548035,0.032171581769437,0.45714285714285713,0.7192300213882947,0.06011271133375078,0.12552301255230125,0.5881864392655759,0.05475042708737663,48,1444,3699,57
0.3340104818344116,0.03219315895372234,0.45714285714285713,0.7194244604316546,0.06015037593984962,0.12558869701726844,0.5882836587872559,0.05482186573552826,48,1443,3700,57
0.3340247869491577,0.032214765100671144,0.45714285714285713,0.7196188994750146,0.06018808777429467,0.1256544502617801,0.5883808783089358,0.054893345319796796,48,1442,3701,57
0.3341335952281952,0.03223640026863667,0.45714285714285713,0.7198133385183745,0.060225846925972396,0.12572027239392353,0.5884780978306158,0.05496486591944593,48,1441,3702,57
0.33421385288238525,0.03225806451612903,0.45714285714285713,0.7200077775617344,0.060263653483992465,0.12578616352201258,0.5885753173522957,0.05503642761390971,48,1440,3703,57
0.3343198597431183,0.03227975790181574,0.45714285714285713,0.7202022166050943,0.06030150753768844,0.12585212375458835,0.5886725368739757,0.055108030482793065,48,1439,3704,57
0.33455005288124084,0.03230148048452221,0.45714285714285713,0.7203966556484542,0.06033940917661848,0.1259181532004197,0.5887697563956557,0.05517967460587234,48,1438,3705,57
0.3345538377761841,0.03232323232323232,0.45714285714285713,0.7205910946918141,0.06037735849056604,0.12598425196850394,0.5888669759173356,0.05525136006309578,48,1437,3706,57
0.3345814645290375,0.03234501347708895,0.45714285714285713,0.7207855337351741,0.06041535556954059,0.12605042016806722,0.5889641954390156,0.05532308693458412,48,1436,3707,57
0.3346007466316223,0.03236682400539447,0.45714285714285713,0.720979972778534,0.060453400503778336,0.1261166579085654,0.5890614149606955,0.05539485530063108,48,1435,3708,57
0.3346089720726013,0.032388663967611336,0.45714285714285713,0.7211744118218938,0.06049149338374291,0.12618296529968454,0.5891586344823755,0.05546666524170389,48,1434,3709,57
0.33463406562805176,0.03241053342336259,0.45714285714285713,0.7213688508652537,0.0605296343001261,0.1262493424513414,0.5892558540040554,0.055538516838443845,48,1433,3710,57
0.3347699046134949,0.032432432432432434,0.45714285714285713,0.7215632899086136,0.06056782334384858,0.12631578947368421,0.5893530735257354,0.05561041017166683,48,1432,3711,57
0.3347969055175781,0.032454361054766734,0.45714285714285713,0.7217577289519735,0.06060606060606061,0.1263823064770932,0.5894502930474154,0.05568234532236389,48,1431,3712,57
0.3348044157028198,0.03247631935047361,0.45714285714285713,0.7219521679953335,0.060644346178142766,0.12644889357218125,0.5895475125690953,0.055754322371701685,48,1430,3713,57
0.33488568663597107,0.03249830737982397,0.45714285714285713,0.7221466070386934,0.0606826801517067,0.1265155508697944,0.5896447320907753,0.05582634140102313,48,1429,3714,57
0.3350321352481842,0.032520325203252036,0.45714285714285713,0.7223410460820533,0.06072106261859583,0.12658227848101267,0.5897419516124552,0.05589840249184791,48,1428,3715,57
0.3351767063140869,0.03254237288135593,0.45714285714285713,0.7225354851254132,0.060759493670886074,0.1266490765171504,0.5898391711341352,0.055970505725872984,48,1427,3716,57
0.33532294631004333,0.032564450474898234,0.45714285714285713,0.7227299241687731,0.060797973400886635,0.12671594508975711,0.5899363906558152,0.056042651184973175,48,1426,3717,57
0.3355145752429962,0.032586558044806514,0.45714285714285713,0.722924363212133,0.060836501901140684,0.12678288431061807,0.5900336101774951,0.056114838951201715,48,1425,3718,57
0.33555564284324646,0.03260869565217391,0.45714285714285713,0.7231188022554929,0.060875079264426125,0.12684989429175475,0.590130829699175,0.05618706910679079,48,1424,3719,57
0.3357038199901581,0.03263086335825969,0.45714285714285713,0.7233132412988528,0.06091370558375635,0.12691697514542571,0.5902280492208549,0.056259341734152105,48,1423,3720,57
0.33586999773979187,0.0326530612244898,0.45714285714285713,0.7235076803422127,0.06095238095238095,0.12698412698412698,0.5903252687425349,0.056331656915877396,48,1422,3721,57
0.33594992756843567,0.03267528931245745,0.45714285714285713,0.7237021193855726,0.060991105463786534,0.12705134992059292,0.5904224882642148,0.05640401473473908,48,1421,3722,57
0.3359708786010742,0.0326975476839237,0.45714285714285713,0.7238965584289325,0.06102987921169739,0.1271186440677966,0.5905197077858948,0.05647641527369071,48,1420,3723,57
0.33600667119026184,0.032719836400818,0.45714285714285713,0.7240909974722924,0.061068702290076333,0.1271860095389507,0.5906169273075748,0.05654885861586761,48,1419,3724,57
0.33602190017700195,0.03274215552523874,0.45714285714285713,0.7242854365156524,0.061107574793125397,0.12725344644750794,0.5907141468292547,0.05662134484458742,48,1418,3725,57
0.33609738945961,0.032764505119453925,0.45714285714285713,0.7244798755590123,0.061146496815286625,0.1273209549071618,0.5908113663509347,0.05669387404335065,48,1417,3726,57
0.33617714047431946,0.03278688524590164,0.45714285714285713,0.7246743146023722,0.06118546845124283,0.12738853503184713,0.5909085858726146,0.05676644629584125,48,1416,3727,57
0.3363605737686157,0.032809295967190705,0.45714285714285713,0.7248687536457321,0.061224489795918366,0.12745618693574085,0.5910058053942946,0.05683906168592722,48,1415,3728,57
0.3365398049354553,0.03283173734610123,0.45714285714285713,0.7250631926890919,0.0612635609444799,0.1275239107332625,0.5911030249159746,0.056911720297661124,48,1414,3729,57
0.33664992451667786,0.03285420944558522,0.45714285714285713,0.7252576317324518,0.06130268199233716,0.12759170653907495,0.5912002444376545,0.056984422215280696,48,1413,3730,57
0.3368184566497803,0.03287671232876712,0.45714285714285713,0.7254520707758118,0.06134185303514377,0.1276595744680851,0.5912974639593345,0.057057167523209426,48,1412,3731,57
0.33689379692077637,0.03289924605894448,0.45714285714285713,0.7256465098191717,0.061381074168797956,0.12772751463544438,0.5913946834810144,0.057129956306057106,48,1411,3732,57
0.336913526058197,0.03292181069958848,0.45714285714285713,0.7258409488625316,0.061420345489443376,0.12779552715654952,0.5914919030026944,0.05720278864862047,48,1410,3733,57
0.3370048701763153,0.032944406314344546,0.45714285714285713,0.7260353879058915,0.06145966709346991,0.12786361214704314,0.5915891225243743,0.05727566463588371,48,1409,3734,57
0.3370911777019501,0.03296703296703297,0.45714285714285713,0.7262298269492514,0.06149903907751442,0.1279317697228145,0.5916863420460543,0.057348584353019094,48,1408,3735,57
0.33713462948799133,0.03230240549828179,0.44761904761904764,0.7262298269492514,0.06025641025641026,0.12533333333333332,0.5869244372841496,0.054381586992989644,47,1408,3735,58
0.3373466730117798,0.032324621733149934,0.44761904761904764,0.7264242659926113,0.06029506093649775,0.12540021344717184,0.5870216568058295,0.05445395001882658,47,1407,3736,58
0.3374537229537964,0.03234686854783207,0.44761904761904764,0.7266187050359713,0.06033376123234917,0.12546716497597438,0.5871188763275095,0.05452635606967385,47,1406,3737,58
0.337503582239151,0.03236914600550964,0.44761904761904764,0.7268131440793312,0.06037251123956326,0.12553418803418803,0.5872160958491894,0.05459880522997278,47,1405,3738,58
0.33750683069229126,0.03239145416953825,0.44761904761904764,0.727007583122691,0.060411311053984576,0.12560128273650453,0.5873133153708693,0.054671297584351956,47,1404,3739,58
0.3375451862812042,0.032413793103448274,0.44761904761904764,0.7272020221660509,0.06045016077170418,0.12566844919786097,0.5874105348925492,0.054743833217627796,47,1403,3740,58
0.33755919337272644,0.03243616287094548,0.44761904761904764,0.7273964612094108,0.06048906048906049,0.12573568753344033,0.5875077544142292,0.05481641221480513,47,1402,3741,58
0.33757513761520386,0.0324585635359116,0.44761904761904764,0.7275909002527707,0.06052801030264005,0.12580299785867238,0.5876049739359092,0.054889034661077814,47,1401,3742,58
0.33763587474823,0.03248099516240498,0.44761904761904764,0.7277853392961307,0.06056701030927835,0.12587038028923406,0.5877021934575891,0.05496170064182932,47,1400,3743,58
0.33766892552375793,0.03250345781466114,0.44761904761904764,0.7279797783394906,0.06060606060606061,0.12593783494105038,0.5877994129792691,0.05503441024263334,47,1399,3744,58
0.3376716673374176,0.032525951557093424,0.44761904761904764,0.7281742173828505,0.06064516129032258,0.1260053619302949,0.587896632500949,0.05510716354925435,47,1398,3745,58
0.3378259837627411,0.03254847645429363,0.44761904761904764,0.7283686564262104,0.06068431245965139,0.12607296137339055,0.587993852022629,0.055179960647648234,47,1397,3746,58
0.3379683792591095,0.03257103257103257,0.44761904761904764,0.7285630954695703,0.060723514211886306,0.1261406333870102,0.588091071544309,0.05525280162396289,47,1396,3747,58
0.33807680010795593,0.03259361997226075,0.44761904761904764,0.7287575345129302,0.060762766645119586,0.12620837808807733,0.5881882910659889,0.05532568656453884,47,1395,3748,58
0.33814653754234314,0.03261623872310895,0.44761904761904764,0.7289519735562902,0.06080206985769728,0.1262761955937668,0.5882855105876689,0.05539861555590981,47,1394,3749,58
0.33816272020339966,0.03263888888888889,0.44761904761904764,0.72914641259965,0.060841423948220064,0.12634408602150538,0.5883827301093488,0.05547158868480339,47,1393,3750,58
0.3382091522216797,0.03266157053509382,0.44761904761904764,0.7293408516430099,0.06088082901554404,0.12641204948897256,0.5884799496310288,0.05554460603814158,47,1392,3751,58
0.33825939893722534,0.03268428372739916,0.44761904761904764,0.7295352906863698,0.0609202851587816,0.1264800861141012,0.5885771691527087,0.05561766770304145,47,1391,3752,58
0.3382846713066101,0.032707028531663185,0.44761904761904764,0.7297297297297297,0.0609597924773022,0.12654819601507808,0.5886743886743887,0.055690773766815756,47,1390,3753,58
0.3385780453681946,0.032729805013927575,0.44761904761904764,0.7299241687730896,0.06099935107073329,0.12661637931034483,0.5887716081960687,0.05576392431697354,47,1389,3754,58
0.3385878801345825,0.032752613240418116,0.44761904761904764,0.7301186078164495,0.06103896103896104,0.12668463611859837,0.5888688277177486,0.055837119441220766,47,1388,3755,58
0.33860576152801514,0.03277545327754533,0.44761904761904764,0.7303130468598095,0.06107862248213125,0.1267529665587918,0.5889660472394286,0.055910359227460925,47,1387,3756,58
0.33864474296569824,0.03279832519190509,0.44761904761904764,0.7305074859031694,0.0611183355006502,0.12682137075013492,0.5890632667611085,0.055983643763795686,47,1386,3757,58
0.3386457860469818,0.03282122905027933,0.44761904761904764,0.7307019249465293,0.06115810019518542,0.12688984881209503,0.5891604862827885,0.05605697313852551,47,1385,3758,58
0.33870184421539307,0.03284416491963662,0.44761904761904764,0.7308963639898892,0.061197916666666664,0.12695840086439764,0.5892577058044685,0.056130347440150274,47,1384,3759,58
0.3387778401374817,0.032867132867132866,0.44761904761904764,0.731090803033249,0.06123778501628664,0.12702702702702703,0.5893549253261483,0.056203766757369926,47,1383,3760,58
0.3388447165489197,0.032890132960111965,0.44761904761904764,0.7312852420766089,0.061277705345501955,0.12709572742022715,0.5894521448478283,0.0562772311790851,47,1382,3761,58
0.33907854557037354,0.032913165266106444,0.44761904761904764,0.7314796811199689,0.06131767775603392,0.12716450216450217,0.5895493643695082,0.056350740794397766,47,1381,3762,58
0.3391270637512207,0.032936229852838124,0.44761904761904764,0.7316741201633288,0.06135770234986945,0.12723335138061723,0.5896465838911882,0.05642429569261186,47,1380,3763,58
0.33919236063957214,0.03295932678821879,0.44761904761904764,0.7318685592066887,0.06139777922926192,0.12730227518959913,0.5897438034128681,0.05649789596323395,47,1379,3764,58
0.33919909596443176,0.03298245614035088,0.44761904761904764,0.7320629982500486,0.06143790849673202,0.12737127371273713,0.5898410229345481,0.05657154169597382,47,1378,3765,58
0.33932679891586304,0.03300561797752809,0.44761904761904764,0.7322574372934085,0.061478090255068674,0.12744034707158353,0.5899382424562281,0.056645232980745225,47,1377,3766,58
0.33933383226394653,0.03302881236823612,0.44761904761904764,0.7324518763367684,0.061518324607329845,0.12750949538795442,0.590035461977908,0.056718969907666436,47,1376,3767,58
0.339500367641449,0.03305203938115331,0.44761904761904764,0.7326463153801284,0.06155861165684348,0.1275787187839305,0.590132681499588,0.056792752567060935,47,1375,3768,58
0.33979976177215576,0.033075299085151305,0.44761904761904764,0.7328407544234883,0.061598951507208385,0.1276480173818577,0.5902299010212679,0.05686658104945809,47,1374,3769,58
0.3398149609565735,0.03309859154929577,0.44761904761904764,0.7330351934668481,0.06163934426229508,0.12771739130434784,0.5903271205429479,0.056940455445593785,47,1373,3770,58
0.3400307595729828,0.03312191684284708,0.44761904761904764,0.733229632510208,0.06167979002624672,0.1277868406742795,0.5904243400646279,0.05701437584641107,47,1372,3771,58
0.3400914669036865,0.03314527503526093,0.44761904761904764,0.7334240715535679,0.061720288903479976,0.12785636561479868,0.5905215595863078,0.057088342343060865,47,1371,3772,58
0.34019923210144043,0.033168666196189134,0.44761904761904764,0.7336185105969278,0.06176084099868594,0.12792596624931954,0.5906187791079878,0.0571623550269026,47,1370,3773,58
0.340271919965744,0.033192090395480225,0.44761904761904764,0.7338129496402878,0.06180144641683103,0.12799564270152505,0.5907159986296677,0.057236413989504874,47,1369,3774,58
0.34027549624443054,0.033215547703180213,0.44761904761904764,0.7340073886836477,0.06184210526315789,0.12806539509536785,0.5908132181513477,0.057310519322646136,47,1368,3775,58
0.3402958810329437,0.03323903818953324,0.44761904761904764,0.7342018277270076,0.06188281764318631,0.12813522355507087,0.5909104376730276,0.057384671118315356,47,1367,3776,58
0.3403227925300598,0.03326256192498231,0.44761904761904764,0.7343962667703675,0.061923583662714096,0.1282051282051282,0.5910076571947076,0.057458869468712724,47,1366,3777,58
0.3403503894805908,0.03328611898016997,0.44761904761904764,0.7345907058137274,0.06196440342781806,0.12827510917030568,0.5911048767163876,0.05753311446625027,47,1365,3778,58
0.3403918743133545,0.03330970942593905,0.44761904761904764,0.7347851448570873,0.06200527704485488,0.12834516657564174,0.5912020962380675,0.05760740620355261,47,1364,3779,58
0.34052807092666626,0.03333333333333333,0.44761904761904764,0.7349795839004473,0.062046204620462043,0.1284153005464481,0.5912993157597475,0.05768174477345759,47,1363,3780,58
0.3407893180847168,0.0333569907735983,0.44761904761904764,0.7351740229438071,0.062087186261558784,0.12848551120831056,0.5913965352814273,0.05775613026901697,47,1362,3781,58
0.3408352732658386,0.032670454545454544,0.4380952380952381,0.7351740229438071,0.06080634500991408,0.12582056892778992,0.5866346305195226,0.0547592505113166,46,1362,3781,59
0.3410255014896393,0.032693674484719264,0.4380952380952381,0.735368461987167,0.06084656084656084,0.12588943623426382,0.5867318500412025,0.05483303886644402,46,1361,3782,59
0.3411131501197815,0.032716927453769556,0.4380952380952381,0.7355629010305269,0.06088682991396426,0.12595837897042717,0.5868290695628825,0.054906873391877525,46,1360,3783,59
0.3411160409450531,0.032740213523131674,0.4380952380952381,0.7357573400738868,0.060927152317880796,0.12602739726027398,0.5869262890845625,0.05498075417985102,46,1359,3784,59
0.34127888083457947,0.03205128205128205,0.42857142857142855,0.7357573400738868,0.05964214711729622,0.12335526315789473,0.5821643843226577,0.05198059774211908,45,1359,3784,60
0.3413626253604889,0.03207412687099073,0.42857142857142855,0.7359517791172467,0.05968169761273209,0.12342292923752057,0.5822616038443377,0.05205387590769501,45,1358,3785,60
0.3414381444454193,0.03209700427960057,0.42857142857142855,0.7361462181606067,0.059721300597213006,0.12349066959385291,0.5823588233660176,0.052127199571251115,45,1357,3786,60
0.34150785207748413,0.032119914346895075,0.42857142857142855,0.7363406572039666,0.05976095617529881,0.12355848434925865,0.5824560428876976,0.05220056882417939,45,1356,3787,60
0.34164249897003174,0.03214285714285714,0.42857142857142855,0.7365350962473265,0.059800664451827246,0.12362637362637363,0.5825532624093775,0.05227398375808314,45,1355,3788,60
0.34168195724487305,0.032165832737669764,0.42857142857142855,0.7367295352906864,0.0598404255319149,0.12369433754810336,0.5826504819310575,0.05234744446477774,45,1354,3789,60
0.3416826128959656,0.032188841201716736,0.42857142857142855,0.7369239743340463,0.059880239520958084,0.12376237623762376,0.5827477014527375,0.05242095103629123,45,1353,3790,60
0.34168654680252075,0.03221188260558339,0.42857142857142855,0.7371184133774061,0.05992010652463382,0.12383048981838195,0.5828449209744173,0.052494503564865076,45,1352,3791,60
0.3417726159095764,0.032234957020057305,0.42857142857142855,0.737312852420766,0.05996002664890073,0.12389867841409692,0.5829421404960973,0.052568102142954834,45,1351,3792,60
0.3419954180717468,0.03225806451612903,0.42857142857142855,0.737507291464126,0.06,0.12396694214876033,0.5830393600177772,0.05264174686323084,45,1350,3793,60
0.3420407474040985,0.032281205164992825,0.42857142857142855,0.7377017305074859,0.06004002668445631,0.12403528114663727,0.5831365795394572,0.05271543781857891,45,1349,3794,60
0.342146635055542,0.03230437903804738,0.42857142857142855,0.7378961695508458,0.06008010680907877,0.12410369553226697,0.5832337990611371,0.05278917510210105,45,1348,3795,60
0.3422175645828247,0.032327586206896554,0.42857142857142855,0.7380906085942057,0.06012024048096192,0.12417218543046357,0.5833310185828171,0.05286295880711619,45,1347,3796,60
0.34226396679878235,0.03235082674335011,0.42857142857142855,0.7382850476375656,0.06016042780748663,0.12424075096631695,0.5834282381044971,0.05293678902716079,45,1346,3797,60
0.3423008918762207,0.03237410071942446,0.42857142857142855,0.7384794866809256,0.06020066889632107,0.12430939226519337,0.583525457626177,0.053010665855989667,45,1345,3798,60
0.3423270583152771,0.032397408207343416,0.42857142857142855,0.7386739257242855,0.060240963855421686,0.12437810945273632,0.583622677147857,0.05308458938757664,45,1344,3799,60
0.3425532877445221,0.032420749279538905,0.42857142857142855,0.7388683647676454,0.06028131279303416,0.12444690265486726,0.5837198966695369,0.05315855971611524,45,1343,3800,60
0.34260293841362,0.032444124008651765,0.42857142857142855,0.7390628038110052,0.06032171581769437,0.12451577199778639,0.5838171161912169,0.05323257693601948,45,1342,3801,60
0.3426295220851898,0.032467532467532464,0.42857142857142855,0.7392572428543651,0.060362173038229376,0.12458471760797342,0.5839143357128969,0.0533066411419245,45,1341,3802,60
0.34270045161247253,0.032490974729241874,0.42857142857142855,0.739451681897725,0.06040268456375839,0.12465373961218837,0.5840115552345768,0.05338075242868737,45,1340,3803,60
0.34275567531585693,0.03251445086705202,0.42857142857142855,0.739646120941085,0.06044325050369376,0.12472283813747229,0.5841087747562568,0.05345491089138773,45,1339,3804,60
0.3430043160915375,0.03253796095444685,0.42857142857142855,0.7398405599844449,0.06048387096774194,0.12479201331114809,0.5842059942779367,0.053529116625328624,45,1338,3805,60
0.3431309461593628,0.03256150506512301,0.42857142857142855,0.7400349990278048,0.0605245460659045,0.12486126526082131,0.5843032137996167,0.05360336972603712,45,1337,3806,60
0.34315910935401917,0.03258508327299059,0.42857142857142855,0.7402294380711647,0.06056527590847914,0.1249305941143809,0.5844004333212967,0.05367767028926512,45,1336,3807,60
0.34331268072128296,0.03260869565217391,0.42857142857142855,0.7404238771145246,0.06060606060606061,0.125,0.5844976528429766,0.053752018410990074,45,1335,3808,60
0.3433602452278137,0.032632342277012324,0.42857142857142855,0.7406183161578845,0.06064690026954178,0.12506948304613674,0.5845948723646566,0.0538264141874157,45,1334,3809,60
0.34343093633651733,0.03265602322206096,0.42857142857142855,0.7408127552012445,0.060687795010114634,0.12513904338153503,0.5846920918863365,0.05390085771497276,45,1333,3810,60
0.3436829447746277,0.032679738562091505,0.42857142857142855,0.7410071942446043,0.06072874493927125,0.12520868113522537,0.5847893114080164,0.0539753490903198,45,1332,3811,60
0.34368738532066345,0.032703488372093026,0.42857142857142855,0.7412016332879642,0.06076975016880486,0.1252783964365256,0.5848865309296963,0.054049888410343874,45,1331,3812,60
0.3437110483646393,0.03272727272727273,0.42857142857142855,0.7413960723313241,0.060810810810810814,0.12534818941504178,0.5849837504513763,0.05412447577216132,45,1330,3813,60
0.3437335193157196,0.03202328966521106,0.41904761904761906,0.7413960723313241,0.05949966193373901,0.12263099219620958,0.5802218456894715,0.05110370441751587,44,1330,3813,61
0.3437837064266205,0.032046613255644577,0.41904761904761906,0.741590511374684,0.05953991880920163,0.12269938650306748,0.5803190652111515,0.0511776606967903,44,1329,3814,61
0.3438032865524292,0.03206997084548105,0.41904761904761906,0.7417849504180439,0.05958023019634394,0.12276785714285714,0.5804162847328315,0.05125166421511447,44,1328,3815,61
0.34381067752838135,0.032093362509117436,0.41904761904761906,0.7419793894614038,0.05962059620596206,0.12283640424343942,0.5805135042545114,0.051325715068691706,44,1327,3816,61
0.34382134675979614,0.032116788321167884,0.41904761904761906,0.7421738285047638,0.059661016949152545,0.12290502793296089,0.5806107237761914,0.051399813353953515,44,1326,3817,61
0.34385210275650024,0.03214024835646457,0.41904761904761906,0.7423682675481237,0.05970149253731343,0.12297372833985466,0.5807079432978713,0.05147395916756037,44,1325,3818,61
0.3440084159374237,0.03216374269005848,0.41904761904761906,0.7425627065914836,0.05974202308214528,0.12304250559284116,0.5808051628195513,0.05154815260640241,44,1324,3819,61
0.3440418839454651,0.03218727139722019,0.41904761904761906,0.7427571456348435,0.059782608695652176,0.12311135982092893,0.5809023823412313,0.05162239376760026,44,1323,3820,61
0.34407931566238403,0.032210834553440704,0.41904761904761906,0.7429515846782034,0.05982324949014276,0.12318029115341546,0.5809996018629112,0.051696682748505744,44,1322,3821,61
0.34427371621131897,0.03223443223443224,0.41904761904761906,0.7431460237215632,0.05986394557823129,0.12324929971988796,0.5810968213845912,0.05177101964670271,44,1321,3822,61
0.3443966805934906,0.03225806451612903,0.41904761904761906,0.7433404627649232,0.059904697072838665,0.12331838565022421,0.5811940409062711,0.051845404560007725,44,1320,3823,61
0.34443655610084534,0.032281731474688186,0.41904761904761906,0.7435349018082831,0.05994550408719346,0.12338754907459339,0.5812912604279511,0.05191983758647091,44,1319,3824,61
0.34444642066955566,0.032305433186490456,0.41904761904761906,0.743729340851643,0.05998636673483299,0.12345679012345678,0.581388479949631,0.051994318824376676,44,1318,3825,61
0.3445194959640503,0.03232916972814107,0.41904761904761906,0.7439237798950029,0.06002728512960437,0.12352610892756878,0.581485699471311,0.05206884837224452,44,1317,3826,61
0.34459298849105835,0.03235294117647059,0.41904761904761906,0.7441182189383628,0.060068259385665526,0.12359550561797752,0.581582918992991,0.0521434263288298,44,1316,3827,61
0.3446432054042816,0.03237674760853569,0.41904761904761906,0.7443126579817227,0.060109289617486336,0.12366498032602585,0.5816801385146709,0.052218052793124525,44,1315,3828,61
0.34464380145072937,0.03240058910162003,0.41904761904761906,0.7445070970250827,0.06015037593984962,0.12373453318335208,0.5817773580363509,0.05229272786435814,44,1314,3829,61
0.3447381258010864,0.032424465733235076,0.41904761904761906,0.7447015360684426,0.060191518467852256,0.12380416432189083,0.5818745775580308,0.0523674516419983,44,1313,3830,61
0.3447771370410919,0.032448377581120944,0.41904761904761906,0.7448959751118025,0.06023271731690623,0.12387387387387387,0.5819717970797108,0.05244222422575169,44,1312,3831,61
0.344800740480423,0.03247232472324723,0.41904761904761906,0.7450904141551623,0.06027397260273973,0.12394366197183099,0.5820690166013907,0.05251704571556482,44,1311,3832,61
0.3448752164840698,0.03249630723781388,0.41904761904761906,0.7452848531985222,0.06031528444139822,0.12401352874859076,0.5821662361230706,0.05259191621162479,44,1310,3833,61
0.3449174165725708,0.032520325203252036,0.41904761904761906,0.7454792922418821,0.06035665294924554,0.12408347433728144,0.5822634556447506,0.052666835814360144,44,1309,3834,61
0.34493839740753174,0.03254437869822485,0.41904761904761906,0.7456737312852421,0.060398078242964996,0.12415349887133183,0.5823606751664305,0.052741804624441634,44,1308,3835,61
0.3450319766998291,0.03256846780162842,0.41904761904761906,0.745868170328602,0.06043956043956044,0.12422360248447205,0.5824578946881105,0.05281682274278305,44,1307,3836,61
0.3450624644756317,0.03259259259259259,0.41904761904761906,0.7460626093719619,0.06048109965635739,0.12429378531073447,0.5825551142097904,0.052891890270542044,44,1306,3837,61
0.3452151119709015,0.03261675315048184,0.41904761904761906,0.7462570484153218,0.06052269601100413,0.1243640474844545,0.5826523337314704,0.0529670073091209,44,1305,3838,61
0.34522730112075806,0.032640949554896145,0.41904761904761906,0.7464514874586817,0.060564349621472814,0.1244343891402715,0.5827495532531504,0.05304217396016743,44,1304,3839,61
0.3453299403190613,0.032665181885671864,0.41904761904761906,0.7466459265020416,0.06060606060606061,0.1245048104131296,0.5828467727748303,0.05311739032557569,44,1303,3840,61
0.3455805480480194,0.03268945022288262,0.41904761904761906,0.7468403655454016,0.06064782908339077,0.1245753114382786,0.5829439922965103,0.053192656507486946,44,1302,3841,61
0.3455965220928192,0.03271375464684015,0.41904761904761906,0.7470348045887614,0.060689655172413794,0.12464589235127478,0.5830412118181902,0.05326797260829035,44,1301,3842,61
0.3457230031490326,0.03273809523809524,0.41904761904761906,0.7472292436321213,0.06073153899240856,0.12471655328798185,0.5831384313398702,0.053343338730623906,44,1300,3843,61
0.34572479128837585,0.03276247207743857,0.41904761904761906,0.7474236826754812,0.06077348066298342,0.12478729438457176,0.5832356508615502,0.05341875497737522,44,1299,3844,61
0.3457300364971161,0.03278688524590164,0.41904761904761906,0.7476181217188411,0.0608154803040774,0.12485811577752554,0.5833328703832301,0.05349422145168236,44,1298,3845,61
0.3457595705986023,0.03281133482475764,0.41904761904761906,0.747812560762201,0.06085753803596127,0.1249290176036343,0.5834300899049101,0.05356973825693473,44,1297,3846,61
0.34579628705978394,0.03283582089552239,0.41904761904761906,0.748006999805561,0.06089965397923876,0.125,0.58352730942659,0.05364530549677388,44,1296,3847,61
0.3458773195743561,0.03286034353995519,0.41904761904761906,0.7482014388489209,0.060941828254847646,0.12507106310403637,0.58362452894827,0.053720923275094375,44,1295,3848,61
0.34592103958129883,0.03288490284005979,0.41904761904761906,0.7483958778922808,0.060984060984060985,0.12514220705346984,0.58372174846995,0.05379659169604463,44,1294,3849,61
0.34604161977767944,0.032909498878085267,0.41904761904761906,0.7485903169356407,0.06102635228848821,0.12521343198634036,0.5838189679916299,0.05387231086402779,44,1293,3850,61
0.34610092639923096,0.03293413173652695,0.41904761904761906,0.7487847559790006,0.061068702290076333,0.1252847380410023,0.5839161875133099,0.053948080883702586,44,1292,3851,61
0.34633690118789673,0.03295880149812734,0.41904761904761906,0.7489791950223605,0.06111111111111111,0.12535612535612536,0.5840134070349898,0.05402390185998417,44,1291,3852,61
0.3464425206184387,0.03298350824587706,0.41904761904761906,0.7491736340657204,0.061153578874218205,0.12542759407069556,0.5841106265566697,0.05409977389804502,44,1290,3853,61
0.34661629796028137,0.033008252063015754,0.41904761904761906,0.7493680731090803,0.061196105702364396,0.12549914432401596,0.5842078460783496,0.05417569710331578,44,1289,3854,61
0.3466585874557495,0.03303303303303303,0.41904761904761906,0.7495625121524402,0.061238691718858734,0.12557077625570776,0.5843050656000296,0.054251671581486166,44,1288,3855,61
0.3468433618545532,0.03305785123966942,0.41904761904761906,0.7497569511958001,0.06128133704735376,0.125642490005711,0.5844022851217096,0.05432769743850582,44,1287,3856,61
0.3468913435935974,0.03308270676691729,0.41904761904761906,0.74995139023916,0.06132404181184669,0.12571428571428572,0.5844995046433895,0.05440377478058518,44,1286,3857,61
0.3470454812049866,0.03310759969902182,0.41904761904761906,0.7501458292825199,0.061366806136680614,0.12578616352201258,0.5845967241650695,0.05447990371419642,44,1285,3858,61
0.3470887541770935,0.03313253012048193,0.41904761904761906,0.7503402683258799,0.061409630146545706,0.12585812356979406,0.5846939436867494,0.05455608434607426,44,1284,3859,61
0.34718063473701477,0.033157498116051246,0.41904761904761906,0.7505347073692398,0.061452513966480445,0.12593016599885518,0.5847911632084294,0.054632316783216915,44,1283,3860,61
0.34731248021125793,0.033182503770739065,0.41904761904761906,0.7507291464125997,0.061495457721872815,0.12600229095074456,0.5848883827301093,0.05470860113288699,44,1282,3861,61
0.3473462760448456,0.03320754716981132,0.41904761904761906,0.7509235854559596,0.06153846153846154,0.12607449856733524,0.5849856022517893,0.05478493750261234,44,1281,3862,61
0.34786418080329895,0.03323262839879154,0.41904761904761906,0.7511180244993194,0.0615815255423373,0.12614678899082568,0.5850828217734693,0.05486132600018702,44,1280,3863,61
0.34795382618904114,0.03325774754346183,0.41904761904761906,0.7513124635426793,0.06162464985994398,0.12621916236374067,0.5851800412951492,0.05493776673367215,44,1279,3864,61
0.3480073809623718,0.03328290468986384,0.41904761904761906,0.7515069025860392,0.06166783461807989,0.12629161882893225,0.5852772608168292,0.05501425981139686,44,1278,3865,61
0.3480469584465027,0.033308099924299776,0.41904761904761906,0.7517013416293992,0.061711079943899017,0.1263641585295807,0.5853744803385091,0.055090805341959176,44,1277,3866,61
0.3482322096824646,0.03333333333333333,0.41904761904761906,0.7518957806727591,0.061754385964912284,0.12643678160919541,0.5854716998601891,0.05516740343422696,44,1276,3867,61
0.34826621413230896,0.03335860500379075,0.41904761904761906,0.752090219716119,0.06179775280898876,0.12650948821161587,0.5855689193818691,0.05524405419733883,44,1275,3868,61
0.3483610451221466,0.03338391502276176,0.41904761904761906,0.7522846587594789,0.06184118060435699,0.12658227848101267,0.585666138903549,0.055320757740705065,44,1274,3869,61
0.348430335521698,0.033409263477600606,0.41904761904761906,0.7524790978028388,0.06188466947960619,0.1266551525618883,0.585763358425229,0.05539751417400856,44,1273,3870,61
0.34846076369285583,0.03343465045592705,0.41904761904761906,0.7526735368461988,0.06192821956368754,0.12672811059907835,0.5858605779469089,0.05547432360720574,44,1272,3871,61
0.3485119640827179,0.033460076045627375,0.41904761904761906,0.7528679758895587,0.061971830985915494,0.12680115273775217,0.5859577974685889,0.0555511861505275,44,1271,3872,61
0.3485318720340729,0.0334855403348554,0.41904761904761906,0.7530624149329185,0.06201550387596899,0.12687427912341406,0.5860550169902687,0.05562810191448018,44,1270,3873,61
0.348706990480423,0.03351104341203351,0.41904761904761906,0.7532568539762784,0.06205923836389281,0.12694748990190421,0.5861522365119487,0.05570507100984644,44,1269,3874,61
0.3488050699234009,0.03353658536585366,0.41904761904761906,0.7534512930196383,0.062103034580098804,0.12702078521939955,0.5862494560336287,0.05578209354768628,44,1268,3875,61
0.3489603102207184,0.033562166285278416,0.41904761904761906,0.7536457320629982,0.062146892655367235,0.1270941652224148,0.5863466755553086,0.055859169639337965,44,1267,3876,61
0.3489612936973572,0.03358778625954199,0.41904761904761906,0.7538401711063581,0.06219081272084806,0.12716763005780346,0.5864438950769886,0.05593629939641894,44,1266,3877,61
0.3490123450756073,0.03361344537815126,0.41904761904761906,0.7540346101497181,0.06223479490806223,0.12724117987275882,0.5865411145986685,0.056013482930826884,44,1265,3878,61
0.34905219078063965,0.03363914373088685,0.41904761904761906,0.754229049193078,0.06227883934890304,0.12731481481481483,0.5866383341203485,0.05609072035474058,44,1264,3879,61
0.3491803705692291,0.03366488140780413,0.41904761904761906,0.7544234882364379,0.06232294617563739,0.12738853503184713,0.5867355536420285,0.056168011780620954,44,1263,3880,61
0.3492552936077118,0.033690658499234305,0.41904761904761906,0.7546179272797978,0.06236711552090716,0.12746234067207415,0.5868327731637084,0.05624535732121199,44,1262,3881,61
0.3493072986602783,0.03371647509578544,0.41904761904761906,0.7548123663231577,0.062411347517730496,0.12753623188405797,0.5869299926853884,0.05632275708954176,44,1261,3882,61
0.3493143618106842,0.03374233128834356,0.41904761904761906,0.7550068053665175,0.06245564229950319,0.12761020881670534,0.5870272122070683,0.05640021119892336,44,1260,3883,61
0.34959447383880615,0.03376822716807368,0.41904761904761906,0.7552012444098775,0.0625,0.1276842716192687,0.5871244317287483,0.05647771976295592,44,1259,3884,61
0.34971266984939575,0.03379416282642089,0.41904761904761906,0.7553956834532374,0.06254442075337598,0.12775842044134728,0.5872216512504282,0.05655528289552562,44,1258,3885,61
0.3500426113605499,0.033820138355111454,0.41904761904761906,0.7555901224965973,0.06258890469416785,0.12783265543288785,0.5873188707721082,0.05663290071080659,44,1257,3886,61
0.35012534260749817,0.033846153846153845,0.41904761904761906,0.7557845615399572,0.06263345195729537,0.12790697674418605,0.5874160902937882,0.056710573323262015,44,1256,3887,61
0.35013002157211304,0.03387220939183987,0.41904761904761906,0.7559790005833171,0.06267806267806268,0.12798138452588714,0.5875133098154681,0.05678830084764507,44,1255,3888,61
0.35018694400787354,0.03389830508474576,0.41904761904761906,0.756173439626677,0.06272273699215966,0.1280558789289872,0.5876105293371481,0.05686608339899996,44,1254,3889,61
0.3502126634120941,0.03392444101773323,0.41904761904761906,0.756367878670037,0.06276747503566334,0.128130460104834,0.587707748858828,0.0569439210926629,44,1253,3890,61
0.3502684235572815,0.033950617283950615,0.41904761904761906,0.7565623177133969,0.06281227694503926,0.1282051282051282,0.587804968380508,0.05702181404426316,44,1252,3891,61
0.3502840995788574,0.03397683397683398,0.41904761904761906,0.7567567567567568,0.06285714285714286,0.1282798833819242,0.587902187902188,0.05709976236972404,44,1251,3892,61
0.3503146469593048,0.03400309119010819,0.41904761904761906,0.7569511958001167,0.06290207290922087,0.12835472578763127,0.5879994074238679,0.05717776618526396,44,1250,3893,61
0.3504316806793213,0.03402938901778809,0.41904761904761906,0.7571456348434765,0.06294706723891273,0.1284296555750146,0.5880966269455478,0.05725582560739741,44,1249,3894,61
0.3504551947116852,0.034055727554179564,0.41904761904761906,0.7573400738868364,0.06299212598425197,0.12850467289719625,0.5881938464672277,0.05733394075293605,44,1248,3895,61
0.3504675328731537,0.03408210689388071,0.41904761904761906,0.7575345129301964,0.06303724928366762,0.12857977790765635,0.5882910659889077,0.057412111738989684,44,1247,3896,61
0.350510835647583,0.034108527131782945,0.41904761904761906,0.7577289519735563,0.06308243727598567,0.1286549707602339,0.5883882855105876,0.05749033868296734,44,1246,3897,61
0.3505181670188904,0.03413498836307215,0.41904761904761906,0.7579233910169162,0.06312769010043041,0.12873025160912815,0.5884855050322676,0.05756862170257833,44,1245,3898,61
0.35056227445602417,0.034161490683229816,0.41904761904761906,0.7581178300602761,0.06317300789662599,0.1288056206088993,0.5885827245539476,0.05764696091583324,44,1244,3899,61
0.35074692964553833,0.03418803418803419,0.41904761904761906,0.758312269103636,0.06321839080459771,0.12888107791446984,0.5886799440756275,0.05772535644104503,44,1243,3900,61
0.3509926497936249,0.03421461897356143,0.41904761904761906,0.758506708146996,0.06326383896477354,0.12895662368112543,0.5887771635973075,0.05780380839683007,44,1242,3901,61
0.3510006368160248,0.034241245136186774,0.41904761904761906,0.7587011471903559,0.06330935251798561,0.12903225806451613,0.5888743831189874,0.057882316902109224,44,1241,3902,61
0.35114872455596924,0.03426791277258567,0.41904761904761906,0.7588955862337158,0.06335493160547156,0.12910798122065728,0.5889716026406674,0.05796088207610888,44,1240,3903,61
0.3511835038661957,0.034294621979735,0.41904761904761906,0.7590900252770756,0.06340057636887608,0.12918379330593072,0.5890688221623473,0.05803950403836208,44,1239,3904,61
0.3512526750564575,0.0343213728549142,0.41904761904761906,0.7592844643204355,0.06344628695025234,0.12925969447708577,0.5891660416840273,0.05811818290870952,44,1238,3905,61
0.3514164984226227,0.03434816549570648,0.41904761904761906,0.7594789033637954,0.06349206349206349,0.12933568489124045,0.5892632612057073,0.05819691880730069,44,1237,3906,61
0.35144975781440735,0.034375,0.41904761904761906,0.7596733424071553,0.06353790613718412,0.12941176470588237,0.5893604807273872,0.05827571185459493,44,1236,3907,61
0.3514890968799591,0.03440187646598905,0.41904761904761906,0.7598677814505153,0.06358381502890173,0.12948793407886994,0.5894577002490672,0.058354562171362534,44,1235,3908,61
0.35155582427978516,0.03442879499217527,0.41904761904761906,0.7600622204938752,0.0636297903109183,0.12956419316843346,0.5895549197707471,0.05843346987868583,44,1234,3909,61
0.35160136222839355,0.03445575567736883,0.41904761904761906,0.7602566595372351,0.06367583212735166,0.1296405421331762,0.5896521392924271,0.058512435097960294,44,1233,3910,61
0.35161271691322327,0.034482758620689655,0.41904761904761906,0.760451098580595,0.06372194062273714,0.12971698113207547,0.5897493588141071,0.05859145795089565,44,1232,3911,61
0.35165518522262573,0.034509803921568626,0.41904761904761906,0.7606455376239549,0.06376811594202898,0.12979351032448377,0.589846578335787,0.05867053855951695,44,1231,3912,61
0.35166439414024353,0.03453689167974882,0.41904761904761906,0.7608399766673148,0.06381435823060189,0.12987012987012986,0.589943797857467,0.05874967704616574,44,1230,3913,61
0.35168302059173584,0.03456402199528672,0.41904761904761906,0.7610344157106746,0.06386066763425254,0.1299468399291199,0.5900410173791468,0.058828873533501115,44,1229,3914,61
0.35169070959091187,0.03459119496855346,0.41904761904761906,0.7612288547540346,0.06390704429920116,0.13002364066193853,0.5901382369008268,0.058908128144500894,44,1228,3915,61
0.3517113924026489,0.03461841070023604,0.41904761904761906,0.7614232937973945,0.06395348837209303,0.13010053222945003,0.5902354564225067,0.05898744100246274,44,1227,3916,61
0.35186105966567993,0.03464566929133858,0.41904761904761906,0.7616177328407544,0.064,0.1301775147928994,0.5903326759441867,0.05906681223100525,44,1226,3917,61
0.35192927718162537,0.03467297084318361,0.41904761904761906,0.7618121718841143,0.06404657933042213,0.13025458851391356,0.5904298954658667,0.05914624195406913,44,1225,3918,61
0.351977676153183,0.03470031545741325,0.41904761904761906,0.7620066109274742,0.06409322651128915,0.13033175355450238,0.5905271149875466,0.05922573029591835,44,1224,3919,61
0.3520731031894684,0.03472770323599053,0.41904761904761906,0.7622010499708342,0.0641399416909621,0.13040901007705988,0.5906243345092266,0.05930527738114123,44,1223,3920,61
0.3521261513233185,0.03475513428120063,0.41904761904761906,0.7623954890141941,0.06418672501823487,0.13048635824436536,0.5907215540309065,0.059384883334651646,44,1222,3921,61
0.3521539866924286,0.034782608695652174,0.41904761904761906,0.762589928057554,0.06423357664233577,0.13056379821958458,0.5908187735525865,0.059464548281690184,44,1221,3922,61
0.35226064920425415,0.03481012658227848,0.41904761904761906,0.7627843671009139,0.06428049671292914,0.13064133016627077,0.5909159930742665,0.05954427234782527,44,1220,3923,61
0.3522930443286896,0.03483768804433888,0.41904761904761906,0.7629788061442738,0.06432748538011696,0.13071895424836602,0.5910132125959464,0.05962405565895435,44,1219,3924,61
0.3523317277431488,0.03486529318541997,0.41904761904761906,0.7631732451876336,0.06437454279444038,0.13079667063020214,0.5911104321176264,0.05970389834130508,44,1218,3925,61
0.35233888030052185,0.034892942109436956,0.41904761904761906,0.7633676842309935,0.06442166910688141,0.13087447947650208,0.5912076516393063,0.059783800521436475,44,1217,3926,61
0.352460116147995,0.03492063492063492,0.41904761904761906,0.7635621232743535,0.06446886446886448,0.13095238095238096,0.5913048711609863,0.05986376232624011,44,1216,3927,61
0.35281360149383545,0.03494837172359015,0.41904761904761906,0.7637565623177134,0.06451612903225806,0.13103037522334723,0.5914020906826662,0.05994378388294129,44,1215,3928,61
0.3528618812561035,0.034976152623211444,0.41904761904761906,0.7639510013610733,0.06456346294937637,0.13110846245530394,0.5914993102043462,0.06002386531910027,44,1214,3929,61
0.35289326310157776,0.035003977724741446,0.41904761904761906,0.7641454404044332,0.06461086637298091,0.13118664281454978,0.5915965297260262,0.06010400676261339,44,1213,3930,61
0.35292887687683105,0.03503184713375796,0.41904761904761906,0.7643398794477931,0.06465833945628215,0.13126491646778043,0.5916937492477061,0.060184208341714375,44,1212,3931,61
0.3529406785964966,0.0350597609561753,0.41904761904761906,0.764534318491153,0.06470588235294118,0.13134328358208955,0.5917909687693861,0.06026447018497546,44,1211,3932,61
0.3530037999153137,0.03508771929824561,0.41904761904761906,0.764728757534513,0.06475349521707138,0.13142174432497014,0.591888188291066,0.060344792421308614,44,1210,3933,61
0.35305333137512207,0.035115722266560255,0.41904761904761906,0.7649231965778729,0.06480117820324006,0.1315002988643156,0.591985407812746,0.0604251751799668,44,1209,3934,61
0.35306841135025024,0.03514376996805112,0.41904761904761906,0.7651176356212327,0.06484893146647015,0.13157894736842105,0.5920826273344258,0.060505618590545165,44,1208,3935,61
0.353168249130249,0.035171862509992005,0.41904761904761906,0.7653120746645926,0.06489675516224189,0.13165769000598443,0.5921798468561058,0.06058612278298227,44,1207,3936,61
0.35321691632270813,0.0352,0.41904761904761906,0.7655065137079525,0.06494464944649446,0.1317365269461078,0.5922770663777858,0.06066668788756131,44,1206,3937,61
0.35338646173477173,0.03522818254603683,0.41904761904761906,0.7657009527513124,0.06499261447562776,0.1318154583582984,0.5923742858994657,0.060747314034911425,44,1205,3938,61
0.35341835021972656,0.035256410256410256,0.41904761904761906,0.7658953917946724,0.06504065040650407,0.13189448441247004,0.5924715054211457,0.06082800135600883,44,1204,3939,61
0.35348886251449585,0.03528468323977546,0.41904761904761906,0.7660898308380323,0.0650887573964497,0.13197360527894422,0.5925687249428256,0.06090874998217816,44,1203,3940,61
0.35353580117225647,0.03531300160513644,0.41904761904761906,0.7662842698813922,0.06513693560325684,0.13205282112845138,0.5926659444645056,0.0609895600450937,44,1202,3941,61
0.35360971093177795,0.035341365461847386,0.41904761904761906,0.7664787089247521,0.06518518518518518,0.13213213213213212,0.5927631639861856,0.0610704316767806,44,1201,3942,61
0.35368412733078003,0.03536977491961415,0.41904761904761906,0.766673147968112,0.06523350630096368,0.13221153846153846,0.5928603835078655,0.06115136500961621,44,1200,3943,61
0.3537323772907257,0.035398230088495575,0.41904761904761906,0.766867587011472,0.06528189910979229,0.132291040288635,0.5929576030295455,0.0612323601763313,44,1199,3944,61
0.3540095090866089,0.03542673107890499,0.41904761904761906,0.7670620260548318,0.06533036377134373,0.13237063778580024,0.5930548225512254,0.06131341731001139,44,1198,3945,61
0.3540237247943878,0.0346494762288477,0.4095238095238095,0.7670620260548318,0.0638930163447251,0.12944009632751355,0.5882929177893206,0.05819199071941949,43,1198,3945,62
0.35413211584091187,0.03467741935483871,0.4095238095238095,0.7672564650981917,0.06394052044609666,0.12951807228915663,0.5883901373110005,0.05827228080402314,43,1197,3946,62
0.35427799820899963,0.03470540758676352,0.4095238095238095,0.7674509041415516,0.06398809523809523,0.1295961422543701,0.5884873568326805,0.058352631867158444,43,1196,3947,62
0.3542793393135071,0.034733441033925685,0.4095238095238095,0.7676453431849115,0.06403574087862993,0.12967430639324487,0.5885845763543605,0.05843304404068563,43,1195,3948,62
0.35441139340400696,0.03395311236863379,0.4,0.7676453431849115,0.06259314456035768,0.12673506336753168,0.5838226715924557,0.0553073977477655,42,1195,3948,63
0.35452166199684143,0.03398058252427184,0.4,0.7678397822282714,0.06263982102908278,0.12681159420289856,0.5839198911141357,0.05538703558008732,42,1194,3949,63
0.35456156730651855,0.0340080971659919,0.4,0.7680342212716313,0.0626865671641791,0.1268882175226586,0.5840171106358156,0.055466733520002365,42,1193,3950,63
0.3546207547187805,0.03403565640194489,0.4,0.7682286603149913,0.06273338312173264,0.12696493349455865,0.5841143301574956,0.055546491698104467,42,1192,3951,63
0.3546493649482727,0.0340632603406326,0.4,0.7684230993583512,0.06278026905829596,0.12704174228675136,0.5842115496791755,0.05562631024533827,42,1191,3952,63
0.3546859622001648,0.03409090909090909,0.4,0.7686175384017111,0.06282722513089005,0.1271186440677966,0.5843087692008555,0.05570618929300053,42,1190,3953,63
0.3548717796802521,0.03411860276198213,0.4,0.768811977445071,0.06287425149700598,0.12719563900666264,0.5844059887225355,0.05578612897274135,42,1189,3954,63
0.3552926182746887,0.03414634146341464,0.4,0.7690064164884308,0.06292134831460675,0.12727272727272726,0.5845032082442154,0.0558661294165655,42,1188,3955,63
0.35530543327331543,0.03417412530512612,0.4,0.7692008555317907,0.06296851574212893,0.12734990903577925,0.5846004277658954,0.055946190756833714,42,1187,3956,63
0.3553057909011841,0.03420195439739414,0.4,0.7693952945751507,0.06301575393848462,0.12742718446601942,0.5846976472875753,0.056026313126263966,42,1186,3957,63
0.35531628131866455,0.034229828850855744,0.4,0.7695897336185106,0.06306306306306306,0.12750455373406194,0.5847948668092553,0.05610649665793283,42,1185,3958,63
0.35532164573669434,0.03425774877650897,0.4,0.7697841726618705,0.06311044327573254,0.1275820170109356,0.5848920863309353,0.05618674148527673,42,1184,3959,63
0.35534873604774475,0.03428571428571429,0.4,0.7699786117052304,0.06315789473684211,0.1276595744680851,0.5849893058526152,0.05626704774209327,42,1183,3960,63
0.3554666042327881,0.03431372549019608,0.4,0.7701730507485903,0.06320541760722348,0.12773722627737227,0.5850865253742952,0.056347415562542594,42,1182,3961,63
0.3555646538734436,0.03434178250204415,0.4,0.7703674897919502,0.06325301204819277,0.1278149726110773,0.5851837448959751,0.056427845081148696,42,1181,3962,63
0.3557635247707367,0.03436988543371522,0.4,0.7705619288353102,0.06330067822155237,0.1278928136419001,0.5852809644176551,0.05650833643280075,42,1180,3963,63
0.3557973802089691,0.0343980343980344,0.4,0.7707563678786701,0.06334841628959276,0.12797074954296161,0.585378183939335,0.056588889752754425,42,1179,3964,63
0.3559145927429199,0.03442622950819672,0.4,0.77095080692203,0.06339622641509433,0.12804878048780488,0.585475403461015,0.05666950517663331,42,1178,3965,63
0.3560463786125183,0.034454470877768664,0.4,0.7711452459653898,0.0634441087613293,0.12812690665039658,0.585572622982695,0.05675018284043017,42,1177,3966,63
0.35605883598327637,0.034482758620689655,0.4,0.7713396850087497,0.06349206349206349,0.1282051282051282,0.5856698425043749,0.056830922880508394,42,1176,3967,63
0.35614487528800964,0.03451109285127362,0.4,0.7715341240521096,0.06354009077155824,0.12828344532681735,0.5857670620260549,0.05691172543360331,42,1175,3968,63
0.35617196559906006,0.03453947368421053,0.4,0.7717285630954696,0.0635881907645723,0.12836185819070906,0.5858642815477348,0.05699259063682354,42,1174,3969,63
0.35646820068359375,0.0345679012345679,0.4,0.7719230021388295,0.06363636363636363,0.12844036697247707,0.5859615010694148,0.05707351862765245,42,1173,3970,63
0.35658028721809387,0.03459637561779242,0.4,0.7721174411821894,0.06368460955269144,0.12851897184822522,0.5860587205910948,0.05715450954394946,42,1172,3971,63
0.3566637933254242,0.03462489694971146,0.4,0.7723118802255493,0.0637329286798179,0.12859767299448868,0.5861559401127747,0.057235563523951476,42,1171,3972,63
0.3567122519016266,0.034653465346534656,0.4,0.7725063192689092,0.06378132118451026,0.12867647058823528,0.5862531596344547,0.05731668070627428,42,1170,3973,63
0.3567626178264618,0.03468208092485549,0.4,0.7727007583122691,0.06382978723404255,0.12875536480686695,0.5863503791561346,0.0573978612299139,42,1169,3974,63
0.3568699359893799,0.03471074380165289,0.4,0.7728951973556291,0.06387832699619772,0.12883435582822086,0.5864475986778146,0.05747910523424807,42,1168,3975,63
0.35694822669029236,0.034739454094292806,0.4,0.7730896363989889,0.0639269406392694,0.1289134438305709,0.5865448181994944,0.05756041285903764,42,1167,3976,63
0.35704559087753296,0.0347682119205298,0.4,0.7732840754423488,0.06397562833206398,0.128992628992629,0.5866420377211744,0.05764178424442792,42,1166,3977,63
0.3571869432926178,0.03396851698425849,0.3904761904761905,0.7732840754423488,0.0625,0.12599877074370006,0.5818801329592697,0.05448957070036102,41,1166,3977,64
0.35725492238998413,0.03399668325041459,0.3904761904761905,0.7734785144857087,0.06254767353165523,0.12607626076260764,0.5819773524809496,0.05457012985290414,41,1165,3978,64
0.3574061393737793,0.03402489626556016,0.3904761904761905,0.7736729535290686,0.06259541984732825,0.12615384615384614,0.5820745720026296,0.05465075170413389,41,1164,3979,64
0.3575915992259979,0.0340531561461794,0.3904761904761905,0.7738673925724285,0.06264323911382735,0.12623152709359606,0.5821717915243095,0.05473143639281219,41,1163,3980,64
0.35766348242759705,0.03408146300914381,0.3904761904761905,0.7740618316157885,0.06269113149847094,0.12630930375847196,0.5822690110459895,0.05481218405808393,41,1162,3981,64
0.3577935993671417,0.03410981697171381,0.3904761904761905,0.7742562706591484,0.06273909716908951,0.12638717632552404,0.5823662305676695,0.054892994839478446,41,1161,3982,64
0.35786545276641846,0.03413821815154038,0.3904761904761905,0.7744507097025083,0.06278713629402756,0.12646514497223935,0.5824634500893494,0.05497386887691087,41,1160,3983,64
0.35788261890411377,0.034166666666666665,0.3904761904761905,0.7746451487458682,0.06283524904214559,0.12654320987654322,0.5825606696110294,0.055054806310683664,41,1159,3984,64
0.35820913314819336,0.03419516263552961,0.3904761904761905,0.7748395877892281,0.06288343558282208,0.1266213712168005,0.5826578891327093,0.055135807281487974,41,1158,3985,64
0.3582286238670349,0.034223706176961605,0.3904761904761905,0.7750340268325879,0.06293169608595549,0.12669962917181707,0.5827551086543892,0.055216871930405184,41,1157,3986,64
0.3585219085216522,0.034252297410192145,0.3904761904761905,0.7752284658759478,0.0629800307219662,0.12677798392084105,0.5828523281760691,0.05529800039890829,41,1156,3987,64
0.3585406541824341,0.034280936454849496,0.3904761904761905,0.7754229049193078,0.06302843966179862,0.12685643564356436,0.5829495476977491,0.05537919282886341,41,1155,3988,64
0.3586224615573883,0.03430962343096234,0.3904761904761905,0.7756173439626677,0.06307692307692307,0.12693498452012383,0.583046767219429,0.05546044936253127,41,1154,3989,64
0.3586639165878296,0.03433835845896147,0.3904761904761905,0.7758117830060276,0.06312548113933796,0.12701363073110286,0.583143986741109,0.055541770142568656,41,1153,3990,64
0.35866549611091614,0.03436714165968147,0.3904761904761905,0.7760062220493875,0.06317411402157165,0.12709237445753255,0.583241206262789,0.055623155312029916,41,1152,3991,64
0.3587583899497986,0.034395973154362415,0.3904761904761905,0.7762006610927474,0.06322282189668466,0.1271712158808933,0.5833384257844689,0.05570460501436842,41,1151,3992,64
0.3587985336780548,0.03442485306465155,0.3904761904761905,0.7763951001361074,0.06327160493827161,0.12725015518311608,0.5834356453061489,0.05578611939343813,41,1150,3993,64
0.3589005470275879,0.034453781512605045,0.3904761904761905,0.7765895391794673,0.06332046332046332,0.12732919254658384,0.5835328648278288,0.055867698593495066,41,1149,3994,64
0.35892143845558167,0.034482758620689655,0.3904761904761905,0.7767839782228272,0.0633693972179289,0.127408328154133,0.5836300843495088,0.05594934275919879,41,1148,3995,64
0.3590121567249298,0.034511784511784514,0.3904761904761905,0.7769784172661871,0.0634184068058778,0.12748756218905472,0.5837273038711888,0.05603105203561401,41,1147,3996,64
0.35903626680374146,0.03454085930918281,0.3904761904761905,0.7771728563095469,0.06346749226006192,0.12756689483509645,0.5838245233928687,0.05611282656821202,41,1146,3997,64
0.35920169949531555,0.03456998313659359,0.3904761904761905,0.7773672953529068,0.06351665375677769,0.12764632627646327,0.5839217429145487,0.05619466650287229,41,1145,3998,64
0.35920748114585876,0.03459915611814346,0.3904761904761905,0.7775617343962667,0.06356589147286822,0.1277258566978193,0.5840189624362286,0.05627657198588401,41,1144,3999,64
0.35921722650527954,0.03462837837837838,0.3904761904761905,0.7777561734396267,0.06361520558572537,0.12780548628428928,0.5841161819579086,0.05635854316394761,41,1143,4000,64
0.35930562019348145,0.034657650042265425,0.3904761904761905,0.7779506124829866,0.06366459627329192,0.12788521522145976,0.5842134014795886,0.05644058018417634,41,1142,4001,64
0.35941082239151,0.03468697123519458,0.3904761904761905,0.7781450515263465,0.06371406371406371,0.12796504369538078,0.5843106210012685,0.056522683194097804,41,1141,4002,64
0.3594816029071808,0.03471634208298052,0.3904761904761905,0.7783394905697064,0.06376360808709176,0.12804497189256714,0.5844078405229485,0.0566048523416556,41,1140,4003,64
0.35953137278556824,0.03474576271186441,0.3904761904761905,0.7785339296130663,0.06381322957198443,0.128125,0.5845050600446284,0.05668708777521081,41,1139,4004,64
0.35954999923706055,0.033927056827820185,0.38095238095238093,0.7785339296130663,0.06230529595015576,0.12507817385866166,0.5797431552827237,0.05350884487813902,40,1139,4004,65
0.359602153301239,0.03395585738539898,0.38095238095238093,0.7787283686564263,0.06235385814497272,0.1251564455569462,0.5798403748044036,0.053590230444539456,40,1138,4005,65
0.3596217632293701,0.033984706881903144,0.38095238095238093,0.7789228076997862,0.062402496099843996,0.12523481527864747,0.5799375943260836,0.05367168117425132,40,1137,4006,65
0.3596307039260864,0.034013605442176874,0.38095238095238093,0.779117246743146,0.0624512099921936,0.12531328320802004,0.5800348138477635,0.05375319721412824,40,1136,4007,65
0.3598366379737854,0.03404255319148936,0.38095238095238093,0.7793116857865059,0.0625,0.12539184952978055,0.5801320333694434,0.05383477871143968,40,1135,4008,65
0.3598470091819763,0.034071550255536626,0.38095238095238093,0.7795061248298658,0.06254886630179828,0.12547051442910917,0.5802292528911234,0.05391642581387247,40,1134,4009,65
0.36006391048431396,0.03410059676044331,0.38095238095238093,0.7797005638732257,0.06259780907668232,0.12554927809165098,0.5803264724128033,0.05399813866953248,40,1133,4010,65
0.3600744903087616,0.034129692832764506,0.38095238095238093,0.7798950029165856,0.06264682850430697,0.12562814070351758,0.5804236919344833,0.05407991742694614,40,1132,4011,65
0.36018043756484985,0.034158838599487616,0.38095238095238093,0.7800894419599456,0.06269592476489028,0.1257071024512885,0.5805209114561632,0.054161762235062076,40,1131,4012,65
0.3602421283721924,0.03418803418803419,0.38095238095238093,0.7802838810033055,0.06274509803921569,0.12578616352201258,0.5806181309778432,0.05424367324325276,40,1130,4013,65
0.3603718876838684,0.03421727972626176,0.38095238095238093,0.7804783200466654,0.06279434850863422,0.12586532410320955,0.5807153504995232,0.05432565060131607,40,1129,4014,65
0.36052873730659485,0.03424657534246575,0.38095238095238093,0.7806727590900253,0.06284367635506677,0.12594458438287154,0.5808125700212031,0.05440769445947699,40,1128,4015,65
0.3606207072734833,0.03427592116538132,0.38095238095238093,0.7808671981333852,0.06289308176100629,0.1260239445494644,0.5809097895428831,0.05448980496838919,40,1127,4016,65
0.360623836517334,0.03430531732418525,0.38095238095238093,0.781061637176745,0.06294256490952006,0.12610340479192939,0.5810070090645629,0.0545719822791367,40,1126,4017,65
0.3606444299221039,0.034334763948497854,0.38095238095238093,0.781256076220105,0.06299212598425197,0.12618296529968454,0.5811042285862429,0.05465422654323555,40,1125,4018,65
0.360683798789978,0.03436426116838488,0.38095238095238093,0.7814505152634649,0.06304176516942474,0.12626262626262627,0.5812014481079228,0.05473653791263547,40,1124,4019,65
0.3607361912727356,0.034393809114359415,0.38095238095238093,0.7816449543068248,0.06309148264984227,0.12634238787113075,0.5812986676296028,0.05481891653972148,40,1123,4020,65
0.36076441407203674,0.03442340791738382,0.38095238095238093,0.7818393933501847,0.06314127861089187,0.1264222503160556,0.5813958871512828,0.05490136257731566,40,1122,4021,65
0.3608105182647705,0.034453057708871665,0.38095238095238093,0.7820338323935446,0.0631911532385466,0.1265022137887413,0.5814931066729627,0.05498387617867877,40,1121,4022,65
0.36087465286254883,0.034482758620689655,0.38095238095238093,0.7822282714369045,0.06324110671936758,0.12658227848101267,0.5815903261946427,0.055066457497511954,40,1120,4023,65
0.36093980073928833,0.03451251078515962,0.38095238095238093,0.7824227104802645,0.06329113924050633,0.1266624445851805,0.5816875457163226,0.05514910668795848,40,1119,4024,65
0.36096206307411194,0.03454231433506045,0.38095238095238093,0.7826171495236244,0.06334125098970704,0.1267427122940431,0.5817847652380026,0.055231823904605376,40,1118,4025,65
0.3612445294857025,0.033707865168539325,0.37142857142857144,0.7826171495236244,0.061806656101426306,0.12365250475586556,0.5770228604760979,0.05203207331990545,39,1118,4025,66
0.36130478978157043,0.03373702422145329,0.37142857142857144,0.7828115885669843,0.061855670103092786,0.12373096446700507,0.5771200799977778,0.05211390886926007,39,1117,4026,66
0.3613322675228119,0.033766233766233764,0.37142857142857144,0.7830060276103441,0.06190476190476191,0.12380952380952381,0.5772172995194578,0.052195811268405716,39,1116,4027,66
0.3616641163825989,0.033795493934142114,0.37142857142857144,0.783200466653704,0.061953931691818905,0.12388818297331639,0.5773145190411377,0.05227778067030578,39,1115,4028,66
0.36168625950813293,0.033824804856895055,0.37142857142857144,0.7833949056970639,0.06200317965023847,0.12396694214876033,0.5774117385628177,0.0523598172283655,39,1114,4029,66
0.3617689311504364,0.033854166666666664,0.37142857142857144,0.7835893447404239,0.06205250596658711,0.12404580152671756,0.5775089580844976,0.05244192109643376,39,1113,4030,66
0.3618667423725128,0.03388357949609035,0.37142857142857144,0.7837837837837838,0.06210191082802548,0.12412476129853596,0.5776061776061776,0.05252409242880475,39,1112,4031,66
0.3619205355644226,0.03391304347826087,0.37142857142857144,0.7839782228271437,0.062151394422310755,0.12420382165605096,0.5777033971278576,0.05260633138021971,39,1111,4032,66
0.36195406317710876,0.033942558746736295,0.37142857142857144,0.7841726618705036,0.06220095693779904,0.124282982791587,0.5778006166495375,0.05268863810586871,39,1110,4033,66
0.36195480823516846,0.03397212543554007,0.37142857142857144,0.7843671009138635,0.06225059856344772,0.12436224489795919,0.5778978361712175,0.05277101276139236,39,1109,4034,66
0.36196523904800415,0.03400174367916303,0.37142857142857144,0.7845615399572234,0.06230031948881789,0.1244416081684748,0.5779950556928974,0.052853455502883576,39,1108,4035,66
0.36214137077331543,0.034031413612565446,0.37142857142857144,0.7847559790005834,0.06235011990407674,0.12452107279693486,0.5780922752145774,0.05293596648688935,39,1107,4036,66
0.3621808588504791,0.03406113537117904,0.37142857142857144,0.7849504180439433,0.0624,0.12460063897763578,0.5781894947362574,0.05301854587041253,39,1106,4037,66
0.362350732088089,0.03409090909090909,0.37142857142857144,0.7851448570873031,0.06244995996797438,0.12468030690537084,0.5782867142579373,0.05310119381091357,39,1105,4038,66
0.3623533844947815,0.033245844269466314,0.3619047619047619,0.7851448570873031,0.060897435897435896,0.12156110044785669,0.5735248094960325,0.049886969136862865,38,1105,4038,67
0.36260029673576355,0.03327495621716287,0.3619047619047619,0.785339296130663,0.06094627105052125,0.12163892445582586,0.5736220290177124,0.049968713165636,38,1104,4039,67
0.3626638948917389,0.033304119193689745,0.3619047619047619,0.7855337351740229,0.060995184590690206,0.12171684817424727,0.5737192485393924,0.05005052453487814,38,1103,4040,67
0.3627002239227295,0.03333333333333333,0.3619047619047619,0.7857281742173828,0.06104417670682731,0.12179487179487179,0.5738164680610723,0.05013240340033022,38,1102,4041,67
0.36283403635025024,0.033362598770851626,0.3619047619047619,0.7859226132607428,0.06109324758842444,0.12187299550994227,0.5739136875827523,0.05021434991818871,38,1101,4042,67
0.3630701005458832,0.033391915641476276,0.3619047619047619,0.7861170523041027,0.061142397425583264,0.12195121951219512,0.5740109071044323,0.05029636424510735,38,1100,4043,67
0.3630825877189636,0.03342128408091469,0.3619047619047619,0.7863114913474626,0.061191626409017714,0.12202954399486192,0.5741081266261122,0.05037844653819896,38,1099,4044,67
0.36318546533584595,0.03345070422535211,0.3619047619047619,0.7865059303908225,0.06124093473005641,0.12210796915167095,0.5742053461477922,0.05046059695503727,38,1098,4045,67
0.36322614550590515,0.033480176211453744,0.3619047619047619,0.7867003694341824,0.06129032258064516,0.12218649517684887,0.5743025656694721,0.05054281565365869,38,1097,4046,67
0.36335018277168274,0.03350970017636684,0.3619047619047619,0.7868948084775423,0.06133979015334948,0.12226512226512226,0.5743997851911521,0.0506251027925642,38,1096,4047,67
0.3635697066783905,0.03353927625772286,0.3619047619047619,0.7870892475209021,0.061389337641357025,0.12234385061171925,0.574497004712832,0.050707458530721124,38,1095,4048,67
0.363576740026474,0.03356890459363958,0.3619047619047619,0.7872836865642621,0.06143896523848019,0.12242268041237113,0.574594224234512,0.05078988302756499,38,1094,4049,67
0.36362946033477783,0.033628318584070796,0.3619047619047619,0.7876725646509819,0.06153846153846154,0.12258064516129032,0.5747886632778719,0.05095493893740787,38,1092,4051,67
0.36365169286727905,0.03365810451727192,0.3619047619047619,0.7878670036943418,0.06158833063209076,0.12265978050355068,0.5748858827995519,0.051037570671635696,38,1091,4052,67
0.36371910572052,0.03368794326241135,0.3619047619047619,0.7880614427377017,0.06163828061638281,0.1227390180878553,0.5749831023212318,0.05112027180701184,38,1090,4053,67
0.36378446221351624,0.03371783496007098,0.3619047619047619,0.7882558817810617,0.06168831168831169,0.12281835811247575,0.5750803218429118,0.05120304250534082,38,1089,4054,67
0.36383724212646484,0.03374777975133215,0.3619047619047619,0.7884503208244216,0.06173842404549147,0.12289780077619664,0.5751775413645918,0.0512858829289066,38,1088,4055,67
0.3639254868030548,0.033777777777777775,0.3619047619047619,0.7886447598677815,0.061788617886178863,0.12297734627831715,0.5752747608862717,0.0513687932404745,38,1087,4056,67
0.3639581501483917,0.033807829181494664,0.3619047619047619,0.7888391989111414,0.061838893409275834,0.12305699481865284,0.5753719804079517,0.051451773603293095,38,1086,4057,67
0.36399340629577637,0.03383793410507569,0.3619047619047619,0.7890336379545012,0.06188925081433225,0.12313674659753726,0.5754691999296315,0.05153482418109615,38,1085,4058,67
0.36411210894584656,0.0338680926916221,0.3619047619047619,0.7892280769978611,0.06193969030154849,0.12321660181582361,0.5755664194513115,0.05161794513810459,38,1084,4059,67
0.36436766386032104,0.03389830508474576,0.3619047619047619,0.789422516041221,0.06199021207177814,0.12329656067488644,0.5756636389729914,0.051701136639028346,38,1083,4060,67
0.3644176125526428,0.033928571428571426,0.3619047619047619,0.789616955084581,0.062040816326530614,0.12337662337662338,0.5757608584946714,0.051784398849068415,38,1082,4061,67
0.3644199073314667,0.03395889186773905,0.3619047619047619,0.7898113941279409,0.06209150326797386,0.12345679012345678,0.5758580780163514,0.051867731933918734,38,1081,4062,67
0.36457714438438416,0.03398926654740608,0.3619047619047619,0.7900058331713008,0.06214227309893704,0.1235370611183355,0.5759552975380313,0.05195113605976823,38,1080,4063,67
0.36458930373191833,0.03401969561324977,0.3619047619047619,0.7902002722146607,0.062193126022913256,0.1236174365647365,0.5760525170597113,0.05203461139330272,38,1079,4064,67
0.3646702170372009,0.034050179211469536,0.3619047619047619,0.7903947112580206,0.062244062244062245,0.12369791666666667,0.5761497365813912,0.05211815810170696,38,1078,4065,67
0.3647400438785553,0.034080717488789235,0.3619047619047619,0.7905891503013805,0.06229508196721312,0.1237785016286645,0.5762469561030712,0.05220177635266662,38,1077,4066,67
0.3647550046443939,0.03411131059245961,0.3619047619047619,0.7907835893447405,0.062346185397867106,0.12385919165580182,0.5763441756247512,0.05228546631437031,38,1076,4067,67
0.36486974358558655,0.034141958670260555,0.3619047619047619,0.7909780283881004,0.06239737274220033,0.12393998695368558,0.5764413951464311,0.052369228155511566,38,1075,4068,67
0.36489957571029663,0.0341726618705036,0.3619047619047619,0.7911724674314602,0.062448644207066556,0.12402088772845953,0.5765386146681111,0.05245306204529091,38,1074,4069,67
0.365132600069046,0.034203420342034205,0.3619047619047619,0.7913669064748201,0.0625,0.124101894186806,0.576635834189791,0.052536968153417886,38,1073,4070,67
0.36525872349739075,0.03423423423423423,0.3619047619047619,0.79156134551818,0.06255144032921811,0.12418300653594772,0.576733053711471,0.052620946650113104,38,1072,4071,67
0.36532828211784363,0.034265103697024346,0.3619047619047619,0.7917557845615399,0.06260296540362438,0.12426422498364945,0.576830273233151,0.05270499770611027,38,1071,4072,67
0.36535727977752686,0.03429602888086643,0.3619047619047619,0.7919502236048999,0.06265457543281121,0.1243455497382199,0.5769274927548309,0.05278912149265832,38,1070,4073,67
0.36543816328048706,0.03432700993676603,0.3619047619047619,0.7921446626482598,0.0627062706270627,0.12442698100851342,0.5770247122765109,0.05287331818152345,38,1069,4074,67
0.3654767572879791,0.034358047016274866,0.3619047619047619,0.7923391016916197,0.06275805119735756,0.12450851900393185,0.5771219317981908,0.052957587944991204,38,1068,4075,67
0.36550867557525635,0.034389140271493215,0.3619047619047619,0.7925335407349796,0.0628099173553719,0.12459016393442623,0.5772191513198708,0.0530419309558686,38,1067,4076,67
0.36556023359298706,0.034420289855072464,0.3619047619047619,0.7927279797783395,0.06286186931348221,0.12467191601049869,0.5773163708415507,0.05312634738748623,38,1066,4077,67
0.3659737706184387,0.03445149592021759,0.3619047619047619,0.7929224188216994,0.06291390728476821,0.1247537754432042,0.5774135903632307,0.05321083741370037,38,1065,4078,67
0.36653193831443787,0.034482758620689655,0.3619047619047619,0.7931168578650593,0.06296603148301574,0.12483574244415244,0.5775108098849105,0.053295401208895136,38,1064,4079,67
0.3666843771934509,0.03451407811080836,0.3619047619047619,0.7933112969084192,0.06301824212271974,0.12491781722550953,0.5776080294065905,0.0533800389479846,38,1063,4080,67
0.3667057752609253,0.034545454545454546,0.3619047619047619,0.7935057359517791,0.06307053941908713,0.125,0.5777052489282705,0.05346475080641493,38,1062,4081,67
0.36678770184516907,0.034576888080072796,0.3619047619047619,0.793700174995139,0.06312292358803986,0.1250822909809085,0.5778024684499504,0.05354953696016663,38,1061,4082,67
0.3668227195739746,0.03460837887067395,0.3619047619047619,0.7938946140384989,0.06317539484621779,0.1251646903820817,0.5778996879716304,0.0536343975857566,38,1060,4083,67
0.36696183681488037,0.03463992707383774,0.3619047619047619,0.7940890530818588,0.0632279534109817,0.12524719841793014,0.5779969074933103,0.053719332860240436,38,1059,4084,67
0.36702704429626465,0.03467153284671533,0.3619047619047619,0.7942834921252188,0.06328059950041633,0.12532981530343007,0.5780941270149903,0.0538043429612145,38,1058,4085,67
0.36711397767066956,0.034703196347031964,0.3619047619047619,0.7944779311685787,0.06333333333333334,0.1254125412541254,0.5781913465366703,0.05388942806681826,38,1057,4086,67
0.3671809136867523,0.03473491773308958,0.3619047619047619,0.7946723702119386,0.0633861551292744,0.12549537648612946,0.5782885660583502,0.053974588355736416,38,1056,4087,67
0.36719587445259094,0.03476669716376944,0.3619047619047619,0.7948668092552985,0.06343906510851419,0.1255783212161269,0.5783857855800302,0.054059824007201156,38,1055,4088,67
0.36724311113357544,0.0347985347985348,0.3619047619047619,0.7950612482986583,0.06349206349206349,0.12566137566137567,0.5784830051017101,0.054145135200994364,38,1054,4089,67
0.36728137731552124,0.034830430797433545,0.3619047619047619,0.7952556873420182,0.06354515050167224,0.1257445400397088,0.5785802246233901,0.05423052211744996,38,1053,4090,67
0.3673326373100281,0.03486238532110092,0.3619047619047619,0.7954501263853782,0.06359832635983263,0.12582781456953643,0.57867744414507,0.05431598493745607,38,1052,4091,67
0.36737701296806335,0.03489439853076217,0.3619047619047619,0.7956445654287381,0.06365159128978225,0.12591119946984758,0.57877466366675,0.05440152384245731,38,1051,4092,67
0.36740586161613464,0.034926470588235295,0.3619047619047619,0.795839004472098,0.06370494551550712,0.1259946949602122,0.57887188318843,0.054487139014457134,38,1050,4093,67
0.36743855476379395,0.034958601655933765,0.3619047619047619,0.7960334435154579,0.06375838926174497,0.126078301260783,0.5789691027101099,0.054572830636020066,38,1049,4094,67
0.3674624562263489,0.034990791896869246,0.3619047619047619,0.7962278825588178,0.06381192275398824,0.12616201859229748,0.5790663222317899,0.05465859889027402,38,1048,4095,67
0.36766156554222107,0.035023041474654376,0.3619047619047619,0.7964223216021777,0.06386554621848739,0.12624584717607973,0.5791635417534698,0.054744443960912645,38,1047,4096,67
0.3676970899105072,0.03505535055350553,0.3619047619047619,0.7966167606455377,0.063919259882254,0.12632978723404256,0.5792607612751498,0.054830366032197646,38,1046,4097,67
0.36774760484695435,0.03508771929824561,0.3619047619047619,0.7968111996888976,0.06397306397306397,0.1264138389886893,0.5793579807968298,0.05491636528896109,38,1045,4098,67
0.3678019046783447,0.03512014787430684,0.3619047619047619,0.7970056387322574,0.06402695871946082,0.12649800266311584,0.5794552003185096,0.05500244191660781,38,1044,4099,67
0.3678480386734009,0.03515263644773358,0.3619047619047619,0.7972000777756173,0.06408094435075885,0.12658227848101267,0.5795524198401896,0.05508859610111776,38,1043,4100,67
0.36792758107185364,0.03518518518518519,0.3619047619047619,0.7973945168189772,0.06413502109704641,0.12666666666666668,0.5796496393618695,0.05517482802904835,38,1042,4101,67
0.3679952025413513,0.03521779425393883,0.3619047619047619,0.7975889558623371,0.06418918918918919,0.12675116744496331,0.5797468588835495,0.05526113788753689,38,1041,4102,67
0.3681102395057678,0.03525046382189239,0.3619047619047619,0.797783394905697,0.06424344885883347,0.1268357810413885,0.5798440784052294,0.05534752586430299,38,1040,4103,67
0.3683422803878784,0.035283194057567316,0.3619047619047619,0.797977833949057,0.06429780033840947,0.12692050768203073,0.5799412979269094,0.05543399214765092,38,1039,4104,67
0.36834922432899475,0.03531598513011153,0.3619047619047619,0.7981722729924169,0.06435224386113463,0.1270053475935829,0.5800385174485894,0.05552053692647209,38,1038,4105,67
0.3684203326702118,0.035348837209302326,0.3619047619047619,0.7983667120357768,0.06440677966101695,0.12709030100334448,0.5801357369702693,0.05560716039024747,38,1037,4106,67
0.36845889687538147,0.035381750465549346,0.3619047619047619,0.7985611510791367,0.06446140797285835,0.12717536813922356,0.5802329564919493,0.05569386272905004,38,1036,4107,67
0.36862120032310486,0.035414725069897485,0.3619047619047619,0.7987555901224966,0.06451612903225806,0.12726054922973878,0.5803301760136292,0.055780644133547254,38,1035,4108,67
0.3687065839767456,0.03544776119402985,0.3619047619047619,0.7989500291658566,0.06457094307561598,0.12734584450402145,0.5804273955353092,0.05586750479500351,38,1034,4109,67
0.36875778436660767,0.035480859010270774,0.3619047619047619,0.7991444682092164,0.06462585034013606,0.12743125419181758,0.5805246150569892,0.055954444905282674,38,1033,4110,67
0.368804395198822,0.03551401869158879,0.3619047619047619,0.7993389072525763,0.06468085106382979,0.12751677852348994,0.5806218345786691,0.05604146465685051,38,1032,4111,67
0.36880719661712646,0.03554724041159962,0.3619047619047619,0.7995333462959362,0.06473594548551959,0.12760241773002015,0.5807190541003491,0.05612856424277727,38,1031,4112,67
0.3689345419406891,0.035580524344569285,0.3619047619047619,0.7997277853392961,0.06479113384484228,0.12768817204301075,0.580816273622029,0.05621574385674017,38,1030,4113,67
0.3689456284046173,0.03561387066541706,0.3619047619047619,0.799922224382656,0.06484641638225255,0.12777404169468728,0.580913493143709,0.05630300369302596,38,1029,4114,67
0.36895155906677246,0.03564727954971857,0.3619047619047619,0.800116663426016,0.06490179333902647,0.1278600269179004,0.581010712665389,0.05639034394653346,38,1028,4115,67
0.3691841661930084,0.03568075117370892,0.3619047619047619,0.8003111024693759,0.06495726495726496,0.12794612794612795,0.5811079321870689,0.056477764812776124,38,1027,4116,67
0.3692510724067688,0.03571428571428571,0.3619047619047619,0.8005055415127358,0.06501283147989735,0.1280323450134771,0.5812051517087489,0.05656526648788462,38,1026,4117,67
0.3695012927055359,0.03574788334901223,0.3619047619047619,0.8006999805560957,0.06506849315068493,0.12811867835468643,0.5813023712304288,0.056652849168609444,38,1025,4118,67
0.36971554160118103,0.035781544256120526,0.3619047619047619,0.8008944195994556,0.06512425021422451,0.1282051282051282,0.5813995907521088,0.05674051305232349,38,1024,4119,67
0.3697201907634735,0.03581526861451461,0.3619047619047619,0.8010888586428154,0.06518010291595197,0.12829169480081026,0.5814968102737886,0.05682825833702471,38,1023,4120,67
0.3698744773864746,0.035849056603773584,0.3619047619047619,0.8012832976861753,0.06523605150214593,0.12837837837837837,0.5815940297954686,0.056916085221338696,38,1022,4121,67
0.3703615069389343,0.03588290840415486,0.3619047619047619,0.8014777367295353,0.06529209621993128,0.12846517917511832,0.5816912493171486,0.05700399390452138,38,1021,4122,67
0.3706590235233307,0.035916824196597356,0.3619047619047619,0.8016721757728952,0.06534823731728288,0.12855209742895804,0.5817884688388285,0.05709198458646163,38,1020,4123,67
0.37068530917167664,0.03595080416272469,0.3619047619047619,0.8018666148162551,0.06540447504302926,0.12863913337846988,0.5818856883605085,0.05718005746768399,38,1019,4124,67
0.37078845500946045,0.03598484848484849,0.3619047619047619,0.802061053859615,0.06546080964685616,0.12872628726287264,0.5819829078821884,0.05726821274935133,38,1018,4125,67
0.3708288371562958,0.03601895734597156,0.3619047619047619,0.8022554929029749,0.06551724137931035,0.1288135593220339,0.5820801274038684,0.05735645063326754,38,1017,4126,67
0.3709065914154053,0.036053130929791274,0.3619047619047619,0.8024499319463348,0.06557377049180328,0.12890094979647218,0.5821773469255483,0.05744477132188027,38,1016,4127,67
0.37135735154151917,0.03608736942070275,0.3619047619047619,0.8026443709896948,0.06563039723661486,0.12898845892735913,0.5822745664472283,0.057533175018283644,38,1015,4128,67
0.3713603913784027,0.03612167300380228,0.3619047619047619,0.8028388100330547,0.06568712186689715,0.12907608695652173,0.5823717859689083,0.05762166192622101,38,1014,4129,67
0.37140414118766785,0.03615604186489058,0.3619047619047619,0.8030332490764145,0.0657439446366782,0.12916383412644458,0.5824690054905882,0.057710232250087666,38,1013,4130,67
0.37140506505966187,0.03619047619047619,0.3619047619047619,0.8032276881197744,0.0658008658008658,0.1292517006802721,0.5825662250122682,0.05779888619493369,38,1012,4131,67
0.3714173138141632,0.03622497616777884,0.3619047619047619,0.8034221271631343,0.0658578856152513,0.12933968686181074,0.5826634445339481,0.05788762396646668,38,1011,4132,67
0.37146347761154175,0.03625954198473282,0.3619047619047619,0.8036165662064942,0.06591500433651344,0.12942779291553133,0.5827606640556281,0.057976445771054555,38,1010,4133,67
0.37153691053390503,0.03629417382999045,0.3619047619047619,0.8038110052498542,0.06597222222222222,0.12951601908657123,0.5828578835773081,0.0580653518157284,38,1009,4134,67
0.3715548813343048,0.036328871892925434,0.3619047619047619,0.8040054442932141,0.06602953953084274,0.1296043656207367,0.582955103098988,0.05815434230818529,38,1008,4135,67
0.37171146273612976,0.03636363636363636,0.3619047619047619,0.804199883336574,0.06608695652173913,0.1296928327645051,0.583052322620668,0.05824341745679107,38,1007,4136,67
0.37176787853240967,0.03639846743295019,0.3619047619047619,0.8043943223799339,0.06614447345517842,0.12978142076502733,0.5831495421423479,0.058332577470583326,38,1006,4137,67
0.37194955348968506,0.0364333652924257,0.3619047619047619,0.8045887614232938,0.06620209059233449,0.12987012987012986,0.5832467616640279,0.05842182255927415,38,1005,4138,67
0.37201032042503357,0.036468330134357005,0.3619047619047619,0.8047832004666537,0.06625980819529206,0.12995896032831739,0.5833439811857078,0.058511152933253124,38,1004,4139,67
0.3721059560775757,0.03650336215177714,0.3619047619047619,0.8049776395100137,0.06631762652705062,0.1300479123887748,0.5834412007073878,0.05860056880359014,38,1003,4140,67
0.37218162417411804,0.03653846153846154,0.3619047619047619,0.8051720785533735,0.06637554585152838,0.13013698630136986,0.5835384202290677,0.05869007038203836,38,1002,4141,67
0.37236377596855164,0.03657362848893166,0.3619047619047619,0.8053665175967334,0.06643356643356643,0.13022618231665525,0.5836356397507476,0.05877965788103719,38,1001,4142,67
0.37263238430023193,0.036608863198458574,0.3619047619047619,0.8055609566400933,0.06649168853893263,0.13031550068587106,0.5837328592724276,0.05886933151371512,38,1000,4143,67
0.37284496426582336,0.03664416586306654,0.3619047619047619,0.8057553956834532,0.06654991243432574,0.13040494166094715,0.5838300787941075,0.05895909149389283,38,999,4144,67
0.3728659749031067,0.03667953667953668,0.3619047619047619,0.8059498347268131,0.06660823838737949,0.1304945054945055,0.5839272983157875,0.05904893803608604,38,998,4145,67
0.3728857934474945,0.03671497584541063,0.3619047619047619,0.8061442737701731,0.06666666666666667,0.13058419243986255,0.5840245178374674,0.0591388713555086,38,997,4146,67
0.372937947511673,0.0367504835589942,0.3619047619047619,0.806338712813533,0.06672519754170325,0.13067400275103164,0.5841217373591474,0.059228891668075455,38,996,4147,67
0.37310168147087097,0.036786060019361085,0.3619047619047619,0.8065331518568929,0.06678383128295255,0.1307639366827254,0.5842189568808274,0.059318999190405695,38,995,4148,67
0.3731071949005127,0.03682170542635659,0.3619047619047619,0.8067275909002528,0.06684256816182937,0.13085399449035812,0.5843161764025073,0.05940919413982558,38,994,4149,67
0.3732605278491974,0.03685741998060136,0.3619047619047619,0.8069220299436127,0.06690140845070422,0.13094417643004824,0.5844133959241873,0.05949947673437163,38,993,4150,67
0.3733161687850952,0.036893203883495145,0.3619047619047619,0.8071164689869725,0.06696035242290749,0.1310344827586207,0.5845106154458672,0.05958984719279366,38,992,4151,67
0.3733789622783661,0.0369290573372206,0.3619047619047619,0.8073109080303325,0.06701940035273368,0.13112491373360938,0.5846078349675472,0.05968030573455791,38,991,4152,67
0.3734431266784668,0.03696498054474708,0.3619047619047619,0.8075053470736924,0.06707855251544571,0.13121546961325967,0.5847050544892272,0.05977085257985015,38,990,4153,67
0.3734707832336426,0.03700097370983447,0.3619047619047619,0.8076997861170523,0.06713780918727916,0.13130615065653076,0.5848022740109071,0.05986148794957878,38,989,4154,67
0.37351956963539124,0.037037037037037035,0.3619047619047619,0.8078942251604122,0.0671971706454465,0.1313969571230982,0.5848994935325871,0.059952212065378,38,988,4155,67
0.3736506998538971,0.037073170731707315,0.3619047619047619,0.8080886642037721,0.06725663716814159,0.1314878892733564,0.584996713054267,0.060043025149610955,38,987,4156,67
0.3737157881259918,0.037109375,0.3619047619047619,0.808283103247132,0.06731620903454384,0.13157894736842105,0.585093932575947,0.06013392742537293,38,986,4157,67
0.37387555837631226,0.03714565004887586,0.3619047619047619,0.808477542290492,0.0673758865248227,0.13167013167013167,0.585191152097627,0.0602249191164945,38,985,4158,67
0.37408921122550964,0.03718199608610567,0.3619047619047619,0.8086719813338519,0.06743566992014197,0.1317614424410541,0.5852883716193069,0.06031600044754481,38,984,4159,67
0.374200701713562,0.03721841332027424,0.3619047619047619,0.8088664203772118,0.0674955595026643,0.131852879944483,0.5853855911409869,0.0604071716438347,38,983,4160,67
0.37456098198890686,0.03725490196078431,0.3619047619047619,0.8090608594205716,0.06755555555555555,0.13194444444444445,0.5854828106626667,0.06049843293142008,38,982,4161,67
0.3747294545173645,0.03729146221786065,0.3619047619047619,0.8092552984639315,0.06761565836298933,0.1320361362056984,0.5855800301843467,0.060589784537105076,38,981,4162,67
0.37476715445518494,0.03732809430255403,0.3619047619047619,0.8094497375072914,0.06767586821015138,0.13212795549374132,0.5856772497060266,0.060681226688445354,38,980,4163,67
0.37480518221855164,0.03736479842674533,0.3619047619047619,0.8096441765506514,0.0677361853832442,0.13221990257480862,0.5857744692277066,0.060772759613751455,38,979,4164,67
0.3750220239162445,0.03740157480314961,0.3619047619047619,0.8098386155940113,0.06779661016949153,0.13231197771587744,0.5858716887493866,0.06086438354209203,38,978,4165,67
0.37517687678337097,0.0374384236453202,0.3619047619047619,0.8100330546373712,0.06785714285714285,0.13240418118466898,0.5859689082710665,0.06095609870329725,38,977,4166,67
0.3751799166202545,0.03747534516765286,0.3619047619047619,0.8102274936807311,0.0679177837354781,0.13249651324965134,0.5860661277927465,0.061047905327962095,38,976,4167,67
0.375183641910553,0.03751233958538993,0.3619047619047619,0.810421932724091,0.06797853309481217,0.13258897418004187,0.5861633473144264,0.06113980364744976,38,975,4168,67
0.37522390484809875,0.037549407114624504,0.3619047619047619,0.8106163717674509,0.06803939122649955,0.13268156424581007,0.5862605668361064,0.06123179389389503,38,974,4169,67
0.3754338324069977,0.03758654797230465,0.3619047619047619,0.8108108108108109,0.06810035842293907,0.13277428371767994,0.5863577863577863,0.06132387630020768,38,973,4170,67
0.37561458349227905,0.03762376237623762,0.3619047619047619,0.8110052498541707,0.06816143497757847,0.13286713286713286,0.5864550058794663,0.061416051100075905,38,972,4171,67
0.3757091164588928,0.03766105054509415,0.3619047619047619,0.8111996888975306,0.06822262118491922,0.13296011196641008,0.5865522254011463,0.06150831852796977,38,971,4172,67
0.37575462460517883,0.037698412698412696,0.3619047619047619,0.8113941279408905,0.06828391734052111,0.1330532212885154,0.5866494449228262,0.06160067881914463,38,970,4173,67
0.3758864402770996,0.03773584905660377,0.3619047619047619,0.8115885669842504,0.0683453237410072,0.13314646110721795,0.5867466644445062,0.061693132209644674,38,969,4174,67
0.3760656714439392,0.03777335984095427,0.3619047619047619,0.8117830060276103,0.06840684068406841,0.1332398316970547,0.5868438839661861,0.06178567893630635,38,968,4175,67
0.376144140958786,0.03781094527363184,0.3619047619047619,0.8119774450709702,0.06846846846846846,0.13333333333333333,0.5869411034878661,0.06187831923676196,38,967,4176,67
0.3761777877807617,0.037848605577689244,0.3619047619047619,0.8121718841143302,0.06853020739404869,0.13342696629213482,0.5870383230095461,0.0619710533494431,38,966,4177,67
0.37649470567703247,0.03788634097706879,0.3619047619047619,0.8123663231576901,0.06859205776173286,0.13352073085031624,0.587135542531226,0.06206388151358433,38,965,4178,67
0.37650978565216064,0.03792415169660679,0.3619047619047619,0.81256076220105,0.06865401987353206,0.13361462728551335,0.587232762052906,0.06215680396922663,38,964,4179,67
0.3767135441303253,0.03796203796203796,0.3619047619047619,0.8127552012444099,0.06871609403254973,0.13370865587614356,0.5873299815745859,0.0622498209572211,38,963,4180,67
0.3767207860946655,0.038,0.3619047619047619,0.8129496402877698,0.06877828054298643,0.13380281690140844,0.5874272010962659,0.06234293271923248,38,962,4181,67
0.3768344521522522,0.03803803803803804,0.3619047619047619,0.8131440793311296,0.06884057971014493,0.1338971106412967,0.5875244206179457,0.062436139497742876,38,961,4182,67
0.3768520653247833,0.03807615230460922,0.3619047619047619,0.8133385183744896,0.06890299184043518,0.13399153737658676,0.5876216401396257,0.06252944153605532,38,960,4183,67
0.37688714265823364,0.03811434302908726,0.3619047619047619,0.8135329574178495,0.06896551724137931,0.1340860973888497,0.5877188596613057,0.0626228390782975,38,959,4184,67
0.37694472074508667,0.03815261044176707,0.3619047619047619,0.8137273964612094,0.06902815622161672,0.134180790960452,0.5878160791829856,0.06271633236942545,38,958,4185,67
0.3770599365234375,0.03819095477386935,0.3619047619047619,0.8139218355045693,0.06909090909090909,0.13427561837455831,0.5879132987046656,0.06280992165522727,38,957,4186,67
0.37723609805107117,0.03822937625754527,0.3619047619047619,0.8141162745479292,0.06915377616014559,0.13437057991513437,0.5880105182263455,0.06290360718232678,38,956,4187,67
0.3772747814655304,0.038267875125881166,0.3619047619047619,0.8143107135912891,0.0692167577413479,0.13446567586694974,0.5881077377480255,0.06299738919818741,38,955,4188,67
0.3773075044155121,0.038306451612903226,0.3619047619047619,0.8145051526346491,0.06927985414767548,0.13456090651558072,0.5882049572697055,0.06309126795111586,38,954,4189,67
0.3775169551372528,0.03834510595358224,0.3619047619047619,0.814699591678009,0.06934306569343066,0.1346562721474132,0.5883021767913854,0.06318524369026594,38,953,4190,67
0.3775423765182495,0.03838383838383838,0.3619047619047619,0.8148940307213689,0.06940639269406393,0.1347517730496454,0.5883993963130654,0.0632793166656424,38,952,4191,67
0.37758004665374756,0.03842264914054601,0.3619047619047619,0.8150884697647287,0.06946983546617916,0.13484740951029098,0.5884966158347453,0.06337348712810476,38,951,4192,67
0.37763863801956177,0.038461538461538464,0.3619047619047619,0.8152829088080886,0.06953339432753888,0.13494318181818182,0.5885938353564253,0.0634677553293711,38,950,4193,67
0.37794163823127747,0.03850050658561297,0.3619047619047619,0.8154773478514485,0.0695970695970696,0.13503909026297087,0.5886910548781052,0.06356212152202208,38,949,4194,67
0.37798693776130676,0.038539553752535496,0.3619047619047619,0.8156717868948085,0.06966086159486709,0.13513513513513514,0.5887882743997852,0.0636565859595047,38,948,4195,67
0.3780413269996643,0.03857868020304569,0.3619047619047619,0.8158662259381684,0.06972477064220184,0.13523131672597866,0.5888854939214652,0.06375114889613631,38,947,4196,67
0.3780660331249237,0.03861788617886179,0.3619047619047619,0.8160606649815283,0.06978879706152434,0.13532763532763534,0.5889827134431451,0.06384581058710853,38,946,4197,67
0.3781282901763916,0.038657171922685654,0.3619047619047619,0.8162551040248882,0.06985294117647059,0.13542409123307197,0.5890799329648251,0.0639405712884912,38,945,4198,67
0.3781336545944214,0.038696537678207736,0.3619047619047619,0.8164495430682481,0.06991720331186753,0.1355206847360913,0.589177152486505,0.06403543125723642,38,944,4199,67
0.3782113194465637,0.03873598369011213,0.3619047619047619,0.816643982111608,0.06998158379373849,0.13561741613133477,0.589274372008185,0.06413039075118246,38,943,4200,67
0.3782504200935364,0.03877551020408163,0.3619047619047619,0.816838421154968,0.07004608294930875,0.1357142857142857,0.589371591529865,0.06422545002905793,38,942,4201,67
0.3782762885093689,0.03881511746680286,0.3619047619047619,0.8170328601983278,0.07011070110701106,0.13581129378127232,0.5894688110515448,0.06432060935048571,38,941,4202,67
0.378347247838974,0.03885480572597137,0.3619047619047619,0.8172272992416877,0.07017543859649122,0.13590844062947066,0.5895660305732248,0.0644158689759871,38,940,4203,67
0.37839600443840027,0.038894575230296824,0.3619047619047619,0.8174217382850476,0.07024029574861368,0.13600572655690765,0.5896632500949047,0.06451122916698593,38,939,4204,67
0.3785315155982971,0.0389344262295082,0.3619047619047619,0.8176161773284075,0.07030527289546716,0.1361031518624642,0.5897604696165847,0.06460669018581258,38,938,4205,67
0.378544420003891,0.038974358974358976,0.3619047619047619,0.8178106163717674,0.07037037037037037,0.13620071684587814,0.5898576891382646,0.06470225229570828,38,937,4206,67
0.37856143712997437,0.039014373716632446,0.3619047619047619,0.8180050554151274,0.07043558850787766,0.13629842180774748,0.5899549086599446,0.06479791576082918,38,936,4207,67
0.37863826751708984,0.03905447070914697,0.3619047619047619,0.8181994944584873,0.07050092764378478,0.1363962670495334,0.5900521281816246,0.06489368084625055,38,935,4208,67
0.3786745071411133,0.03909465020576132,0.3619047619047619,0.8183939335018472,0.07056638811513463,0.13649425287356323,0.5901493477033045,0.06498954781797103,38,934,4209,67
0.3786986470222473,0.03913491246138002,0.3619047619047619,0.8185883725452071,0.07063197026022305,0.1365923795830338,0.5902465672249845,0.06508551694291684,38,933,4210,67
0.3787488639354706,0.03917525773195876,0.3619047619047619,0.818782811588567,0.07069767441860465,0.1366906474820144,0.5903437867466644,0.06518158848894606,38,932,4211,67
0.3787512183189392,0.0392156862745098,0.3619047619047619,0.818977250631927,0.07076350093109869,0.13678905687544995,0.5904410062683444,0.06527776272485296,38,931,4212,67
0.3787802457809448,0.03925619834710744,0.3619047619047619,0.8191716896752868,0.07082945013979497,0.13688760806916425,0.5905382257900244,0.0653740399203722,38,930,4213,67
0.3789275884628296,0.03929679420889348,0.3619047619047619,0.8193661287186467,0.0708955223880597,0.136986301369863,0.5906354453117043,0.06547042034618328,38,929,4214,67
0.3789606988430023,0.039337474120082816,0.3619047619047619,0.8195605677620066,0.07096171802054155,0.1370851370851371,0.5907326648333843,0.06556690427391486,38,928,4215,67
0.37924256920814514,0.0383419689119171,0.3523809523809524,0.8195605677620066,0.0691588785046729,0.13357400722021662,0.5859707600714795,0.0621506936204999,37,928,4215,68
0.37940558791160583,0.038381742738589214,0.3523809523809524,0.8197550068053665,0.06922357343311505,0.13367052023121387,0.5860679795931595,0.06224597407919914,37,927,4216,68
0.3794527053833008,0.03842159916926272,0.3523809523809524,0.8199494458487264,0.06928838951310862,0.13376717281272596,0.5861651991148394,0.06234135630611519,37,926,4217,68
0.3796655237674713,0.038461538461538464,0.3523809523809524,0.8201438848920863,0.06935332708528585,0.13386396526772792,0.5862624186365194,0.062436840570203635,37,925,4218,68
0.37968525290489197,0.03850156087408949,0.3523809523809524,0.8203383239354463,0.06941838649155722,0.1339608979000724,0.5863596381581994,0.0625324271413674,37,924,4219,68
0.3797004520893097,0.03854166666666667,0.3523809523809524,0.8205327629788062,0.06948356807511737,0.13405797101449277,0.5864568576798793,0.06262811629046125,37,923,4220,68
0.3797837197780609,0.03858185610010428,0.3523809523809524,0.8207272020221661,0.06954887218045112,0.13415518491660625,0.5865540772015593,0.06272390828929605,37,922,4221,68
0.3798375129699707,0.038622129436325675,0.3523809523809524,0.820921641065526,0.06961429915333961,0.13425253991291727,0.5866512967232392,0.06281980341064335,37,921,4222,68
0.37985336780548096,0.038662486938349006,0.3523809523809524,0.8211160801088858,0.0696798493408663,0.13435003631082063,0.5867485162449191,0.06291580192823983,37,920,4223,68
0.38000717759132385,0.038702928870292884,0.3523809523809524,0.8213105191522457,0.06974552309142319,0.13444767441860464,0.586845735766599,0.06301190411679174,37,919,4224,68
0.3801191747188568,0.0387434554973822,0.3523809523809524,0.8215049581956057,0.06981132075471698,0.13454545454545455,0.586942955288279,0.06310811025197949,37,918,4225,68
0.38012266159057617,0.03878406708595388,0.3523809523809524,0.8216993972389656,0.06987724268177525,0.1346433770014556,0.587040174809959,0.06320442061046222,37,917,4226,68
0.38017773628234863,0.03882476390346275,0.3523809523809524,0.8218938362823255,0.06994328922495274,0.1347414420975965,0.5871373943316389,0.06330083546988226,37,916,4227,68
0.38027504086494446,0.038865546218487396,0.3523809523809524,0.8220882753256854,0.07000946073793755,0.1348396501457726,0.5872346138533189,0.0633973551088699,37,915,4228,68
0.38040703535079956,0.03890641430073607,0.3523809523809524,0.8222827143690453,0.07007575757575757,0.1349380014587892,0.5873318333749988,0.06349397980704788,37,914,4229,68
0.3805491626262665,0.03894736842105263,0.3523809523809524,0.8224771534124052,0.07014218009478673,0.13503649635036497,0.5874290528966788,0.06359070984503612,37,913,4230,68
0.38067060708999634,0.03898840885142255,0.3523809523809524,0.8226715924557652,0.07020872865275142,0.13513513513513514,0.5875262724183588,0.06368754550445639,37,912,4231,68
0.38083574175834656,0.039029535864978905,0.3523809523809524,0.8228660314991251,0.07027540360873694,0.13523391812865498,0.5876234919400387,0.063784487067937,37,911,4232,68
0.38088956475257874,0.03907074973600845,0.3523809523809524,0.8230604705424849,0.07034220532319392,0.13533284564740308,0.5877207114617187,0.0638815348191176,37,910,4233,68
0.3809231221675873,0.039112050739957716,0.3523809523809524,0.8232549095858448,0.07040913415794481,0.13543191800878476,0.5878179309833986,0.06397868904265386,37,909,4234,68
0.38103029131889343,0.0380952380952381,0.34285714285714286,0.8232549095858448,0.06857142857142857,0.13186813186813187,0.5830560262214939,0.060534432970930405,36,909,4234,69
0.3812709450721741,0.038135593220338986,0.34285714285714286,0.8234493486292047,0.06863679694947569,0.13196480938416422,0.5831532457431738,0.06063033735357645,36,908,4235,69
0.38129010796546936,0.03817603393425239,0.34285714285714286,0.8236437876725646,0.06870229007633588,0.13206162876008803,0.5832504652648538,0.06072634637939866,36,907,4236,69
0.38132110238075256,0.03821656050955414,0.34285714285714286,0.8238382267159245,0.06876790830945559,0.13215859030837004,0.5833476847865338,0.06082246033014975,36,906,4237,69
0.38141387701034546,0.03825717321997875,0.34285714285714286,0.8240326657592845,0.06883365200764818,0.13225569434239529,0.5834449043082137,0.06091867948859644,36,905,4238,69
0.3814833462238312,0.03829787234042553,0.34285714285714286,0.8242271048026444,0.06889952153110047,0.1323529411764706,0.5835421238298937,0.06101500413852417,36,904,4239,69
0.38148584961891174,0.038338658146964855,0.34285714285714286,0.8244215438460043,0.06896551724137931,0.13245033112582782,0.5836393433515736,0.06111143456474201,36,903,4240,69
0.38151970505714417,0.03837953091684435,0.34285714285714286,0.8246159828893642,0.06903163950143816,0.1325478645066274,0.5837365628732536,0.06120797105308746,36,902,4241,69
0.38157281279563904,0.0384204909284952,0.34285714285714286,0.8248104219327241,0.0690978886756238,0.13264554163596168,0.5838337823949336,0.06130461389043139,36,901,4242,69
0.38165557384490967,0.038461538461538464,0.34285714285714286,0.8250048609760839,0.069164265129683,0.13274336283185842,0.5839310019166134,0.06140136336468292,36,900,4243,69
0.38170984387397766,0.038502673796791446,0.34285714285714286,0.8251993000194439,0.06923076923076923,0.13284132841328414,0.5840282214382934,0.06149821976479442,36,899,4244,69
0.3817463517189026,0.03854389721627409,0.34285714285714286,0.8253937390628038,0.06929740134744947,0.1329394387001477,0.5841254409599733,0.06159518338076643,36,898,4245,69
0.38182106614112854,0.03858520900321544,0.34285714285714286,0.8255881781061637,0.06936416184971098,0.13303769401330376,0.5842226604816533,0.061692254503652705,36,897,4246,69
0.3819257616996765,0.03862660944206009,0.34285714285714286,0.8257826171495236,0.06943105110896818,0.13313609467455623,0.5843198800033332,0.06178943342556523,36,896,4247,69
0.3819599151611328,0.03866809881847476,0.34285714285714286,0.8259770561928835,0.0694980694980695,0.13323464100666174,0.5844170995250132,0.06188672043967929,36,895,4248,69
0.3820381164550781,0.03870967741935484,0.34285714285714286,0.8261714952362434,0.06956521739130435,0.13333333333333333,0.5845143190466932,0.06198411584023859,36,894,4249,69
0.3820822834968567,0.038751345532831,0.34285714285714286,0.8263659342796034,0.06963249516441006,0.1334321719792439,0.5846115385683731,0.06208161992256033,36,893,4250,69
0.38213515281677246,0.03879310344827586,0.34285714285714286,0.8265603733229633,0.0696999031945789,0.13353115727002968,0.5847087580900531,0.06217923298304042,36,892,4251,69
0.38241317868232727,0.038834951456310676,0.34285714285714286,0.8267548123663232,0.06976744186046512,0.133630289532294,0.584805977611733,0.06227695531915861,36,891,4252,69
0.3824350833892822,0.038876889848812095,0.34285714285714286,0.8269492514096831,0.06983511154219205,0.1337295690936107,0.584903197133413,0.06237478722948373,36,890,4253,69
0.38254159688949585,0.03891891891891892,0.34285714285714286,0.8271436904530429,0.06990291262135923,0.13382899628252787,0.5850004166550928,0.06247272901367894,36,889,4254,69
0.38266661763191223,0.03896103896103896,0.34285714285714286,0.8273381294964028,0.06997084548104957,0.13392857142857142,0.5850976361767728,0.06257078097250701,36,888,4255,69
0.3827483355998993,0.0390032502708559,0.34285714285714286,0.8275325685397628,0.07003891050583658,0.1340282948622487,0.5851948556984528,0.06266894340783562,36,887,4256,69
0.3831489384174347,0.039045553145336226,0.34285714285714286,0.8277270075831227,0.07010710808179163,0.13412816691505217,0.5852920752201327,0.06276721662264267,36,886,4257,69
0.3832319974899292,0.03908794788273615,0.34285714285714286,0.8279214466264826,0.07017543859649122,0.1342281879194631,0.5853892947418127,0.06286560092102177,36,885,4258,69
0.3832438886165619,0.0391304347826087,0.34285714285714286,0.8281158856698425,0.0702439024390244,0.13432835820895522,0.5854865142634926,0.06296409660818744,36,884,4259,69
0.38328149914741516,0.03917301414581066,0.34285714285714286,0.8283103247132024,0.0703125,0.1344286781179985,0.5855837337851726,0.06306270399048075,36,883,4260,69
0.383298397064209,0.0392156862745098,0.34285714285714286,0.8285047637565623,0.07038123167155426,0.13452914798206278,0.5856809533068525,0.06316142337537466,36,882,4261,69
0.38332849740982056,0.03925845147219193,0.34285714285714286,0.8286992027999223,0.07045009784735812,0.13462976813762154,0.5857781728285325,0.0632602550714796,36,881,4262,69
0.383333295583725,0.039301310043668124,0.34285714285714286,0.8288936418432822,0.07051909892262488,0.1347305389221557,0.5858753923502125,0.0633591993885489,36,880,4263,69
0.38335275650024414,0.03934426229508197,0.34285714285714286,0.829088080886642,0.07058823529411765,0.1348314606741573,0.5859726118718924,0.06345825663748451,36,879,4264,69
0.3833802342414856,0.03938730853391685,0.34285714285714286,0.8292825199300019,0.07065750736015702,0.13493253373313344,0.5860698313935724,0.06355742713034242,36,878,4265,69
0.3834097385406494,0.03943044906900329,0.34285714285714286,0.8294769589733618,0.07072691552062868,0.1350337584396099,0.5861670509152523,0.06365671118033842,36,877,4266,69
0.3839043378829956,0.039473684210526314,0.34285714285714286,0.8296713980167217,0.07079646017699115,0.13513513513513514,0.5862642704369323,0.06375610910185374,36,876,4267,69
0.38391581177711487,0.03951701427003293,0.34285714285714286,0.8298658370600817,0.07086614173228346,0.135236664162284,0.5863614899586123,0.06385562121044074,36,875,4268,69
0.38403287529945374,0.03956043956043956,0.34285714285714286,0.8300602761034416,0.07093596059113301,0.13533834586466165,0.5864587094802922,0.0639552478228286,36,874,4269,69
0.3841803967952728,0.039603960396039604,0.34285714285714286,0.8302547151468015,0.07100591715976332,0.13544018058690746,0.5865559290019722,0.06405498925692922,36,873,4270,69
0.38421767950057983,0.039647577092511016,0.34285714285714286,0.8304491541901614,0.07107601184600197,0.1355421686746988,0.5866531485236521,0.06415484583184283,36,872,4271,69
0.3842974007129669,0.03969128996692393,0.34285714285714286,0.8306435932335213,0.07114624505928854,0.1356443104747551,0.5867503680453321,0.06425481786786402,36,871,4272,69
0.38430649042129517,0.039735099337748346,0.34285714285714286,0.8308380322768812,0.0712166172106825,0.13574660633484162,0.586847587567012,0.06435490568648751,36,870,4273,69
0.38452160358428955,0.039779005524861875,0.34285714285714286,0.831032471320241,0.07128712871287128,0.13584905660377358,0.586944807088692,0.06445510961041401,36,869,4274,69
0.3845510184764862,0.03982300884955752,0.34285714285714286,0.831226910363601,0.07135777998017839,0.13595166163141995,0.587042026610372,0.06455542996355633,36,868,4275,69
0.3845565915107727,0.03986710963455149,0.34285714285714286,0.8314213494069609,0.07142857142857142,0.1360544217687075,0.5871392461320519,0.06465586707104522,36,867,4276,69
0.384746789932251,0.03991130820399113,0.34285714285714286,0.8316157884503208,0.07149950347567031,0.1361573373676248,0.5872364656537319,0.0647564212592354,36,866,4277,69
0.3848107159137726,0.03995560488346282,0.34285714285714286,0.8318102274936807,0.07157057654075547,0.13626040878122633,0.5873336851754118,0.06485709285571171,36,865,4278,69
0.3849831819534302,0.04,0.34285714285714286,0.8320046665370406,0.07164179104477612,0.13636363636363635,0.5874309046970918,0.06495788218929507,36,864,4279,69
0.3850052058696747,0.04004449388209121,0.34285714285714286,0.8321991055804006,0.07171314741035857,0.13646702047005307,0.5875281242187718,0.06505878959004871,36,863,4280,69
0.3850630521774292,0.0400890868596882,0.34285714285714286,0.8323935446237605,0.07178464606181456,0.13657056145675264,0.5876253437404517,0.06515981538928427,36,862,4281,69
0.38522666692733765,0.04013377926421405,0.34285714285714286,0.8325879836671204,0.0718562874251497,0.1366742596810934,0.5877225632621317,0.06526095991956803,36,861,4282,69
0.385773241519928,0.04017857142857143,0.34285714285714286,0.8327824227104803,0.07192807192807193,0.13677811550151975,0.5878197827838116,0.06536222351472716,36,860,4283,69
0.3857899308204651,0.04022346368715084,0.34285714285714286,0.8329768617538402,0.072,0.13688212927756654,0.5879170023054916,0.06546360650985598,36,859,4284,69
0.385838121175766,0.040268456375838924,0.34285714285714286,0.8331713007972,0.07207207207207207,0.136986301369863,0.5880142218271714,0.06556510924132224,36,858,4285,69
0.3860376477241516,0.040313549832026875,0.34285714285714286,0.83336573984056,0.07214428857715431,0.1370906321401371,0.5881114413488514,0.06566673204677358,36,857,4286,69
0.3862658441066742,0.04035874439461883,0.34285714285714286,0.8335601788839199,0.07221664994984955,0.13719512195121952,0.5882086608705314,0.06576847526514377,36,856,4287,69
0.3863011300563812,0.04040404040404041,0.34285714285714286,0.8337546179272798,0.07228915662650602,0.13729977116704806,0.5883058803922113,0.0658703392366593,36,855,4288,69
0.3863402307033539,0.04044943820224719,0.34285714285714286,0.8339490569706397,0.07236180904522613,0.13740458015267176,0.5884030999138913,0.06597232430284576,36,854,4289,69
0.386418879032135,0.04049493813273341,0.34285714285714286,0.8341434960139996,0.07243460764587525,0.13750954927425516,0.5885003194355712,0.06607443080653436,36,853,4290,69
0.3867301940917969,0.04054054054054054,0.34285714285714286,0.8343379350573595,0.07250755287009064,0.13761467889908258,0.5885975389572512,0.06617665909186844,36,852,4291,69
0.38680723309516907,0.03945885005636979,0.3333333333333333,0.8343379350573595,0.07056451612903226,0.13389441469013008,0.5838356341953465,0.06264792746409205,35,852,4291,70
0.3870043158531189,0.039503386004514675,0.3333333333333333,0.8345323741007195,0.07063572149344097,0.1339969372128637,0.5839328537170264,0.062748768261196,35,851,4292,70
0.3870854675769806,0.03954802259887006,0.3333333333333333,0.8347268131440794,0.0707070707070707,0.13409961685823754,0.5840300732387064,0.06284972873633816,35,850,4293,70
0.3871396481990814,0.03959276018099547,0.3333333333333333,0.8349212521874393,0.07077856420626896,0.13420245398773006,0.5841272927603863,0.06295080923019929,35,849,4294,70
0.3874536454677582,0.039637599093997736,0.3333333333333333,0.8351156912307991,0.0708502024291498,0.1343054489639294,0.5842245122820662,0.0630520100847706,35,848,4295,70
0.38754305243492126,0.03968253968253968,0.3333333333333333,0.835310130274159,0.07092198581560284,0.13440860215053763,0.5843217318037461,0.06315333164336043,35,847,4296,70
0.38773101568222046,0.039727582292849034,0.3333333333333333,0.8355045693175189,0.07099391480730223,0.1345119139123751,0.5844189513254261,0.06325477425060083,35,846,4297,70
0.38777315616607666,0.03977272727272727,0.3333333333333333,0.8356990083608788,0.07106598984771574,0.1346153846153846,0.584516170847106,0.06335633825245435,35,845,4298,70
0.3880217373371124,0.03981797497155859,0.3333333333333333,0.8358934474042388,0.07113821138211382,0.13471901462663588,0.584613390368786,0.06345802399622068,35,844,4299,70
0.3880942761898041,0.03986332574031891,0.3333333333333333,0.8360878864475987,0.07121057985757884,0.13482280431432975,0.584710609890466,0.06355983183054352,35,843,4300,70
0.38830482959747314,0.039908779931584946,0.3333333333333333,0.8362823254909586,0.07128309572301425,0.13492675404780263,0.5848078294121459,0.06366176210541735,35,842,4301,70
0.3887923061847687,0.03995433789954338,0.3333333333333333,0.8364767645343185,0.07135575942915393,0.13503086419753085,0.5849050489338259,0.06376381517219436,35,841,4302,70
0.3888152837753296,0.04,0.3333333333333333,0.8366712035776784,0.07142857142857142,0.13513513513513514,0.5850022684555058,0.06386599138359125,35,840,4303,70
0.38889801502227783,0.04004576659038902,0.3333333333333333,0.8368656426210384,0.07150153217568948,0.13523956723338484,0.5850994879771858,0.06396829109369635,35,839,4304,70
0.38931024074554443,0.04009163802978236,0.3333333333333333,0.8370600816643982,0.07157464212678936,0.13534416086620263,0.5851967074988658,0.06407071465797644,35,838,4305,70
0.3894442021846771,0.040137614678899085,0.3333333333333333,0.8372545207077581,0.07164790174002048,0.13544891640866874,0.5852939270205457,0.06417326243328393,35,837,4306,70
0.38950115442276,0.040183696900114814,0.3333333333333333,0.837448959751118,0.07172131147540983,0.13555383423702555,0.5853911465422257,0.06427593477786388,35,836,4307,70
0.3896465599536896,0.040229885057471264,0.3333333333333333,0.8376433987944779,0.07179487179487179,0.13565891472868216,0.5854883660639056,0.06437873205136113,35,835,4308,70
0.38965028524398804,0.04027617951668585,0.3333333333333333,0.8378378378378378,0.07186858316221766,0.13576415826221877,0.5855855855855856,0.06448165461482751,35,834,4309,70
0.39015743136405945,0.04032258064516129,0.3333333333333333,0.8380322768811977,0.07194244604316546,0.1358695652173913,0.5856828051072656,0.06458470283072903,35,833,4310,70
0.39016830921173096,0.040369088811995385,0.3333333333333333,0.8382267159245577,0.0720164609053498,0.13597513597513597,0.5857800246289455,0.06468787706295313,35,832,4311,70
0.3901791274547577,0.04041570438799076,0.3333333333333333,0.8384211549679176,0.07209062821833162,0.13608087091757387,0.5858772441506255,0.06479117767681608,35,831,4312,70
0.39037638902664185,0.04046242774566474,0.3333333333333333,0.8386155940112775,0.07216494845360824,0.13618677042801555,0.5859744636723054,0.06489460503907023,35,830,4313,70
0.3905460834503174,0.04050925925925926,0.3333333333333333,0.8388100330546374,0.07223942208462332,0.13629283489096572,0.5860716831939854,0.06499815951791144,35,829,4314,70
0.39055728912353516,0.04055619930475087,0.3333333333333333,0.8390044720979972,0.07231404958677685,0.1363990646921278,0.5861689027156652,0.06510184148298656,35,828,4315,70
0.39060288667678833,0.04060324825986079,0.3333333333333333,0.8391989111413571,0.07238883143743537,0.13650546021840873,0.5862661222373452,0.06520565130540096,35,827,4316,70
0.39060571789741516,0.04065040650406504,0.3333333333333333,0.8393933501847171,0.07246376811594203,0.1366120218579235,0.5863633417590252,0.06530958935772599,35,826,4317,70
0.39064574241638184,0.040697674418604654,0.3333333333333333,0.839587789228077,0.07253886010362694,0.13671875,0.5864605612807051,0.06541365601400662,35,825,4318,70
0.3906835615634918,0.04074505238649592,0.3333333333333333,0.8397822282714369,0.07261410788381743,0.13682564503518374,0.5865577808023851,0.06551785164976909,35,824,4319,70
0.3907395005226135,0.04079254079254079,0.3333333333333333,0.8399766673147968,0.07268951194184839,0.13693270735524257,0.586655000324065,0.06562217664202859,35,823,4320,70
0.391202449798584,0.040840140023337225,0.3333333333333333,0.8401711063581567,0.07276507276507277,0.1370399373531715,0.586752219845745,0.06572663136929698,35,822,4321,70
0.39124226570129395,0.04088785046728972,0.3333333333333333,0.8403655454015166,0.07284079084287201,0.1371473354231975,0.586849439367425,0.06583121621159059,35,821,4322,70
0.391243577003479,0.04093567251461988,0.3333333333333333,0.8405599844448766,0.07291666666666667,0.13725490196078433,0.5869466588891049,0.06593593155043809,35,820,4323,70
0.3915156424045563,0.040983606557377046,0.3333333333333333,0.8407544234882365,0.072992700729927,0.13736263736263737,0.5870438784107849,0.06604077776888832,35,819,4324,70
0.39202433824539185,0.041031652989449004,0.3333333333333333,0.8409488625315964,0.07306889352818371,0.13747054202670855,0.5871410979324648,0.0661457552515183,35,818,4325,70
0.3922315835952759,0.04107981220657277,0.3333333333333333,0.8411433015749562,0.07314524555903866,0.13757861635220126,0.5872383174541448,0.06625086438444117,35,817,4326,70
0.3923124074935913,0.041128084606345476,0.3333333333333333,0.8413377406183161,0.07322175732217573,0.13768686073957515,0.5873355369758247,0.06635610555531417,35,816,4327,70
0.39235660433769226,0.041176470588235294,0.3333333333333333,0.841532179661676,0.07329842931937172,0.1377952755905512,0.5874327564975047,0.06646147915334691,35,815,4328,70
0.3925950825214386,0.04122497055359246,0.3333333333333333,0.841726618705036,0.07337526205450734,0.13790386130811663,0.5875299760191847,0.06656698556930933,35,814,4329,70
0.3926595151424408,0.04009433962264151,0.3238095238095238,0.841726618705036,0.07135362014690451,0.13406940063091483,0.5827680712572799,0.06297547877725818,34,814,4329,71
0.39270007610321045,0.04014167650531287,0.3238095238095238,0.8419210577483959,0.07142857142857142,0.13417521704814522,0.5828652907789599,0.063079490463113,34,813,4330,71
0.3927481174468994,0.04018912529550828,0.3238095238095238,0.8421154967917558,0.07150368033648791,0.13428120063191154,0.5829625103006398,0.06318363263461954,34,812,4331,71
0.3928389847278595,0.040236686390532544,0.3238095238095238,0.8423099358351157,0.07157894736842105,0.13438735177865613,0.5830597298223198,0.06328790567858252,34,811,4332,71
0.3929392993450165,0.04028436018957346,0.3238095238095238,0.8425043748784756,0.07165437302423604,0.13449367088607594,0.5831569493439998,0.06339230998336556,34,810,4333,71
0.39326852560043335,0.04033214709371293,0.3238095238095238,0.8426988139218355,0.07172995780590717,0.13460015835312747,0.5832541688656797,0.0634968459388995,34,809,4334,71
0.39339762926101685,0.040380047505938245,0.3238095238095238,0.8428932529651955,0.07180570221752904,0.1347068145800317,0.5833513883873597,0.06360151393669061,34,808,4335,71
0.3934617340564728,0.039239001189060645,0.3142857142857143,0.8428932529651955,0.06976744186046512,0.1308485329103886,0.5785894836254548,0.05999676298330931,33,808,4335,72
0.39349329471588135,0.039285714285714285,0.3142857142857143,0.8430876920085553,0.06984126984126984,0.13095238095238096,0.5786867031471348,0.0600999098861005,33,807,4336,72
0.39358463883399963,0.03933253873659118,0.3142857142857143,0.8432821310519152,0.06991525423728813,0.13105639396346305,0.5787839226688147,0.060203186428235377,33,806,4337,72
0.3936198055744171,0.03937947494033413,0.3142857142857143,0.8434765700952751,0.06998939554612937,0.13116057233704292,0.5788811421904947,0.06030659299701095,33,805,4338,72
0.3936562240123749,0.03942652329749104,0.3142857142857143,0.843671009138635,0.07006369426751592,0.13126491646778043,0.5789783617121746,0.06041012998129737,33,804,4339,72
0.39373818039894104,0.039473684210526314,0.3142857142857143,0.8438654481819949,0.07013815090329437,0.13136942675159236,0.5790755812338546,0.06051379777154626,33,803,4340,72
0.3937957286834717,0.03952095808383234,0.3142857142857143,0.8440598872253549,0.07021276595744681,0.13147410358565736,0.5791728007555346,0.06061759675979916,33,802,4341,72
0.39383381605148315,0.039568345323741004,0.3142857142857143,0.8442543262687148,0.07028753993610223,0.13157894736842105,0.5792700202772145,0.06072152733969602,33,801,4342,72
0.3938949704170227,0.03961584633853541,0.3142857142857143,0.8444487653120747,0.07036247334754797,0.13168395849960096,0.5793672397988945,0.06082558990648374,33,800,4343,72
0.39403653144836426,0.039663461538461536,0.3142857142857143,0.8446432043554346,0.07043756670224119,0.13178913738019168,0.5794644593205744,0.060929784857024764,33,799,4344,72
0.39418795704841614,0.039711191335740074,0.3142857142857143,0.8448376433987945,0.07051282051282051,0.13189448441247004,0.5795616788422544,0.06103411258980573,33,798,4345,72
0.3944248557090759,0.03975903614457831,0.3142857142857143,0.8450320824421543,0.07058823529411765,0.132,0.5796588983639344,0.061138573504946184,33,797,4346,72
0.3944525122642517,0.039806996381182146,0.3142857142857143,0.8452265214855142,0.07066381156316917,0.1321056845476381,0.5797561178856143,0.06124316800420736,33,796,4347,72
0.39450910687446594,0.03985507246376811,0.3142857142857143,0.8454209605288742,0.0707395498392283,0.13221153846153846,0.5798533374072943,0.061347896491000996,33,795,4348,72
0.394575297832489,0.03990326481257558,0.3142857142857143,0.8456153995722341,0.07081545064377683,0.132317562149158,0.5799505569289742,0.06145275937039824,33,794,4349,72
0.39464202523231506,0.039951573849878935,0.3142857142857143,0.845809838615594,0.07089151450053706,0.13242375601926162,0.5800477764506542,0.06155775704913854,33,793,4350,72
0.39473235607147217,0.04,0.3142857142857143,0.8460042776589539,0.07096774193548387,0.13253012048192772,0.5801449959723342,0.061662889935638704,33,792,4351,72
0.3947797119617462,0.04004854368932039,0.3142857142857143,0.8461987167023138,0.07104413347685684,0.13263665594855306,0.5802422154940141,0.06176815844000194,33,791,4352,72
0.39496350288391113,0.040097205346294046,0.3142857142857143,0.8463931557456738,0.07112068965517242,0.13274336283185842,0.5803394350156941,0.061873562974026956,33,790,4353,72
0.39499494433403015,0.040145985401459854,0.3142857142857143,0.8465875947890337,0.07119741100323625,0.13285024154589373,0.580436654537374,0.0619791039512172,33,789,4354,72
0.395164430141449,0.040194884287454324,0.3142857142857143,0.8467820338323936,0.07127429805615551,0.13295729250604352,0.580533874059054,0.06208478178679004,33,788,4355,72
0.3952077329158783,0.04024390243902439,0.3142857142857143,0.8469764728757535,0.07135135135135136,0.13306451612903225,0.580631093580734,0.06219059689768612,33,787,4356,72
0.39524129033088684,0.040293040293040296,0.3142857142857143,0.8471709119191133,0.07142857142857142,0.13317191283292978,0.5807283131024138,0.062296549702578675,33,786,4357,72
0.39527231454849243,0.040342298288508556,0.3142857142857143,0.8473653509624732,0.07150595882990249,0.1332794830371567,0.5808255326240938,0.06240264062188301,33,785,4358,72
0.3954557478427887,0.04039167686658507,0.3142857142857143,0.8475597900058331,0.07158351409978309,0.1333872271624899,0.5809227521457737,0.06250887007776598,33,784,4359,72
0.3955014944076538,0.04044117647058824,0.3142857142857143,0.8477542290491931,0.07166123778501629,0.13349514563106796,0.5810199716674537,0.06261523849415553,33,783,4360,72
0.3958553671836853,0.04049079754601227,0.3142857142857143,0.847948668092553,0.07173913043478261,0.13360323886639677,0.5811171911891336,0.0627217462967503,33,782,4361,72
0.3958689868450165,0.04054054054054054,0.3142857142857143,0.8481431071359129,0.07181719260065289,0.13371150729335493,0.5812144107108136,0.0628283939130294,33,781,4362,72
0.3959052264690399,0.04059040590405904,0.3142857142857143,0.8483375461792728,0.0718954248366013,0.13381995133819952,0.5813116302324935,0.06293518177226201,33,780,4363,72
0.395984023809433,0.04064039408866995,0.3142857142857143,0.8485319852226327,0.07197382769901854,0.13392857142857142,0.5814088497541735,0.06304211030551735,33,779,4364,72
0.39601558446884155,0.040690505548705305,0.3142857142857143,0.8487264242659927,0.07205240174672489,0.13403736799350122,0.5815060692758535,0.06314917994567443,33,778,4365,72
0.396119624376297,0.040740740740740744,0.3142857142857143,0.8489208633093526,0.07213114754098361,0.13414634146341464,0.5816032887975334,0.0632563911274321,33,777,4366,72
0.39614537358283997,0.0407911001236094,0.3142857142857143,0.8491153023527124,0.07221006564551423,0.13425549227013833,0.5817005083192133,0.06336374428731902,33,776,4367,72
0.39615294337272644,0.04084158415841584,0.3142857142857143,0.8493097413960723,0.07228915662650602,0.13436482084690554,0.5817977278408932,0.06347123986370369,33,775,4368,72
0.39619073271751404,0.040892193308550186,0.3142857142857143,0.8495041804394322,0.07236842105263158,0.13447432762836187,0.5818949473625732,0.06357887829680473,33,774,4369,72
0.3964153826236725,0.04094292803970223,0.3142857142857143,0.8496986194827921,0.07244785949506037,0.13458401305057097,0.5819921668842531,0.06368666002870096,33,773,4370,72
0.3964415192604065,0.040993788819875775,0.3142857142857143,0.849893058526152,0.07252747252747253,0.1346938775510204,0.5820893864059331,0.0637945855033418,33,772,4371,72
0.3965485990047455,0.041044776119402986,0.3142857142857143,0.850087497569512,0.07260726072607261,0.13480392156862744,0.5821866059276131,0.06390265516655755,33,771,4372,72
0.3966823220252991,0.0410958904109589,0.3142857142857143,0.8502819366128719,0.07268722466960352,0.1349141455437449,0.582283825449293,0.06401086946606985,33,770,4373,72
0.3967328369617462,0.04114713216957606,0.3142857142857143,0.8504763756562318,0.07276736493936053,0.13502454991816695,0.582381044970973,0.06411922885150217,33,769,4374,72
0.39687520265579224,0.04119850187265917,0.3142857142857143,0.8506708146995917,0.0728476821192053,0.13513513513513514,0.5824782644926529,0.06422773377439044,33,768,4375,72
0.3968923091888428,0.04125,0.3142857142857143,0.8508652537429516,0.07292817679558011,0.13524590163934427,0.5825754840143329,0.06433638468819357,33,767,4376,72
0.39694955945014954,0.04130162703379224,0.3142857142857143,0.8510596927863114,0.07300884955752213,0.13535684987694832,0.5826727035360129,0.06444518204830428,33,766,4377,72
0.3974955677986145,0.041353383458646614,0.3142857142857143,0.8512541318296714,0.07308970099667775,0.1354679802955665,0.5827699230576928,0.06455412631205983,33,765,4378,72
0.39760226011276245,0.04140526976160602,0.3142857142857143,0.8514485708730313,0.07317073170731707,0.13557929334428923,0.5828671425793728,0.06466321793875292,33,764,4379,72
0.3979789614677429,0.0414572864321608,0.3142857142857143,0.8516430099163912,0.0732519422863485,0.1356907894736842,0.5829643621010527,0.06477245738964256,33,763,4380,72
0.39813971519470215,0.04150943396226415,0.3142857142857143,0.8518374489597511,0.07333333333333333,0.13580246913580246,0.5830615816227327,0.0648818451279652,33,762,4381,72
0.3982527554035187,0.041561712846347604,0.3142857142857143,0.852031888003111,0.07341490545050056,0.13591433278418452,0.5831588011444127,0.06499138161894567,33,761,4382,72
0.3982722759246826,0.0416141235813367,0.3142857142857143,0.8522263270464709,0.07349665924276169,0.13602638087386645,0.5832560206660926,0.06510106732980848,33,760,4383,72
0.3984353244304657,0.041666666666666664,0.3142857142857143,0.8524207660898309,0.07357859531772576,0.13613861386138615,0.5833532401877726,0.06521090272978897,33,759,4384,72
0.39844992756843567,0.041719342604298354,0.3142857142857143,0.8526152051331908,0.07366071428571429,0.13625103220478943,0.5834504597094525,0.06532088829014467,33,758,4385,72
0.3986150920391083,0.04177215189873418,0.3142857142857143,0.8528096441765507,0.07374301675977654,0.13636363636363635,0.5835476792311325,0.0654310244841667,33,757,4386,72
0.39863020181655884,0.04182509505703422,0.3142857142857143,0.8530040832199105,0.0738255033557047,0.13647642679900746,0.5836448987528124,0.0655413117871912,33,756,4387,72
0.398792028427124,0.04187817258883249,0.3142857142857143,0.8531985222632704,0.07390817469204927,0.13658940397350994,0.5837421182744924,0.06565175067661097,33,755,4388,72
0.3988836705684662,0.04193138500635324,0.3142857142857143,0.8533929613066303,0.07399103139013453,0.13670256835128416,0.5838393377961724,0.06576234163188699,33,754,4389,72
0.39900511503219604,0.04198473282442748,0.3142857142857143,0.8535874003499903,0.07407407407407407,0.13681592039800994,0.5839365573178523,0.06587308513456026,33,753,4390,72
0.3991456627845764,0.04203821656050955,0.3142857142857143,0.8537818393933502,0.07415730337078652,0.13692946058091288,0.5840337768395323,0.06598398166826351,33,752,4391,72
0.3992138206958771,0.042091836734693876,0.3142857142857143,0.8539762784367101,0.07424071991001124,0.13704318936877077,0.5841309963612122,0.06609503171873313,33,751,4392,72
0.39929279685020447,0.0421455938697318,0.3142857142857143,0.85417071748007,0.07432432432432433,0.1371571072319202,0.5842282158828922,0.06620623577382102,33,750,4393,72
0.3993399143218994,0.04219948849104859,0.3142857142857143,0.8543651565234299,0.07440811724915446,0.13727121464226288,0.5843254354045722,0.06631759432350688,33,749,4394,72
0.3994106948375702,0.040973111395646605,0.3047619047619048,0.8543651565234299,0.07223476297968397,0.13322231473771856,0.5795635306426674,0.06260564019686475,32,749,4394,73
0.3995569944381714,0.041025641025641026,0.3047619047619048,0.8545595955667898,0.07231638418079096,0.13333333333333333,0.5796607501643474,0.06271528722903848,32,748,4395,73
0.3995652198791504,0.0410783055198973,0.3047619047619048,0.8547540346101498,0.07239819004524888,0.13344453711426188,0.5797579696860273,0.062825085927914,32,747,4396,73
0.3996199667453766,0.04113110539845758,0.3047619047619048,0.8549484736535097,0.072480181200453,0.1335559265442404,0.5798551892077073,0.06293503677834493,32,746,4397,73
0.39976149797439575,0.04118404118404118,0.3047619047619048,0.8551429126968695,0.07256235827664399,0.1336675020885547,0.5799524087293871,0.06304514026731174,32,745,4398,73
0.3999069333076477,0.041237113402061855,0.3047619047619048,0.8553373517402294,0.07264472190692395,0.13377926421404682,0.5800496282510671,0.06315539688393387,32,744,4399,73
0.39997342228889465,0.04129032258064516,0.3047619047619048,0.8555317907835893,0.07272727272727272,0.13389121338912133,0.580146847772747,0.06326580711948211,32,743,4400,73
0.4002079665660858,0.041343669250646,0.3047619047619048,0.8557262298269492,0.07281001137656427,0.13400335008375208,0.580244067294427,0.06337637146739085,32,742,4401,73
0.4002254903316498,0.04139715394566624,0.3047619047619048,0.8559206688703092,0.07289293849658314,0.13411567476948869,0.580341286816107,0.06348709042327069,32,741,4402,73
0.4002581238746643,0.04145077720207254,0.3047619047619048,0.8561151079136691,0.07297605473204105,0.1342281879194631,0.5804385063377869,0.06359796448492087,32,740,4403,73
0.40037259459495544,0.041504539559014265,0.3047619047619048,0.856309546957029,0.0730593607305936,0.1343408900083963,0.5805357258594669,0.06370899415234195,32,739,4404,73
0.40047165751457214,0.04025974025974026,0.29523809523809524,0.856309546957029,0.07085714285714285,0.13025210084033614,0.5757738210975621,0.059974231046633006,31,739,4404,74
0.4005165994167328,0.04031209362808843,0.29523809523809524,0.8565039860003889,0.07093821510297482,0.13036164844407064,0.5758710406192421,0.06008350326416413,31,738,4405,74
0.4007781445980072,0.040364583333333336,0.29523809523809524,0.8566984250437488,0.07101947308132875,0.13047138047138046,0.5759682601409221,0.060192928135245814,31,737,4406,74
0.4007788300514221,0.04041720990873533,0.29523809523809524,0.8568928640871087,0.07110091743119266,0.13058129738837404,0.576065479662602,0.060302506154347256,31,736,4407,74
0.4010659158229828,0.04046997389033943,0.29523809523809524,0.8570873031304685,0.0711825487944891,0.13069139966273188,0.5761626991842819,0.06041223781813706,31,735,4408,74
0.4012652039527893,0.0392156862745098,0.2857142857142857,0.8570873031304685,0.06896551724137931,0.12658227848101267,0.5714007944223771,0.05666577909231237,30,735,4408,75
0.4013063609600067,0.03926701570680628,0.2857142857142857,0.8572817421738285,0.06904487917146145,0.1266891891891892,0.5714980139440571,0.056773726900941714,30,734,4409,75
0.40135830640792847,0.039318479685452164,0.2857142857142857,0.8574761812171884,0.06912442396313365,0.12679628064243448,0.571595233465737,0.056881825319039944,30,733,4410,75
0.4015228748321533,0.03937007874015748,0.2857142857142857,0.8576706202605483,0.06920415224913495,0.12690355329949238,0.571692452987417,0.05699007483740104,30,732,4411,75
0.40156129002571106,0.03942181340341656,0.2857142857142857,0.8578650593039082,0.06928406466512702,0.12701100762066045,0.571789672509097,0.0570984759490148,30,731,4412,75
0.4017159342765808,0.039473684210526314,0.2857142857142857,0.8580594983472681,0.06936416184971098,0.1271186440677966,0.5718868920307769,0.057207029149079706,30,730,4413,75
0.40182361006736755,0.039525691699604744,0.2857142857142857,0.858253937390628,0.06944444444444445,0.1272264631043257,0.5719841115524569,0.05731573493501586,30,729,4414,75
0.40189164876937866,0.0395778364116095,0.2857142857142857,0.858448376433988,0.06952491309385864,0.1273344651952462,0.5720813310741368,0.05742459380647801,30,728,4415,75
0.40195173025131226,0.03963011889035667,0.2857142857142857,0.8586428154773479,0.06960556844547564,0.1274426508071368,0.5721785505958168,0.05753360626536872,30,727,4416,75
0.4020085632801056,0.03968253968253968,0.2857142857142857,0.8588372545207078,0.06968641114982578,0.12755102040816327,0.5722757701174968,0.05764277281585154,30,726,4417,75
0.4021247923374176,0.039735099337748346,0.2857142857142857,0.8590316935640676,0.06976744186046512,0.1276595744680851,0.5723729896391767,0.05775209396436439,30,725,4418,75
0.4021574556827545,0.03978779840848806,0.2857142857142857,0.8592261326074275,0.06984866123399301,0.12776831345826234,0.5724702091608567,0.05786157021963292,30,724,4419,75
0.4021671712398529,0.0398406374501992,0.2857142857142857,0.8594205716507874,0.06993006993006994,0.1278772378516624,0.5725674286825366,0.05797120209268405,30,723,4420,75
0.4022594690322876,0.0398936170212766,0.2857142857142857,0.8596150106941474,0.07001166861143523,0.12798634812286688,0.5726646482042166,0.05808099009685961,30,722,4421,75
0.40226706862449646,0.03994673768308921,0.2857142857142857,0.8598094497375073,0.07009345794392523,0.12809564474807855,0.5727618677258965,0.05819093474782999,30,721,4422,75
0.4023030698299408,0.04,0.2857142857142857,0.8600038887808672,0.07017543859649122,0.1282051282051282,0.5728590872475765,0.058301036563608036,30,720,4423,75
0.4023509919643402,0.04005340453938585,0.2857142857142857,0.8601983278242271,0.0702576112412178,0.1283147989734816,0.5729563067692565,0.05841129606456286,30,719,4424,75
0.4023953974246979,0.040106951871657755,0.2857142857142857,0.860392766867587,0.07033997655334115,0.1284246575342466,0.5730535262909364,0.058521713773433924,30,718,4425,75
0.4025079607963562,0.040160642570281124,0.2857142857142857,0.860587205910947,0.07042253521126761,0.12853470437017994,0.5731507458126164,0.058632290215345155,30,717,4426,75
0.4026494324207306,0.040214477211796246,0.2857142857142857,0.8607816449543069,0.07050528789659224,0.12864493996569468,0.5732479653342963,0.05874302591781914,30,716,4427,75
0.4026566445827484,0.040268456375838924,0.2857142857142857,0.8609760839976668,0.07058823529411765,0.12875536480686695,0.5733451848559763,0.05885392141079145,30,715,4428,75
0.40289703011512756,0.04032258064516129,0.2857142857142857,0.8611705230410266,0.0706713780918728,0.12886597938144329,0.5734424043776561,0.058964977226625075,30,714,4429,75
0.4029216766357422,0.040376850605652756,0.2857142857142857,0.8613649620843865,0.07075471698113207,0.1289767841788478,0.5735396238993361,0.05907619390012496,30,713,4430,75
0.4030563235282898,0.04043126684636118,0.2857142857142857,0.8615594011277464,0.07083825265643448,0.12908777969018934,0.5736368434210161,0.05918757196855264,30,712,4431,75
0.4030987024307251,0.04048582995951417,0.2857142857142857,0.8617538401711063,0.07092198581560284,0.12919896640826872,0.573734062942696,0.059299111971641026,30,711,4432,75
0.40311217308044434,0.04054054054054054,0.2857142857142857,0.8619482792144663,0.07100591715976332,0.12931034482758622,0.573831282464376,0.05941081445160917,30,710,4433,75
0.4032439589500427,0.04059539918809202,0.2857142857142857,0.8621427182578262,0.07109004739336493,0.12942191544434858,0.5739285019860559,0.059522679953177345,30,709,4434,75
0.40325143933296204,0.04065040650406504,0.2857142857142857,0.8623371573011861,0.0711743772241993,0.12953367875647667,0.5740257215077359,0.05963470902358205,30,708,4435,75
0.4032943546772003,0.0407055630936228,0.2857142857142857,0.862531596344546,0.07125890736342043,0.12964563526361278,0.5741229410294159,0.059746902212591185,30,707,4436,75
0.4032958745956421,0.04076086956521739,0.2857142857142857,0.8627260353879059,0.0713436385255648,0.12975778546712802,0.5742201605510958,0.059859260072519446,30,706,4437,75
0.40335050225257874,0.04081632653061224,0.2857142857142857,0.8629204744312658,0.07142857142857142,0.12987012987012986,0.5743173800727758,0.05997178315824365,30,705,4438,75
0.4034166932106018,0.04087193460490463,0.2857142857142857,0.8631149134746257,0.07151370679380215,0.12998266897746968,0.5744145995944556,0.060084472027218276,30,704,4439,75
0.40350911021232605,0.040927694406548434,0.2857142857142857,0.8633093525179856,0.07159904534606205,0.13009540329575023,0.5745118191161356,0.06019732723949117,30,703,4440,75
0.4035784900188446,0.040983606557377046,0.2857142857142857,0.8635037915613455,0.07168458781362007,0.13020833333333334,0.5746090386378155,0.06031034935771924,30,702,4441,75
0.4038078784942627,0.04103967168262654,0.2857142857142857,0.8636982306047054,0.07177033492822966,0.13032145960034752,0.5747062581594955,0.060423538947184385,30,701,4442,75
0.4040123224258423,0.0410958904109589,0.2857142857142857,0.8638926696480653,0.0718562874251497,0.13043478260869565,0.5748034776811755,0.060536896575809435,30,700,4443,75
0.4040427505970001,0.0411522633744856,0.2857142857142857,0.8640871086914252,0.07194244604316546,0.13054830287206268,0.5749006972028554,0.060650422814174335,30,699,4444,75
0.4041069447994232,0.04120879120879121,0.2857142857142857,0.8642815477347852,0.07202881152460984,0.13066202090592335,0.5749979167245354,0.06076411823553235,30,698,4445,75
0.40412089228630066,0.04126547455295736,0.2857142857142857,0.8644759867781451,0.07211538461538461,0.13077593722755013,0.5750951362462153,0.06087798341582641,30,697,4446,75
0.40414872765541077,0.03994490358126722,0.2761904761904762,0.8644759867781451,0.06979542719614922,0.12652705061082026,0.5703332314843106,0.057050557101861216,29,697,4446,76
0.40423667430877686,0.04,0.2761904761904762,0.864670425821505,0.06987951807228916,0.12663755458515283,0.5704304510059905,0.05716248226355551,29,696,4447,76
0.4043482840061188,0.04005524861878453,0.2761904761904762,0.8648648648648649,0.06996381182147166,0.12674825174825174,0.5705276705276705,0.05727457375784021,29,695,4448,76
0.4044019281864166,0.040110650069156296,0.2761904761904762,0.8650593039082247,0.07004830917874397,0.1268591426071741,0.5706248900493505,0.05738683215378263,29,694,4449,76
0.40441757440567017,0.04016620498614958,0.2761904761904762,0.8652537429515846,0.07013301088270858,0.12697022767075306,0.5707221095710304,0.05749925802313675,29,693,4450,76
0.4054112732410431,0.04022191400832178,0.2761904761904762,0.8654481819949446,0.07021791767554479,0.1270815074496056,0.5708193290927104,0.05761185194035973,29,692,4451,76
0.40543270111083984,0.04027777777777778,0.2761904761904762,0.8656426210383045,0.0703030303030303,0.12719298245614036,0.5709165486143903,0.05772461448262869,29,691,4452,76
0.4054718017578125,0.03894297635605007,0.26666666666666666,0.8656426210383045,0.06796116504854369,0.12291483757682177,0.5661546438524856,0.0538800062659176,28,691,4452,77
0.4055197834968567,0.03899721448467967,0.26666666666666666,0.8658370600816644,0.06804374240583232,0.12302284710017575,0.5662518633741656,0.05399078995542182,28,690,4453,77
0.4055820405483246,0.03905160390516039,0.26666666666666666,0.8660314991250243,0.0681265206812652,0.12313104661389622,0.5663490828958455,0.05410173872107037,28,689,4454,77
0.4056946337223053,0.03910614525139665,0.26666666666666666,0.8662259381683842,0.0682095006090134,0.12323943661971831,0.5664463024175255,0.054212853132670574,28,688,4455,77
0.40571361780166626,0.039160839160839164,0.26666666666666666,0.8664203772117441,0.06829268292682927,0.12334801762114538,0.5665435219392054,0.054324133762744455,28,687,4456,77
0.40584805607795715,0.0392156862745098,0.26666666666666666,0.8666148162551041,0.06837606837606838,0.12345679012345678,0.5666407414608854,0.054435581186545734,28,686,4457,77
0.40586572885513306,0.03927068723702665,0.26666666666666666,0.866809255298464,0.06845965770171149,0.1235657546337158,0.5667379609825653,0.05454719598207675,28,685,4458,77
0.4059637784957886,0.037921348314606744,0.2571428571428571,0.866809255298464,0.06609547123623011,0.11925795053003534,0.5619760562206606,0.050685101965509745,27,685,4458,78
0.40596598386764526,0.0379746835443038,0.2571428571428571,0.8670036943418238,0.0661764705882353,0.11936339522546419,0.5620732757423405,0.05079469793579805,27,684,4459,78
0.4061642587184906,0.036619718309859155,0.24761904761904763,0.8670036943418238,0.0638036809815951,0.11504424778761062,0.5573113709804357,0.046925864780758324,26,684,4459,79
0.4062443673610687,0.036671368124118475,0.24761904761904763,0.8671981333851837,0.06388206388206388,0.11514614703277236,0.5574085905021157,0.047033422521991684,26,683,4460,79
0.4062919616699219,0.03672316384180791,0.24761904761904763,0.8673925724285436,0.06396063960639606,0.11524822695035461,0.5575058100237956,0.04714113963479813,26,682,4461,79
0.4064476788043976,0.036775106082036775,0.24761904761904763,0.8675870114719035,0.06403940886699508,0.11535048802129548,0.5576030295454756,0.04724901667552656,26,681,4462,79
0.40677762031555176,0.036827195467422094,0.24761904761904763,0.8677814505152635,0.06411837237977805,0.11545293072824156,0.5577002490671555,0.04735705420320576,26,680,4463,79
0.4068737030029297,0.03687943262411347,0.24761904761904763,0.8679758895586234,0.06419753086419754,0.11555555555555555,0.5577974685888355,0.04746525277956114,26,679,4464,79
0.406978964805603,0.036931818181818184,0.24761904761904763,0.8681703286019833,0.06427688504326329,0.11565836298932385,0.5578946881105155,0.047573612969031905,26,678,4465,79
0.40699946880340576,0.03698435277382646,0.24761904761904763,0.8683647676453432,0.06435643564356436,0.1157613535173642,0.5579919076321954,0.04768213533878808,26,677,4466,79
0.40701615810394287,0.037037037037037035,0.24761904761904763,0.8685592066887031,0.0644361833952912,0.11586452762923351,0.5580891271538754,0.04779082045874785,26,676,4467,79
0.40718165040016174,0.037089871611982884,0.24761904761904763,0.868753645732063,0.06451612903225806,0.1159678858162355,0.5581863466755553,0.047899668901594986,26,675,4468,79
0.4072256088256836,0.037142857142857144,0.24761904761904763,0.868948084775423,0.06459627329192547,0.11607142857142858,0.5582835661972353,0.04800868124279633,26,674,4469,79
0.40756309032440186,0.0357653791130186,0.23809523809523808,0.868948084775423,0.06218905472636816,0.11170688114387846,0.5535216614353305,0.04411293332901074,25,674,4469,80
0.40757620334625244,0.03581661891117478,0.23809523809523808,0.8691425238187828,0.062266500622665005,0.11180679785330948,0.5536188809570104,0.04421984781504329,25,673,4470,80
0.40764373540878296,0.035868005738880916,0.23809523809523808,0.8693369628621427,0.06234413965087282,0.11190689346463742,0.5537161004786904,0.04432692225951949,25,672,4471,80
0.4077863395214081,0.035919540229885055,0.23809523809523808,0.8695314019055026,0.062421972534332085,0.11200716845878136,0.5538133200003703,0.04443415722887221,25,671,4472,80
0.40792590379714966,0.03597122302158273,0.23809523809523808,0.8697258409488625,0.0625,0.11210762331838565,0.5539105395220503,0.04454155329230432,25,670,4473,80
0.40801915526390076,0.03602305475504323,0.23809523809523808,0.8699202799922224,0.0625782227784731,0.11220825852782765,0.5540077590437302,0.044649111021806465,25,669,4474,80
0.40825915336608887,0.03607503607503607,0.23809523809523808,0.8701147190355824,0.06265664160401002,0.11230907457322552,0.5541049785654102,0.04475683099217489,25,668,4475,80
0.4082966446876526,0.036127167630057806,0.23809523809523808,0.8703091580789423,0.06273525721455459,0.11241007194244604,0.5542021980870901,0.04486471378102945,25,667,4476,80
0.4083178639411926,0.0361794500723589,0.23809523809523808,0.8705035971223022,0.06281407035175879,0.11251125112511251,0.5542994176087701,0.04497275996883176,25,666,4477,80
0.4083293080329895,0.036231884057971016,0.23809523809523808,0.8706980361656621,0.06289308176100629,0.11261261261261261,0.5543966371304501,0.045080970138903505,25,665,4478,80
0.4084998369216919,0.036284470246734396,0.23809523809523808,0.870892475209022,0.06297229219143577,0.1127141568981064,0.55449385665213,0.04518934487744482,25,664,4479,80
0.40871649980545044,0.036337209302325583,0.23809523809523808,0.8710869142523818,0.06305170239596469,0.11281588447653429,0.55459107617381,0.045297884773552906,25,663,4480,80
0.4088188409805298,0.036390101892285295,0.23809523809523808,0.8712813532957417,0.06313131313131314,0.11291779584462511,0.5546882956954899,0.04540659041924076,25,662,4481,80
0.4090142846107483,0.03644314868804665,0.23809523809523808,0.8714757923391017,0.0632111251580278,0.11301989150090416,0.5547855152171699,0.04551546240945602,25,661,4482,80
0.4091738760471344,0.0364963503649635,0.23809523809523808,0.8716702313824616,0.06329113924050633,0.11312217194570136,0.5548827347388499,0.04562450134210002,25,660,4483,80
0.40921831130981445,0.03654970760233918,0.23809523809523808,0.8718646704258215,0.06337135614702155,0.11322463768115942,0.5549799542605298,0.04573370781804694,25,659,4484,80
0.4092727303504944,0.036603221083455345,0.23809523809523808,0.8720591094691814,0.06345177664974619,0.11332728921124206,0.5550771737822098,0.04584308244116315,25,658,4485,80
0.40950778126716614,0.036656891495601175,0.23809523809523808,0.8722535485125413,0.06353240152477764,0.11343012704174228,0.5551743933038897,0.0459526258183267,25,657,4486,80
0.41024866700172424,0.03524229074889868,0.22857142857142856,0.8722535485125413,0.061068702290076333,0.10899182561307902,0.550412488541985,0.0420128343671364,24,657,4486,81
0.41058677434921265,0.03529411764705882,0.22857142857142856,0.8724479875559012,0.061146496815286625,0.10909090909090909,0.550509708063665,0.04212018419948703,24,656,4487,81
0.41065847873687744,0.035346097201767304,0.22857142857142856,0.8726424265992612,0.061224489795918366,0.1091901728844404,0.5506069275853449,0.04222769855908563,24,655,4488,81
0.410765141248703,0.035398230088495575,0.22857142857142856,0.8728368656426211,0.06130268199233716,0.1092896174863388,0.5507041471070249,0.04233537804275094,24,654,4489,81
0.4109995365142822,0.03545051698670606,0.22857142857142856,0.8730313046859809,0.061381074168797956,0.10938924339106655,0.5508013666287047,0.04244322325029736,24,653,4490,81
0.4110318720340729,0.03550295857988166,0.22857142857142856,0.8732257437293408,0.06145966709346991,0.10948905109489052,0.5508985861503847,0.04255123478455463,24,652,4491,81
0.41104114055633545,0.035555555555555556,0.22857142857142856,0.8734201827727007,0.06153846153846154,0.1095890410958904,0.5509958056720646,0.042659413251387605,24,651,4492,81
0.4111236333847046,0.03560830860534125,0.22857142857142856,0.8736146218160606,0.06161745827984596,0.10968921389396709,0.5510930251937446,0.042767759259716334,24,650,4493,81
0.41118088364601135,0.03566121842496285,0.22857142857142856,0.8738090608594206,0.061696658097686374,0.10978956999085086,0.5511902447154245,0.04287627342153612,24,649,4494,81
0.41122937202453613,0.03571428571428571,0.22857142857142856,0.8740034999027805,0.06177606177606178,0.10989010989010989,0.5512874642371045,0.04298495635193787,24,648,4495,81
0.4112662672996521,0.03576751117734724,0.22857142857142856,0.8741979389461404,0.061855670103092786,0.10999083409715857,0.5513846837587845,0.04309380866912861,24,647,4496,81
0.41155651211738586,0.03582089552238806,0.22857142857142856,0.8743923779895003,0.06193548387096774,0.11009174311926606,0.5514819032804644,0.04320283099445207,24,646,4497,81
0.41156870126724243,0.03587443946188341,0.22857142857142856,0.8745868170328602,0.06201550387596899,0.11019283746556474,0.5515791228021444,0.043312023952409524,24,645,4498,81
0.4116913378238678,0.03592814371257485,0.22857142857142856,0.8747812560762201,0.062095730918499355,0.11029411764705882,0.5516763423238243,0.043421388170680766,24,644,4499,81
0.4118644595146179,0.035982008995502246,0.22857142857142856,0.8749756951195801,0.06217616580310881,0.11039558417663294,0.5517735618455043,0.04353092428014528,24,643,4500,81
0.41200223565101624,0.036036036036036036,0.22857142857142856,0.8751701341629399,0.0622568093385214,0.11049723756906077,0.5518707813671843,0.04364063291490354,24,642,4501,81
0.41213738918304443,0.03609022556390978,0.22857142857142856,0.8753645732062998,0.06233766233766234,0.11059907834101383,0.5519680008888642,0.04375051471229856,24,641,4502,81
0.41228464245796204,0.03614457831325301,0.22857142857142856,0.8755590122496597,0.06241872561768531,0.11070110701107011,0.5520652204105442,0.04386057031293749,24,640,4503,81
0.4123348593711853,0.03619909502262444,0.22857142857142856,0.8757534512930196,0.0625,0.11080332409972299,0.5521624399322241,0.04397080036071356,24,639,4504,81
0.41237637400627136,0.03625377643504532,0.22857142857142856,0.8759478903363795,0.06258148631029987,0.11090573012939002,0.5522596594539041,0.04408120550282806,24,638,4505,81
0.41241878271102905,0.036308623298033284,0.22857142857142856,0.8761423293797395,0.06266318537859007,0.11100832562442182,0.552356878975584,0.044191786389812596,24,637,4506,81
0.41271018981933594,0.03636363636363636,0.22857142857142856,0.8763367684230994,0.06274509803921569,0.1111111111111111,0.552454098497264,0.04430254367555145,24,636,4507,81
0.41299131512641907,0.036418816388467376,0.22857142857142856,0.8765312074664593,0.06282722513089005,0.11121408711770157,0.552551318018944,0.044413478017304185,24,635,4508,81
0.4130547046661377,0.0364741641337386,0.22857142857142856,0.8767256465098192,0.06290956749672345,0.11131725417439703,0.5526485375406239,0.04452459007572844,24,634,4509,81
0.4134039580821991,0.0365296803652968,0.22857142857142856,0.8769200855531791,0.06299212598425197,0.11142061281337047,0.5527457570623039,0.04463588051490285,24,633,4510,81
0.41367441415786743,0.036585365853658534,0.22857142857142856,0.8771145245965389,0.06307490144546649,0.11152416356877323,0.5528429765839837,0.04474735000235025,24,632,4511,81
0.4137079119682312,0.0366412213740458,0.22857142857142856,0.8773089636398989,0.06315789473684211,0.11162790697674418,0.5529401961056637,0.04485899920906096,24,631,4512,81
0.41412726044654846,0.03669724770642202,0.22857142857142856,0.8775034026832588,0.06324110671936758,0.11173184357541899,0.5530374156273437,0.04497082880951639,24,630,4513,81
0.4142264425754547,0.036753445635528334,0.22857142857142856,0.8776978417266187,0.0633245382585752,0.11183597390493942,0.5531346351490236,0.045082839481712704,24,629,4514,81
0.4142879247665405,0.03680981595092025,0.22857142857142856,0.8778922807699786,0.06340819022457067,0.11194029850746269,0.5532318546707036,0.04519503190718483,24,628,4515,81
0.4143694043159485,0.03686635944700461,0.22857142857142856,0.8780867198133385,0.06349206349206349,0.11204481792717087,0.5533290741923835,0.045307406771030546,24,627,4516,81
0.4146175682544708,0.036923076923076927,0.22857142857142856,0.8782811588566984,0.06357615894039735,0.11214953271028037,0.5534262937140635,0.04541996476193483,24,626,4517,81
0.41468992829322815,0.03697996918335902,0.22857142857142856,0.8784755979000584,0.0636604774535809,0.11225444340505145,0.5535235132357434,0.0455327065721944,24,625,4518,81
0.41483616828918457,0.037037037037037035,0.22857142857142856,0.8786700369434183,0.06374501992031872,0.11235955056179775,0.5536207327574234,0.045645632897742476,24,624,4519,81
0.4148728549480438,0.03709428129829984,0.22857142857142856,0.8788644759867782,0.06382978723404255,0.11246485473289597,0.5537179522791034,0.045758744438173696,24,623,4520,81
0.4150616228580475,0.03715170278637771,0.22857142857142856,0.879058915030138,0.06391478029294274,0.1125703564727955,0.5538151718007833,0.04587204189676934,24,622,4521,81
0.4151894748210907,0.037209302325581395,0.22857142857142856,0.8792533540734979,0.064,0.11267605633802817,0.5539123913224633,0.0459855259805227,24,621,4522,81
0.415262907743454,0.037267080745341616,0.22857142857142856,0.8794477931168578,0.06408544726301736,0.11278195488721804,0.5540096108441432,0.046099197400164584,24,620,4523,81
0.4152931571006775,0.03732503888024884,0.22857142857142856,0.8796422321602178,0.06417112299465241,0.11288805268109126,0.5541068303658232,0.04621305687018928,24,619,4524,81
0.4153285324573517,0.03582554517133956,0.21904761904761905,0.8796422321602178,0.06157965194109773,0.10828625235404897,0.5493449256039185,0.042174109864245746,23,619,4524,82
0.4155365824699402,0.0358814352574103,0.21904761904761905,0.8798366712035777,0.06166219839142091,0.10838831291234684,0.5494421451255984,0.04228556049285355,23,618,4525,82
0.4155673682689667,0.0359375,0.21904761904761905,0.8800311102469376,0.06174496644295302,0.10849056603773585,0.5495393646472784,0.04239719430919774,23,617,4526,82
0.41564062237739563,0.03599374021909233,0.21904761904761905,0.8802255492902975,0.06182795698924731,0.10859301227573183,0.5496365841689583,0.042509012015633715,23,616,4527,82
0.41564837098121643,0.03605015673981191,0.21904761904761905,0.8804199883336574,0.06191117092866756,0.10869565217391304,0.5497338036906383,0.04262101431826144,23,615,4528,82
0.4158826768398285,0.03610675039246468,0.21904761904761905,0.8806144273770173,0.06199460916442048,0.10879848628192999,0.5498310232123182,0.04273320192695158,23,614,4529,82
0.41589686274528503,0.036163522012578615,0.21904761904761905,0.8808088664203773,0.0620782726045884,0.10890151515151515,0.5499282427339982,0.042845575555371836,23,613,4530,82
0.41607600450515747,0.03622047244094488,0.21904761904761905,0.8810033054637371,0.062162162162162166,0.10900473933649289,0.550025462255678,0.042958135921013406,23,612,4531,82
0.4166763722896576,0.03627760252365931,0.21904761904761905,0.881197744507097,0.06224627875507442,0.10910815939278938,0.550122681777358,0.04307088374521786,23,611,4532,82
0.4166824221611023,0.036334913112164295,0.21904761904761905,0.8813921835504569,0.06233062330623306,0.10921177587844255,0.550219901299038,0.043183819753204025,23,610,4533,82
0.41711822152137756,0.03639240506329114,0.21904761904761905,0.8815866225938168,0.06241519674355495,0.10931558935361217,0.5503171208207179,0.043296944674095304,23,609,4534,82
0.4171474277973175,0.03645007923930269,0.21904761904761905,0.8817810616371767,0.0625,0.10941960038058991,0.5504143403423979,0.0434102592409471,23,608,4535,82
0.41784220933914185,0.03650793650793651,0.21904761904761905,0.8819755006805367,0.06258503401360545,0.10952380952380952,0.5505115598640778,0.04352376419077453,23,607,4536,82
0.41784435510635376,0.03656597774244833,0.21904761904761905,0.8821699397238966,0.06267029972752043,0.109628217349857,0.5506087793857578,0.04363746026458033,23,606,4537,82
0.41791653633117676,0.03662420382165605,0.21904761904761905,0.8823643787672565,0.06275579809004093,0.10973282442748092,0.5507059989074378,0.043751348207383134,23,605,4538,82
0.41817575693130493,0.03668261562998405,0.21904761904761905,0.8825588178106164,0.06284153005464481,0.10983763132760267,0.5508032184291177,0.043865428768245784,23,604,4539,82
0.41824302077293396,0.036741214057507986,0.21904761904761905,0.8827532568539763,0.06292749658002736,0.10994263862332695,0.5509004379507977,0.043979702700304116,23,603,4540,82
0.41831833124160767,0.0368,0.21904761904761905,0.8829476958973362,0.06301369863013699,0.11004784688995216,0.5509976574724776,0.04409417076079581,23,602,4541,82
0.4184548854827881,0.03685897435897436,0.21904761904761905,0.883142134940696,0.06310013717421124,0.11015325670498084,0.5510948769941575,0.0442088337110896,23,601,4542,82
0.4184797704219818,0.03691813804173355,0.21904761904761905,0.883336573984056,0.06318681318681318,0.11025886864813039,0.5511920965158374,0.044323692316714736,23,600,4543,82
0.4185227155685425,0.03697749196141479,0.21904761904761905,0.8835310130274159,0.06327372764786796,0.11036468330134357,0.5512893160375174,0.04443874734739061,23,599,4544,82
0.41910073161125183,0.037037037037037035,0.21904761904761905,0.8837254520707758,0.06336088154269973,0.11047070124879924,0.5513865355591974,0.044553999577056774,23,598,4545,82
0.4191608726978302,0.037096774193548385,0.21904761904761905,0.8839198911141357,0.06344827586206897,0.11057692307692307,0.5514837550808773,0.044669449783903144,23,597,4546,82
0.41931629180908203,0.03715670436187399,0.21904761904761905,0.8841143301574956,0.06353591160220995,0.11068334937439846,0.5515809746025573,0.04478509875040043,23,596,4547,82
0.41937512159347534,0.0372168284789644,0.21904761904761905,0.8843087692008555,0.0636237897648686,0.11078998073217726,0.5516781941242372,0.04490094726333097,23,595,4548,82
0.41946470737457275,0.03727714748784441,0.21904761904761905,0.8845032082442155,0.06371191135734072,0.11089681774349083,0.5517754136459172,0.045016996113819686,23,594,4549,82
0.41968509554862976,0.037337662337662336,0.21904761904761905,0.8846976472875754,0.0638002773925104,0.111003861003861,0.5518726331675972,0.045133246097365416,23,593,4550,82
0.4196985065937042,0.03739837398373984,0.21904761904761905,0.8848920863309353,0.06388888888888888,0.1111111111111111,0.5519698526892771,0.045249698013872484,23,592,4551,82
0.42028746008872986,0.03745928338762215,0.21904761904761905,0.8850865253742951,0.06397774687065369,0.11121856866537717,0.5520670722109571,0.04536635266768255,23,591,4552,82
0.420306921005249,0.037520391517128875,0.21904761904761905,0.885280964417655,0.06406685236768803,0.11132623426911907,0.552164291732637,0.04548321086760674,23,590,4553,82
0.42031314969062805,0.03758169934640523,0.21904761904761905,0.8854754034610149,0.06415620641562064,0.11143410852713179,0.552261511254317,0.045600273426958084,23,589,4554,82
0.42072370648384094,0.03764320785597381,0.21904761904761905,0.8856698425043749,0.06424581005586592,0.11154219204655674,0.552358730775997,0.04571754116358423,23,588,4555,82
0.42079123854637146,0.03770491803278689,0.21904761904761905,0.8858642815477348,0.06433566433566433,0.11165048543689321,0.5524559502976769,0.045835014899900446,23,587,4556,82
0.42080754041671753,0.03776683087027915,0.21904761904761905,0.8860587205910947,0.06442577030812324,0.11175898931000972,0.5525531698193569,0.04595269546292292,23,586,4557,82
0.4208325445652008,0.03782894736842105,0.21904761904761905,0.8862531596344546,0.06451612903225806,0.11186770428015565,0.5526503893410368,0.04607058368430235,23,585,4558,82
0.42090871930122375,0.03789126853377265,0.21904761904761905,0.8864475986778145,0.06460674157303371,0.11197663096397274,0.5527476088627168,0.046188680400357854,23,584,4559,82
0.42159053683280945,0.037953795379537955,0.21904761904761905,0.8866420377211744,0.06469760900140648,0.11208576998050682,0.5528448283843967,0.0463069864521112,23,583,4560,82
0.4216003715991974,0.03801652892561983,0.21904761904761905,0.8868364767645344,0.0647887323943662,0.11219512195121951,0.5529420479060767,0.046425502685321265,23,582,4561,82
0.4217233955860138,0.03642384105960265,0.20952380952380953,0.8868364767645344,0.06205923836389281,0.107421875,0.548180143144172,0.042280140173612216,22,582,4561,83
0.42178836464881897,0.03482587064676617,0.2,0.8868364767645344,0.059322033898305086,0.10263929618768329,0.5434182383822672,0.038128839825558106,21,582,4561,84
0.4221290647983551,0.03488372093023256,0.2,0.8870309158078942,0.0594059405940594,0.10273972602739725,0.5435154579039471,0.0382418256253235,21,581,4562,84
0.4221784472465515,0.03494176372712146,0.2,0.8872253548512541,0.059490084985835696,0.10284035259549461,0.543612677425627,0.038355008592985976,21,580,4563,84
0.4223591089248657,0.035,0.2,0.887419793894614,0.059574468085106386,0.10294117647058823,0.543709896947307,0.038468389530045756,21,579,4564,84
0.4224022626876831,0.035058430717863104,0.2,0.8876142329379739,0.05965909090909091,0.10304219823356231,0.5438071164689869,0.03858196924255259,21,578,4565,84
0.4226129651069641,0.03511705685618729,0.2,0.8878086719813338,0.059743954480796585,0.1031434184675835,0.5439043359906669,0.038695748541139406,21,577,4566,84
0.42280063033103943,0.035175879396984924,0.2,0.8880031110246938,0.05982905982905983,0.10324483775811209,0.5440015555123469,0.03880972824105638,21,576,4567,84
0.42292290925979614,0.03523489932885906,0.2,0.8881975500680537,0.05991440798858773,0.10334645669291338,0.5440987750340268,0.038923909162205304,21,575,4568,84
0.4229606091976166,0.03529411764705882,0.2,0.8883919891114136,0.06,0.10344827586206896,0.5441959945557068,0.039038292129174264,21,574,4569,84
0.42304667830467224,0.03535353535353535,0.2,0.8885864281547735,0.060085836909871244,0.10355029585798817,0.5442932140773867,0.039152877971272614,21,573,4570,84
0.4231150448322296,0.03541315345699832,0.2,0.8887808671981334,0.06017191977077364,0.10365251727541955,0.5443904335990667,0.039267667522566316,21,572,4571,84
0.42315351963043213,0.03547297297297297,0.2,0.8889753062414933,0.06025824964131994,0.10375494071146245,0.5444876531207467,0.03938266162191355,21,571,4572,84
0.42316490411758423,0.03553299492385787,0.2,0.8891697452848532,0.0603448275862069,0.10385756676557864,0.5445848726424266,0.039497861113000694,21,570,4573,84
0.42321649193763733,0.03559322033898305,0.2,0.8893641843282131,0.060431654676258995,0.10396039603960396,0.5446820921641066,0.039613266844378645,21,569,4574,84
0.4232632517814636,0.035653650254668934,0.2,0.889558623371573,0.06051873198847262,0.10406342913776016,0.5447793116857865,0.0397288796694994,21,568,4575,84
0.4233688414096832,0.03571428571428571,0.2,0.8897530624149329,0.06060606060606061,0.10416666666666667,0.5448765312074665,0.0398447004467531,21,567,4576,84
0.4234278202056885,0.03577512776831346,0.2,0.8899475014582928,0.06069364161849711,0.10427010923535253,0.5449737507291464,0.039960730039505274,21,566,4577,84
0.423459529876709,0.03583617747440273,0.2,0.8901419405016527,0.060781476121562955,0.10437375745526839,0.5450709702508264,0.040076969316134574,21,565,4578,84
0.42375442385673523,0.035897435897435895,0.2,0.8903363795450127,0.06086956521739131,0.1044776119402985,0.5451681897725064,0.04019341915007071,21,564,4579,84
0.4237690269947052,0.03595890410958904,0.2,0.8905308185883726,0.06095791001451379,0.10458167330677291,0.5452654092941863,0.0403100804198329,21,563,4580,84
0.42378854751586914,0.036020583190394515,0.2,0.8907252576317325,0.061046511627906974,0.10468594217347957,0.5453626288158663,0.04042695400906855,21,562,4581,84
0.4239450693130493,0.03608247422680412,0.2,0.8909196966750924,0.0611353711790393,0.10479041916167664,0.5454598483375462,0.04054404080659235,21,561,4582,84
0.42394527792930603,0.03442340791738382,0.19047619047619047,0.8909196966750924,0.05830903790087463,0.0999000999000999,0.5406979435756414,0.03632439637229322,20,561,4582,85
0.42399847507476807,0.034482758620689655,0.19047619047619047,0.8911141357184522,0.058394160583941604,0.1,0.5407951630973213,0.03643864010305196,20,560,4583,85
0.4241785407066345,0.03454231433506045,0.19047619047619047,0.8913085747618121,0.05847953216374269,0.1001001001001001,0.5408923826190013,0.03655309071560644,20,559,4584,85
0.42425188422203064,0.03460207612456748,0.19047619047619047,0.891503013805172,0.05856515373352855,0.10020040080160321,0.5409896021406813,0.03666774908081469,20,558,4585,85
0.42429134249687195,0.03466204506065858,0.19047619047619047,0.891697452848532,0.05865102639296188,0.10030090270812438,0.5410868216623612,0.036782616074665625,20,557,4586,85
0.42432576417922974,0.034722222222222224,0.19047619047619047,0.8918918918918919,0.05873715124816446,0.10040160642570281,0.5411840411840412,0.036897692578318514,20,556,4587,85
0.4243311583995819,0.034782608695652174,0.19047619047619047,0.8920863309352518,0.058823529411764705,0.10050251256281408,0.5412812607057211,0.037012979478142846,20,555,4588,85
0.42471346259117126,0.03484320557491289,0.19047619047619047,0.8922807699786117,0.05891016200294551,0.1006036217303823,0.5413784802274011,0.03712847766575859,20,554,4589,85
0.4248008131980896,0.034904013961605584,0.19047619047619047,0.8924752090219716,0.058997050147492625,0.10070493454179255,0.541475699749081,0.037244188038076824,20,553,4590,85
0.42481517791748047,0.03496503496503497,0.19047619047619047,0.8926696480653316,0.059084194977843424,0.10080645161290322,0.541572919270761,0.03736011149734076,20,552,4591,85
0.42486149072647095,0.03502626970227671,0.19047619047619047,0.8928640871086915,0.05917159763313609,0.10090817356205853,0.541670138792441,0.037476248951167114,20,551,4592,85
0.4248783588409424,0.03508771929824561,0.19047619047619047,0.8930585261520513,0.05925925925925926,0.10101010101010101,0.5417673583141209,0.03759260131258793,20,550,4593,85
0.42489033937454224,0.0351493848857645,0.19047619047619047,0.8932529651954112,0.05934718100890208,0.10111223458038422,0.5418645778358009,0.037709169500092794,20,549,4594,85
0.42514973878860474,0.035211267605633804,0.19047619047619047,0.8934474042387711,0.05943536404160475,0.10121457489878542,0.5419617973574808,0.03782595443767142,20,548,4595,85
0.42541733384132385,0.03527336860670194,0.19047619047619047,0.893641843282131,0.05952380952380952,0.10131712259371833,0.5420590168791608,0.03794295705485668,20,547,4596,85
0.42553260922431946,0.0353356890459364,0.19047619047619047,0.893836282325491,0.05961251862891207,0.10141987829614604,0.5421562364008408,0.038060178286768005,20,546,4597,85
0.4258558750152588,0.035398230088495575,0.19047619047619047,0.8940307213688509,0.05970149253731343,0.10152284263959391,0.5422534559225207,0.03817761907415527,20,545,4598,85
0.4259820878505707,0.03546099290780142,0.19047619047619047,0.8942251604122108,0.059790732436472344,0.1016260162601626,0.5423506754442007,0.03829528036344303,20,544,4599,85
0.4261460304260254,0.03374777975133215,0.18095238095238095,0.8942251604122108,0.05688622754491018,0.09664292980671414,0.5375887706822958,0.03401590539089879,19,544,4599,86
0.4261629283428192,0.033807829181494664,0.18095238095238095,0.8944195994555707,0.05697151424287856,0.09674134419551934,0.5376859902039758,0.034130569767190075,19,543,4600,86
0.42645588517189026,0.0338680926916221,0.18095238095238095,0.8946140384989306,0.057057057057057055,0.09683995922528033,0.5377832097256557,0.03424544775448164,19,542,4601,86
0.4265108108520508,0.033928571428571426,0.18095238095238095,0.8948084775422905,0.05714285714285714,0.09693877551020408,0.5378804292473357,0.034360540278750754,19,541,4602,86
0.4265553653240204,0.03398926654740608,0.18095238095238095,0.8950029165856503,0.0572289156626506,0.09703779366700716,0.5379776487690157,0.03447584827160353,19,540,4603,86
0.42669856548309326,0.034050179211469536,0.18095238095238095,0.8951973556290103,0.05731523378582202,0.09713701431492842,0.5380748682906956,0.03459137267031955,19,539,4604,86
0.4268207252025604,0.03411131059245961,0.18095238095238095,0.8953917946723702,0.05740181268882175,0.09723643807574207,0.5381720878123756,0.0347071144178971,19,538,4605,86
0.4270485043525696,0.0341726618705036,0.18095238095238095,0.8955862337157301,0.057488653555219364,0.09733606557377049,0.5382693073340555,0.03482307446309867,19,537,4606,86
0.4272284209728241,0.03423423423423423,0.18095238095238095,0.89578067275909,0.05757575757575758,0.09743589743589744,0.5383665268557355,0.034939253760497044,19,536,4607,86
0.42723727226257324,0.03429602888086643,0.18095238095238095,0.8959751118024499,0.057663125948406675,0.09753593429158111,0.5384637463774155,0.03505565327052171,19,535,4608,86
0.42731696367263794,0.034358047016274866,0.18095238095238095,0.8961695508458098,0.057750759878419454,0.09763617677286741,0.5385609658990954,0.035172273959505895,19,534,4609,86
0.42743629217147827,0.034420289855072464,0.18095238095238095,0.8963639898891698,0.0578386605783866,0.09773662551440329,0.5386581854207754,0.03528911679973391,19,533,4610,86
0.4275653064250946,0.034482758620689655,0.18095238095238095,0.8965584289325297,0.057926829268292686,0.09783728115345006,0.5387554049424553,0.03540618276948903,19,532,4611,86
0.4276188611984253,0.034545454545454546,0.18095238095238095,0.8967528679758896,0.05801526717557252,0.0979381443298969,0.5388526244641353,0.03552347285310183,19,531,4612,86
0.42762964963912964,0.03460837887067395,0.18095238095238095,0.8969473070192495,0.0581039755351682,0.09803921568627451,0.5389498439858152,0.03564098804099904,19,530,4613,86
0.42768433690071106,0.03467153284671533,0.18095238095238095,0.8971417460626093,0.05819295558958652,0.0981404958677686,0.5390470635074951,0.035758729329752846,19,529,4614,86
0.42791375517845154,0.03473491773308958,0.18095238095238095,0.8973361851059692,0.05828220858895705,0.09824198552223372,0.539144283029175,0.035876697722130646,19,528,4615,86
0.42822563648223877,0.0347985347985348,0.18095238095238095,0.8975306241493292,0.05837173579109063,0.09834368530020704,0.539241502550855,0.03599489422714543,19,527,4616,86
0.42849966883659363,0.03486238532110092,0.18095238095238095,0.8977250631926891,0.05846153846153846,0.09844559585492228,0.539338722072535,0.0361133198601065,19,526,4617,86
0.42850711941719055,0.034926470588235295,0.18095238095238095,0.897919502236049,0.05855161787365177,0.09854771784232365,0.5394359415942149,0.036231975642670826,19,525,4618,86
0.4285556375980377,0.034990791896869246,0.18095238095238095,0.8981139412794089,0.05864197530864197,0.09865005192107996,0.5395331611158949,0.03635086260289484,19,524,4619,86
0.4287456274032593,0.03505535055350553,0.18095238095238095,0.8983083803227688,0.05873261205564142,0.09875259875259876,0.5396303806375748,0.036469981775286826,19,523,4620,86
0.42900463938713074,0.03512014787430684,0.18095238095238095,0.8985028193661287,0.058823529411764705,0.09885535900104059,0.5397276001592548,0.03658933420085971,19,522,4621,86
0.42908576130867004,0.03518518518518519,0.18095238095238095,0.8986972584094887,0.05891472868217054,0.09895833333333333,0.5398248196809348,0.03670892092718456,19,521,4622,86
0.42915844917297363,0.03525046382189239,0.18095238095238095,0.8988916974528486,0.059006211180124224,0.09906152241918666,0.5399220392026147,0.03682874300844444,19,520,4623,86
0.42918816208839417,0.03531598513011153,0.18095238095238095,0.8990861364962084,0.05909797822706065,0.09916492693110647,0.5400192587242947,0.036948801505488946,19,519,4624,86
0.42930975556373596,0.035381750465549346,0.18095238095238095,0.8992805755395683,0.059190031152647975,0.09926854754440961,0.5401164782459746,0.03706909748588925,19,518,4625,86
0.4295416474342346,0.03544776119402985,0.18095238095238095,0.8994750145829282,0.059282371294851796,0.09937238493723849,0.5402136977676546,0.03718963202399366,19,517,4626,86
0.4295519292354584,0.03551401869158879,0.18095238095238095,0.8996694536262881,0.059375,0.09947643979057591,0.5403109172893346,0.03731040620098385,19,516,4627,86
0.4296005964279175,0.035580524344569285,0.18095238095238095,0.8998638926696481,0.0594679186228482,0.09958071278825996,0.5404081368110145,0.03743142110493152,19,515,4628,86
0.4296092092990875,0.03564727954971857,0.18095238095238095,0.900058331713008,0.05956112852664577,0.09968520461699895,0.5405053563326945,0.03755267783085579,19,514,4629,86
0.4296204745769501,0.03383458646616541,0.17142857142857143,0.900058331713008,0.0565149136577708,0.09453781512605042,0.5357434515707897,0.033165510067227746,18,514,4629,87
0.42987269163131714,0.03389830508474576,0.17142857142857143,0.9002527707563679,0.05660377358490566,0.0946372239747634,0.5358406710924697,0.033283488689613894,18,513,4630,87
0.4300755560398102,0.033962264150943396,0.17142857142857143,0.9004472097997278,0.05669291338582677,0.09473684210526316,0.5359378906141496,0.033401701207140325,18,512,4631,87
0.4301570653915405,0.034026465028355386,0.17142857142857143,0.9006416488430877,0.056782334384858045,0.09483667017913593,0.5360351101358296,0.033520148689982016,18,511,4632,87
0.4302043914794922,0.03409090909090909,0.17142857142857143,0.9008360878864476,0.05687203791469194,0.0949367088607595,0.5361323296575096,0.033638832215203154,18,510,4633,87
0.43033552169799805,0.03415559772296015,0.17142857142857143,0.9010305269298075,0.056962025316455694,0.09503695881731784,0.5362295491791894,0.033757752866815094,18,509,4634,87
0.43034613132476807,0.034220532319391636,0.17142857142857143,0.9012249659731674,0.05705229793977813,0.09513742071881606,0.5363267687008694,0.033876911735834826,18,508,4635,87
0.4303678870201111,0.03428571428571429,0.17142857142857143,0.9014194050165273,0.05714285714285714,0.09523809523809523,0.5364239882225493,0.03399630992034416,18,507,4636,87
0.43038004636764526,0.03435114503816794,0.17142857142857143,0.9016138440598872,0.057233704292527825,0.09533898305084745,0.5365212077442293,0.03411594852554942,18,506,4637,87
0.4306957721710205,0.03441682600382409,0.17142857142857143,0.9018082831032471,0.05732484076433121,0.09544008483563096,0.5366184272659092,0.03423582866384185,18,505,4638,87
0.43073856830596924,0.034482758620689655,0.17142857142857143,0.902002722146607,0.05741626794258373,0.09554140127388536,0.5367156467875892,0.0343559514548586,18,504,4639,87
0.43076929450035095,0.0345489443378119,0.17142857142857143,0.902197161189967,0.05750798722044728,0.09564293304994687,0.5368128663092692,0.03447631802554433,18,503,4640,87
0.43079477548599243,0.03461538461538462,0.17142857142857143,0.9023916002333269,0.0576,0.09574468085106383,0.5369100858309491,0.03459692951021353,18,502,4641,87
0.43080243468284607,0.03468208092485549,0.17142857142857143,0.9025860392766868,0.057692307692307696,0.09584664536741214,0.5370073053526291,0.03471778705061343,18,501,4642,87
0.4309374988079071,0.03474903474903475,0.17142857142857143,0.9027804783200467,0.05778491171749599,0.09594882729211088,0.537104524874309,0.034838891795987585,18,500,4643,87
0.4309852123260498,0.03481624758220503,0.17142857142857143,0.9029749173634066,0.05787781350482315,0.096051227321238,0.537201744395989,0.03496024490314014,18,499,4644,87
0.43101200461387634,0.03488372093023256,0.17142857142857143,0.9031693564067664,0.057971014492753624,0.09615384615384616,0.537298963917669,0.03508184753650078,18,498,4645,87
0.4311574399471283,0.03495145631067961,0.17142857142857143,0.9033637954501264,0.05806451612903226,0.0962566844919786,0.5373961834393489,0.035203700868190343,18,497,4646,87
0.43142107129096985,0.03501945525291829,0.17142857142857143,0.9035582344934863,0.05815831987075929,0.09635974304068523,0.5374934029610289,0.03532580607808716,18,496,4647,87
0.4318580627441406,0.03508771929824561,0.17142857142857143,0.9037526735368462,0.05825242718446602,0.09646302250803858,0.5375906224827088,0.03544816435389407,18,495,4648,87
0.4318622052669525,0.03515625,0.17142857142857143,0.9039471125802061,0.05834683954619125,0.09656652360515021,0.5376878420043888,0.035570776891206135,18,494,4649,87
0.43204885721206665,0.03522504892367906,0.17142857142857143,0.904141551623566,0.05844155844155844,0.0966702470461869,0.5377850615260688,0.03569364489357912,18,493,4650,87
0.4320950508117676,0.03529411764705882,0.17142857142857143,0.9043359906669259,0.05853658536585366,0.0967741935483871,0.5378822810477487,0.0358167695725987,18,492,4651,87
0.4321610927581787,0.03536345776031434,0.17142857142857143,0.9045304297102859,0.05863192182410423,0.0968783638320775,0.5379795005694287,0.03594015214795038,18,491,4652,87
0.4323158264160156,0.03543307086614173,0.17142857142857143,0.9047248687536458,0.05872756933115824,0.09698275862068965,0.5380767200911086,0.036063793847490117,18,490,4653,87
0.43232274055480957,0.03550295857988166,0.17142857142857143,0.9049193077970057,0.058823529411764705,0.0970873786407767,0.5381739396127886,0.03618769590731585,18,489,4654,87
0.432551771402359,0.03557312252964427,0.17142857142857143,0.9051137468403655,0.058919803600654665,0.09719222462203024,0.5382711591344684,0.03631185957183967,18,488,4655,87
0.43272921442985535,0.03564356435643564,0.17142857142857143,0.9053081858837254,0.05901639344262295,0.0972972972972973,0.5383683786561484,0.036436286093860765,18,487,4656,87
0.43303725123405457,0.03571428571428571,0.17142857142857143,0.9055026249270853,0.059113300492610835,0.09740259740259741,0.5384655981778284,0.036560976734639254,18,486,4657,87
0.4331698417663574,0.03578528827037773,0.17142857142857143,0.9056970639704452,0.05921052631578947,0.09750812567713976,0.5385628176995083,0.03668593276397071,18,485,4658,87
0.43321236968040466,0.035856573705179286,0.17142857142857143,0.9058915030138052,0.05930807248764415,0.09761388286334056,0.5386600372211883,0.036811155460261605,18,484,4659,87
0.4332897663116455,0.03592814371257485,0.17142857142857143,0.9060859420571651,0.0594059405940594,0.09771986970684039,0.5387572567428682,0.03693664611060544,18,483,4660,87
0.4335154891014099,0.036,0.17142857142857143,0.906280381100525,0.05950413223140496,0.09782608695652174,0.5388544762645482,0.037062406010859805,18,482,4661,87
0.43363139033317566,0.036072144288577156,0.17142857142857143,0.9064748201438849,0.059602649006622516,0.09793253536452666,0.5389516957862281,0.03718843646572427,18,481,4662,87
0.43398505449295044,0.03614457831325301,0.17142857142857143,0.9066692591872448,0.05970149253731343,0.09803921568627451,0.5390489153079081,0.03731473878881908,18,480,4663,87
0.4341702163219452,0.03621730382293763,0.17142857142857143,0.9068636982306048,0.059800664451827246,0.09814612868047982,0.5391461348295881,0.03744131430276473,18,479,4664,87
0.43443310260772705,0.036290322580645164,0.17142857142857143,0.9070581372739646,0.059900166389351084,0.0982532751091703,0.539243354351268,0.03756816433926249,18,478,4665,87
0.4344578683376312,0.03636363636363636,0.17142857142857143,0.9072525763173245,0.06,0.09836065573770492,0.539340573872948,0.037695290239175644,18,477,4666,87
0.4345051348209381,0.03643724696356275,0.17142857142857143,0.9074470153606844,0.06010016694490818,0.09846827133479212,0.5394377933946279,0.037822693352611826,18,476,4667,87
0.4346764087677002,0.036511156186612576,0.17142857142857143,0.9076414544040443,0.06020066889632107,0.09857612267250822,0.5395350129163079,0.03795037503900612,18,475,4668,87
0.4349118173122406,0.036585365853658534,0.17142857142857143,0.9078358934474042,0.06030150753768844,0.09868421052631579,0.5396322324379879,0.03807833666720512,18,474,4669,87
0.43503960967063904,0.03665987780040733,0.17142857142857143,0.9080303324907641,0.06040268456375839,0.09879253567508232,0.5397294519596678,0.038206579615551996,18,473,4670,87
0.4351484775543213,0.036734693877551024,0.17142857142857143,0.9082247715341241,0.06050420168067227,0.0989010989010989,0.5398266714813478,0.03833510527197235,18,472,4671,87
0.4353901147842407,0.03680981595092025,0.17142857142857143,0.908419210577484,0.06060606060606061,0.09900990099009901,0.5399238910030277,0.03846391503406118,18,471,4672,87
0.43583056330680847,0.036885245901639344,0.17142857142857143,0.9086136496208439,0.06070826306913996,0.09911894273127753,0.5400211105247077,0.03859301030917075,18,470,4673,87
0.4359253942966461,0.03696098562628337,0.17142857142857143,0.9088080886642038,0.060810810810810814,0.09922822491730982,0.5401183300463877,0.03872239251449942,18,469,4674,87
0.43596529960632324,0.037037037037037035,0.17142857142857143,0.9090025277075636,0.06091370558375635,0.09933774834437085,0.5402155495680675,0.03885206307718151,18,468,4675,87
0.43624821305274963,0.03711340206185567,0.17142857142857143,0.9091969667509235,0.061016949152542375,0.09944751381215469,0.5403127690897475,0.03898202343437818,18,467,4676,87
0.4363722503185272,0.0371900826446281,0.17142857142857143,0.9093914057942835,0.06112054329371817,0.09955752212389381,0.5404099886114274,0.03911227503336928,18,466,4677,87
0.43642479181289673,0.037267080745341616,0.17142857142857143,0.9095858448376434,0.061224489795918366,0.09966777408637874,0.5405072081331074,0.0392428193316463,18,465,4678,87
0.4364534020423889,0.03734439834024896,0.17142857142857143,0.9097802838810033,0.06132879045996593,0.09977827050997783,0.5406044276547873,0.03937365779700629,18,464,4679,87
0.4367319643497467,0.037422037422037424,0.17142857142857143,0.9099747229243632,0.06143344709897611,0.09988901220865705,0.5407016471764673,0.03950479190764697,18,463,4680,87
0.43694090843200684,0.0375,0.17142857142857143,0.9101691619677231,0.06153846153846154,0.1,0.5407988666981473,0.03963622315226279,18,462,4681,87
0.43697595596313477,0.037578288100208766,0.17142857142857143,0.910363601011083,0.06164383561643835,0.10011123470522804,0.5408960862198272,0.039767953030142134,18,461,4682,87
0.43712034821510315,0.03765690376569038,0.17142857142857143,0.910558040054443,0.06174957118353345,0.10022271714922049,0.5409933057415072,0.03989998305126563,18,460,4683,87
0.4372122287750244,0.03773584905660377,0.17142857142857143,0.9107524790978029,0.061855670103092786,0.10033444816053512,0.5410905252631871,0.04003231473640563,18,459,4684,87
0.43723157048225403,0.037815126050420166,0.17142857142857143,0.9109469181411628,0.06196213425129088,0.10044642857142858,0.5411877447848671,0.040164949617226726,18,458,4685,87
0.437287837266922,0.037894736842105266,0.17142857142857143,0.9111413571845226,0.06206896551724138,0.1005586592178771,0.541284964306547,0.040297889236387524,18,457,4686,87
0.4374174475669861,0.0379746835443038,0.17142857142857143,0.9113357962278825,0.06217616580310881,0.10067114093959731,0.541382183828227,0.040431135147643495,18,456,4687,87
0.43762144446372986,0.03805496828752643,0.17142857142857143,0.9115302352712424,0.06228373702422145,0.10078387458006718,0.541479403349907,0.040564688915951094,18,455,4688,87
0.437661737203598,0.038135593220338986,0.17142857142857143,0.9117246743146024,0.06239168110918544,0.10089686098654709,0.5415766228715869,0.04069855211757301,18,454,4689,87
0.43779438734054565,0.03821656050955414,0.17142857142857143,0.9119191133579623,0.0625,0.10101010101010101,0.5416738423932669,0.040832726340184686,18,453,4690,87
0.4378351867198944,0.03829787234042553,0.17142857142857143,0.9121135524013222,0.06260869565217392,0.10112359550561797,0.5417710619149468,0.04096721318298206,18,452,4691,87
0.4383465349674225,0.03837953091684435,0.17142857142857143,0.9123079914446821,0.0627177700348432,0.10123734533183353,0.5418682814366268,0.041102014256790526,18,451,4692,87
0.43867021799087524,0.038461538461538464,0.17142857142857143,0.912502430488042,0.06282722513089005,0.10135135135135136,0.5419655009583068,0.04123713118417519,18,450,4693,87
0.43903350830078125,0.03854389721627409,0.17142857142857143,0.9126968695314019,0.06293706293706294,0.10146561443066517,0.5420627204799867,0.041372565599552436,18,449,4694,87
0.43909767270088196,0.03862660944206009,0.17142857142857143,0.9128913085747619,0.06304728546409807,0.10158013544018059,0.5421599400016667,0.04150831914930275,18,448,4695,87
0.4393315017223358,0.03655913978494624,0.1619047619047619,0.9128913085747619,0.05964912280701754,0.096045197740113,0.5373980352397619,0.03685573079012955,17,448,4695,88
0.43939557671546936,0.036637931034482756,0.1619047619047619,0.9130857476181217,0.05975395430579965,0.09615384615384616,0.5374952547614418,0.03698747122914128,17,447,4696,88
0.43972668051719666,0.0367170626349892,0.1619047619047619,0.9132801866614816,0.05985915492957746,0.09626274065685164,0.5375924742831217,0.037119520039262485,17,446,4697,88
0.43978968262672424,0.0367965367965368,0.1619047619047619,0.9134746257048415,0.059964726631393295,0.0963718820861678,0.5376896938048017,0.03725187883040438,17,445,4698,88
0.43986010551452637,0.0368763557483731,0.1619047619047619,0.9136690647482014,0.06007067137809187,0.09648127128263337,0.5377869133264817,0.03738454922437644,17,444,4699,88
0.4399230182170868,0.03695652173913044,0.1619047619047619,0.9138635037915613,0.06017699115044248,0.09659090909090909,0.5378841328481616,0.03751753285500102,17,443,4700,88
0.4400077164173126,0.037037037037037035,0.1619047619047619,0.9140579428349213,0.06028368794326241,0.09670079635949944,0.5379813523698416,0.03765083136822944,17,442,4701,88
0.440337598323822,0.03711790393013101,0.1619047619047619,0.9142523818782812,0.06039076376554174,0.09681093394077449,0.5380785718915215,0.03778444642225944,17,441,4702,88
0.44035935401916504,0.037199124726477024,0.1619047619047619,0.9144468209216411,0.060498220640569395,0.09692132269099202,0.5381757914132015,0.03791837968765397,17,440,4703,88
0.4404063820838928,0.03728070175438596,0.1619047619047619,0.914641259965001,0.06060606060606061,0.09703196347031963,0.5382730109348814,0.038052632847461465,17,439,4704,88
0.44045886397361755,0.03736263736263736,0.1619047619047619,0.9148356990083609,0.060714285714285714,0.09714285714285714,0.5383702304565614,0.038187207597337534,17,438,4705,88
0.4407159090042114,0.037444933920704845,0.1619047619047619,0.9150301380517207,0.06082289803220036,0.09725400457665904,0.5384674499782414,0.038322105645668104,17,437,4706,88
0.4408007860183716,0.037527593818984545,0.1619047619047619,0.9152245770950806,0.06093189964157706,0.09736540664375716,0.5385646694999213,0.03845732871369406,17,436,4707,88
0.4408438503742218,0.03761061946902655,0.1619047619047619,0.9154190161384406,0.06104129263913824,0.09747706422018348,0.5386618890216013,0.03859287853563738,17,435,4708,88
0.4408573508262634,0.037694013303769404,0.1619047619047619,0.9156134551818005,0.06115107913669065,0.09758897818599312,0.5387591085432812,0.03872875685882877,17,434,4709,88
0.4408632814884186,0.03777777777777778,0.1619047619047619,0.9158078942251604,0.06126126126126126,0.09770114942528736,0.5388563280649612,0.038864965443836906,17,433,4710,88
0.4412389099597931,0.0378619153674833,0.1619047619047619,0.9160023332685203,0.061371841155234655,0.09781357882623705,0.5389535475866412,0.03900150606459915,17,432,4711,88
0.44148287177085876,0.03794642857142857,0.1619047619047619,0.9161967723118802,0.06148282097649186,0.097926267281106,0.5390507671083211,0.03913838050855395,17,431,4712,88
0.4415726065635681,0.03803131991051454,0.1619047619047619,0.9163912113552402,0.06159420289855073,0.09803921568627451,0.5391479866300011,0.039275590576774815,17,430,4713,88
0.4415966868400574,0.03811659192825112,0.1619047619047619,0.9165856503986001,0.06170598911070781,0.09815242494226328,0.539245206151681,0.039413138084105875,17,429,4714,88
0.4419403076171875,0.038202247191011236,0.1619047619047619,0.91678008944196,0.06181818181818182,0.09826589595375723,0.539342425673361,0.039551024859299205,17,428,4715,88
0.44220080971717834,0.038288288288288286,0.1619047619047619,0.9169745284853199,0.061930783242258654,0.09837962962962964,0.539439645195041,0.03968925274515375,17,427,4716,88
0.4422869384288788,0.03837471783295711,0.1619047619047619,0.9171689675286797,0.06204379562043796,0.0984936268829664,0.5395368647167208,0.03982782359865597,17,426,4717,88
0.44240936636924744,0.038461538461538464,0.1619047619047619,0.9173634065720396,0.062157221206581355,0.09860788863109049,0.5396340842384008,0.03996673929112228,17,425,4718,88
0.4429449141025543,0.03854875283446712,0.1619047619047619,0.9175578456153995,0.06227106227106227,0.09872241579558652,0.5397313037600807,0.04010600170834315,17,424,4719,88
0.4433416426181793,0.038636363636363635,0.1619047619047619,0.9177522846587595,0.062385321100917435,0.09883720930232558,0.5398285232817607,0.04024561275072907,17,423,4720,88
0.4433490037918091,0.0387243735763098,0.1619047619047619,0.9179467237021194,0.0625,0.0989522700814901,0.5399257428034406,0.0403855743334583,17,422,4721,88
0.443405419588089,0.03881278538812785,0.1619047619047619,0.9181411627454793,0.06261510128913444,0.09906759906759907,0.5400229623251206,0.04052588838662648,17,421,4722,88
0.4435071647167206,0.038901601830663615,0.1619047619047619,0.9183356017888392,0.06273062730627306,0.09918319719953325,0.5401201818468006,0.040666556855398,17,420,4723,88
0.4437739849090576,0.0389908256880734,0.1619047619047619,0.9185300408321991,0.06284658040665435,0.09929906542056074,0.5402174013684805,0.04080758170015945,17,419,4724,88
0.44382092356681824,0.03908045977011494,0.1619047619047619,0.918724479875559,0.06296296296296296,0.09941520467836257,0.5403146208901605,0.04094896489667477,17,418,4725,88
0.4438438415527344,0.03917050691244239,0.1619047619047619,0.918918918918919,0.06307977736549165,0.09953161592505855,0.5404118404118404,0.041090708436242594,17,417,4726,88
0.4441794455051422,0.03926096997690531,0.1619047619047619,0.9191133579622788,0.06319702602230483,0.09964830011723329,0.5405090599335204,0.041232814325855315,17,416,4727,88
0.44436073303222656,0.03935185185185185,0.1619047619047619,0.9193077970056387,0.0633147113594041,0.09976525821596244,0.5406062794552003,0.04137528458836038,17,415,4728,88
0.44443249702453613,0.03944315545243619,0.1619047619047619,0.9195022360489986,0.06343283582089553,0.099882491186839,0.5407034989768803,0.04151812126262346,17,414,4729,88
0.44445112347602844,0.03953488372093023,0.1619047619047619,0.9196966750923585,0.06355140186915888,0.1,0.5408007184985603,0.04166132640369379,17,413,4730,88
0.4444785416126251,0.039627039627039624,0.1619047619047619,0.9198911141357184,0.06367041198501873,0.10011778563015312,0.5408979380202402,0.04180490208297157,17,412,4731,88
0.44448843598365784,0.0397196261682243,0.1619047619047619,0.9200855531790784,0.06378986866791744,0.10023584905660378,0.5409951575419202,0.041948850388377514,17,411,4732,88
0.4445446729660034,0.03981264637002342,0.1619047619047619,0.9202799922224383,0.06390977443609022,0.10035419126328217,0.5410923770636001,0.04209317342452447,17,410,4733,88
0.44470664858818054,0.03990610328638498,0.1619047619047619,0.9204744312657982,0.064030131826742,0.10047281323877069,0.5411895965852801,0.04223787331289145,17,409,4734,88
0.44483086466789246,0.04,0.1619047619047619,0.9206688703091581,0.06415094339622641,0.10059171597633136,0.5412868161069601,0.04238295219199963,17,408,4735,88
0.4450600743293762,0.04009433962264151,0.1619047619047619,0.920863309352518,0.06427221172022685,0.10071090047393365,0.54138403562864,0.04252841221759084,17,407,4736,88
0.4457763135433197,0.04018912529550828,0.1619047619047619,0.9210577483958778,0.06439393939393939,0.10083036773428232,0.5414812551503199,0.042674255562808155,17,406,4737,88
0.4457870125770569,0.04028436018957346,0.1619047619047619,0.9212521874392378,0.06451612903225806,0.10095011876484561,0.5415784746719998,0.04282048441837897,17,405,4738,88
0.4458272159099579,0.040380047505938245,0.1619047619047619,0.9214466264825977,0.06463878326996197,0.10107015457788347,0.5416756941936798,0.04296710099280039,17,404,4739,88
0.44612252712249756,0.04047619047619048,0.1619047619047619,0.9216410655259576,0.06476190476190476,0.10119047619047619,0.5417729137153597,0.04311410751252702,17,403,4740,88
0.4463243782520294,0.0405727923627685,0.1619047619047619,0.9218355045693175,0.0648854961832061,0.10131108462455304,0.5418701332370397,0.04326150622216117,17,402,4741,88
0.4463641345500946,0.04066985645933014,0.1619047619047619,0.9220299436126774,0.06500956022944551,0.10143198090692124,0.5419673527587197,0.04340929938464562,17,401,4742,88
0.4466208517551422,0.0407673860911271,0.1619047619047619,0.9222243826560373,0.06513409961685823,0.1015531660692951,0.5420645722803996,0.04355748928145881,17,400,4743,88
0.44683921337127686,0.040865384615384616,0.1619047619047619,0.9224188216993973,0.06525911708253358,0.10167464114832536,0.5421617918020796,0.04370607821281268,17,399,4744,88
0.44684848189353943,0.04096385542168675,0.1619047619047619,0.9226132607427572,0.06538461538461539,0.10179640718562874,0.5422590113237595,0.043855068497853006,17,398,4745,88
0.446958065032959,0.04106280193236715,0.1619047619047619,0.9228076997861171,0.06551059730250482,0.10191846522781775,0.5423562308454395,0.04400446247486249,17,397,4746,88
0.4471152424812317,0.04116222760290557,0.1619047619047619,0.9230021388294769,0.06563706563706563,0.10204081632653061,0.5424534503671194,0.044154262501466396,17,396,4747,88
0.44722041487693787,0.0412621359223301,0.1619047619047619,0.9231965778728368,0.06576402321083172,0.10216346153846154,0.5425506698887994,0.04430447095484106,17,395,4748,88
0.44726723432540894,0.038929440389294405,0.1523809523809524,0.9231965778728368,0.06201550387596899,0.09626955475330927,0.5377887651268947,0.03939006095472428,16,395,4748,89
0.44751495122909546,0.03902439024390244,0.1523809523809524,0.9233910169161967,0.062135922330097085,0.0963855421686747,0.5378859846485746,0.039535444497454476,16,394,4749,89
0.4475184977054596,0.039119804400977995,0.1523809523809524,0.9235854559595567,0.0622568093385214,0.09650180940892641,0.5379832041702546,0.03968122221001762,16,393,4750,89
0.4476087987422943,0.0392156862745098,0.1523809523809524,0.9237798950029166,0.06237816764132553,0.0966183574879227,0.5380804236919345,0.039827396417924724,16,392,4751,89
0.44775646924972534,0.03931203931203931,0.1523809523809524,0.9239743340462765,0.0625,0.09673518742442563,0.5381776432136145,0.039973969466185255,16,391,4752,89
0.44788748025894165,0.03940886699507389,0.1523809523809524,0.9241687730896364,0.06262230919765166,0.09685230024213075,0.5382748627352945,0.04012094371952022,16,390,4753,89
0.44790056347846985,0.03950617283950617,0.1523809523809524,0.9243632121329963,0.06274509803921569,0.09696969696969697,0.5383720822569744,0.04026832156257811,16,389,4754,89
0.44797271490097046,0.039603960396039604,0.1523809523809524,0.9245576511763562,0.06286836935166994,0.0970873786407767,0.5384693017786544,0.04041610540015377,16,388,4755,89
0.4482394754886627,0.03970223325062035,0.1523809523809524,0.9247520902197162,0.06299212598425197,0.09720534629404617,0.5385665213003343,0.040564297657410146,16,387,4756,89
0.44831928610801697,0.03980099502487562,0.1523809523809524,0.9249465292630761,0.0631163708086785,0.09732360097323602,0.5386637408220143,0.04071290078010318,16,386,4757,89
0.44835159182548523,0.0399002493765586,0.1523809523809524,0.9251409683064359,0.06324110671936758,0.09744214372716199,0.5387609603436941,0.040861917234809614,16,385,4758,89
0.4486078917980194,0.04,0.1523809523809524,0.9253354073497958,0.06336633663366337,0.0975609756097561,0.5388581798653741,0.04101134950915801,16,384,4759,89
0.4486558437347412,0.040100250626566414,0.1523809523809524,0.9255298463931557,0.06349206349206349,0.09768009768009768,0.5389553993870541,0.041161200112062854,16,383,4760,89
0.44894281029701233,0.04020100502512563,0.1523809523809524,0.9257242854365156,0.0636182902584493,0.097799511002445,0.539052618908734,0.041311471573961894,16,382,4761,89
0.4490358829498291,0.04030226700251889,0.1523809523809524,0.9259187244798756,0.06374501992031872,0.09791921664626684,0.539149838430414,0.04146216644705673,16,381,4762,89
0.44970276951789856,0.04040404040404041,0.1523809523809524,0.9261131635232355,0.06387225548902195,0.09803921568627451,0.5392470579520939,0.041613287305556725,16,380,4763,89
0.4497588872909546,0.04050632911392405,0.1523809523809524,0.9263076025665954,0.064,0.09815950920245399,0.5393442774737739,0.041764836745926265,16,379,4764,89
0.44981566071510315,0.04060913705583756,0.1523809523809524,0.9265020416099553,0.06412825651302605,0.09828009828009827,0.5394414969954539,0.04191681738713542,16,378,4765,89
0.4499712884426117,0.04071246819338423,0.1523809523809524,0.9266964806533152,0.0642570281124498,0.0984009840098401,0.5395387165171338,0.04206923187091416,16,377,4766,89
0.4499819278717041,0.04081632653061224,0.1523809523809524,0.9268909196966751,0.06438631790744467,0.09852216748768473,0.5396359360388138,0.04222208286200999,16,376,4767,89
0.450000137090683,0.04092071611253197,0.1523809523809524,0.927085358740035,0.06451612903225806,0.09864364981504316,0.5397331555604936,0.04237537304844929,16,375,4768,89
0.45018506050109863,0.041025641025641026,0.1523809523809524,0.9272797977833949,0.06464646464646465,0.09876543209876543,0.5398303750821736,0.04252910514180219,16,374,4769,89
0.4505835771560669,0.04113110539845758,0.1523809523809524,0.9274742368267548,0.06477732793522267,0.09888751545117429,0.5399275946038535,0.04268328187745131,16,373,4770,89
0.45064106583595276,0.041237113402061855,0.1523809523809524,0.9276686758701147,0.06490872210953347,0.09900990099009901,0.5400248141255335,0.04283790601486406,16,372,4771,89
0.45085978507995605,0.041343669250646,0.1523809523809524,0.9278631149134746,0.06504065040650407,0.09913258983890955,0.5401220336472135,0.042992980337869025,16,371,4772,89
0.4509536027908325,0.04145077720207254,0.1523809523809524,0.9280575539568345,0.06517311608961303,0.09925558312655088,0.5402192531688934,0.04314850765493602,16,370,4773,89
0.45100170373916626,0.04155844155844156,0.1523809523809524,0.9282519930001945,0.0653061224489796,0.09937888198757763,0.5403164726905734,0.04330449079946026,16,369,4774,89
0.4510344862937927,0.041666666666666664,0.1523809523809524,0.9284464320435544,0.065439672801636,0.09950248756218906,0.5404136922122533,0.04346093263005056,16,368,4775,89
0.4511496424674988,0.04177545691906005,0.1523809523809524,0.9286408710869143,0.06557377049180328,0.099626400996264,0.5405109117339333,0.04361783603082149,16,367,4776,89
0.45137861371040344,0.041884816753926704,0.1523809523809524,0.9288353101302742,0.06570841889117043,0.09975062344139651,0.5406081312556132,0.04377520391168989,16,366,4777,89
0.4516262412071228,0.04199475065616798,0.1523809523809524,0.929029749173634,0.06584362139917696,0.09987515605493133,0.5407053507772932,0.04393303920867551,16,365,4778,89
0.4518294036388397,0.042105263157894736,0.1523809523809524,0.9292241882169939,0.06597938144329897,0.1,0.5408025702989732,0.04409134488420596,16,364,4779,89
0.4519873261451721,0.04221635883905013,0.1523809523809524,0.9294186272603538,0.06611570247933884,0.10012515644555695,0.5408997898206531,0.04425012392742615,16,363,4780,89
0.45201829075813293,0.042328042328042326,0.1523809523809524,0.9296130663037138,0.06625258799171843,0.10025062656641603,0.5409970093423331,0.044409379354512044,16,362,4781,89
0.45202550292015076,0.042440318302387266,0.1523809523809524,0.9298075053470737,0.06639004149377593,0.10037641154328733,0.541094228864013,0.04456911420898904,16,361,4782,89
0.45206961035728455,0.0425531914893617,0.1523809523809524,0.9300019443904336,0.06652806652806653,0.10050251256281408,0.541191448385693,0.044729331562055004,16,360,4783,89
0.45227164030075073,0.042666666666666665,0.1523809523809524,0.9301963834337935,0.06666666666666667,0.10062893081761007,0.541288667907373,0.04489003451290787,16,359,4784,89
0.45240235328674316,0.0427807486631016,0.1523809523809524,0.9303908224771534,0.06680584551148225,0.10075566750629723,0.5413858874290529,0.045051226189078156,16,358,4785,89
0.45247501134872437,0.04289544235924933,0.1523809523809524,0.9305852615205134,0.06694560669456066,0.1008827238335435,0.5414831069507329,0.04521290974676621,16,357,4786,89
0.4527243971824646,0.043010752688172046,0.1523809523809524,0.9307797005638733,0.06708595387840671,0.10101010101010101,0.5415803264724128,0.04537508837118453,16,356,4787,89
0.45302462577819824,0.0431266846361186,0.1523809523809524,0.9309741396072332,0.06722689075630252,0.1011378002528445,0.5416775459940928,0.045537765276905,16,355,4788,89
0.4535676836967468,0.04054054054054054,0.14285714285714285,0.9309741396072332,0.06315789473684211,0.0949367088607595,0.536915641232188,0.04038513732094473,15,355,4788,90
0.45364218950271606,0.04065040650406504,0.14285714285714285,0.931168578650593,0.06329113924050633,0.09505703422053231,0.5370128607538679,0.040542167965521396,15,354,4789,90
0.45366573333740234,0.04076086956521739,0.14285714285714285,0.9313630176939529,0.06342494714587738,0.09517766497461928,0.5371100802755479,0.0406996787080629,15,353,4790,90
0.45367708802223206,0.04087193460490463,0.14285714285714285,0.9315574567373128,0.0635593220338983,0.09529860228716645,0.5372072997972278,0.04085767269303809,15,352,4791,90
0.45372530817985535,0.040983606557377046,0.14285714285714285,0.9317518957806727,0.06369426751592357,0.09541984732824428,0.5373045193189078,0.041016153094260176,15,351,4792,90
0.45391377806663513,0.0410958904109589,0.14285714285714285,0.9319463348240327,0.06382978723404255,0.09554140127388536,0.5374017388405877,0.04117512311524355,15,350,4793,90
0.4540615379810333,0.04120879120879121,0.14285714285714285,0.9321407738673926,0.06396588486140725,0.09566326530612244,0.5374989583622677,0.04133458598956595,15,349,4794,90
0.45411673188209534,0.04132231404958678,0.14285714285714285,0.9323352129107525,0.0641025641025641,0.09578544061302682,0.5375961778839476,0.04149454498123598,15,348,4795,90
0.4544510245323181,0.04143646408839779,0.14285714285714285,0.9325296519541124,0.06423982869379015,0.0959079283887468,0.5376933974056276,0.04165500338506625,15,347,4796,90
0.4547831118106842,0.04155124653739612,0.14285714285714285,0.9327240909974723,0.06437768240343347,0.09603072983354674,0.5377906169273076,0.0418159645270521,15,346,4797,90
0.45493122935295105,0.041666666666666664,0.14285714285714285,0.9329185300408323,0.06451612903225806,0.09615384615384616,0.5378878364489875,0.041977431764756046,15,345,4798,90
0.4554111063480377,0.04178272980501393,0.14285714285714285,0.9331129690841921,0.06465517241379311,0.0962772785622593,0.5379850559706675,0.042139408487698135,15,344,4799,90
0.4554862976074219,0.04189944134078212,0.14285714285714285,0.933307408127552,0.06479481641468683,0.09640102827763496,0.5380822754923474,0.042301898117752146,15,343,4800,90
0.4557081460952759,0.04201680672268908,0.14285714285714285,0.9335018471709119,0.06493506493506493,0.09652509652509653,0.5381794950140274,0.042464904109547896,15,342,4801,90
0.4565087854862213,0.042134831460674156,0.14285714285714285,0.9336962862142718,0.0650759219088937,0.09664948453608248,0.5382767145357074,0.042628429950879725,15,341,4802,90
0.4565487205982208,0.04225352112676056,0.14285714285714285,0.9338907252576317,0.06521739130434782,0.0967741935483871,0.5383739340573873,0.042792479163121164,15,340,4803,90
0.456584095954895,0.0423728813559322,0.14285714285714285,0.9340851643009916,0.06535947712418301,0.09689922480620156,0.5384711535790673,0.04295705530164611,15,339,4804,90
0.45669665932655334,0.042492917847025496,0.14285714285714285,0.9342796033443516,0.06550218340611354,0.09702457956015524,0.5385683731007472,0.04312216195625639,15,338,4805,90
0.4568043053150177,0.04261363636363636,0.14285714285714285,0.9344740423877115,0.06564551422319474,0.09715025906735751,0.5386655926224272,0.04328780275161599,15,337,4806,90
0.4569936692714691,0.042735042735042736,0.14285714285714285,0.9346684814310714,0.06578947368421052,0.09727626459143969,0.5387628121441072,0.043453981347692086,15,336,4807,90
0.4574589729309082,0.04285714285714286,0.14285714285714285,0.9348629204744313,0.06593406593406594,0.09740259740259741,0.5388600316657871,0.043620701440202816,15,335,4808,90
0.45759880542755127,0.04297994269340974,0.14285714285714285,0.9350573595177911,0.06607929515418502,0.09752925877763328,0.538957251187467,0.04378796676107218,15,334,4809,90
0.45775437355041504,0.04310344827586207,0.14285714285714285,0.935251798561151,0.06622516556291391,0.09765625,0.5390544707091469,0.04395578107889196,15,333,4810,90
0.4580240547657013,0.043227665706051875,0.14285714285714285,0.935446237604511,0.06637168141592921,0.09778357235984354,0.5391516902308269,0.04412414819939095,15,332,4811,90
0.45811694860458374,0.04335260115606936,0.14285714285714285,0.9356406766478709,0.06651884700665188,0.097911227154047,0.5392489097525068,0.04429307196591158,15,331,4812,90
0.45819857716560364,0.043478260869565216,0.14285714285714285,0.9358351156912308,0.06666666666666667,0.09803921568627451,0.5393461292741868,0.04446255625989405,15,330,4813,90
0.45857489109039307,0.0436046511627907,0.14285714285714285,0.9360295547345907,0.066815144766147,0.09816753926701571,0.5394433487958668,0.04463260500136813,15,329,4814,90
0.4586189389228821,0.043731778425655975,0.14285714285714285,0.9362239937779506,0.06696428571428571,0.0982961992136304,0.5395405683175467,0.0448032221494528,15,328,4815,90
0.4586711525917053,0.043859649122807015,0.14285714285714285,0.9364184328213105,0.06711409395973154,0.0984251968503937,0.5396377878392267,0.04497441170286386,15,327,4816,90
0.4587506055831909,0.04398826979472141,0.14285714285714285,0.9366128718646705,0.06726457399103139,0.09855453350854139,0.5397350073609066,0.045146177700429634,15,326,4817,90
0.4593632221221924,0.04411764705882353,0.14285714285714285,0.9368073109080304,0.06741573033707865,0.09868421052631579,0.5398322268825866,0.0453185242216149,15,325,4818,90
0.45936402678489685,0.04424778761061947,0.14285714285714285,0.9370017499513902,0.06756756756756757,0.09881422924901186,0.5399294464042665,0.04549145538705337,15,324,4819,90
0.4595946669578552,0.04437869822485207,0.14285714285714285,0.9371961889947501,0.06772009029345373,0.09894459102902374,0.5400266659259465,0.04566497535908862,15,323,4820,90
0.459852933883667,0.04451038575667656,0.14285714285714285,0.93739062803811,0.06787330316742081,0.09907529722589167,0.5401238854476265,0.0458390883423239,15,322,4821,90
0.4599692225456238,0.044642857142857144,0.14285714285714285,0.9375850670814699,0.06802721088435375,0.0992063492063492,0.5402211049693064,0.046013798584180705,15,321,4822,90
0.459987998008728,0.04477611940298507,0.14285714285714285,0.9377795061248299,0.06818181818181818,0.09933774834437085,0.5403183244909864,0.046189110375466635,15,320,4823,90
0.45999518036842346,0.04491017964071856,0.14285714285714285,0.9379739451681898,0.0683371298405467,0.09946949602122016,0.5404155440126663,0.046365028050952356,15,319,4824,90
0.46011435985565186,0.04504504504504504,0.14285714285714285,0.9381683842115497,0.0684931506849315,0.099601593625498,0.5405127635343463,0.04654155598995808,15,318,4825,90
0.46018466353416443,0.045180722891566265,0.14285714285714285,0.9383628232549096,0.06864988558352403,0.09973404255319149,0.5406099830560263,0.046718698616949696,15,317,4826,90
0.4603714048862457,0.045317220543806644,0.14285714285714285,0.9385572622982695,0.06880733944954129,0.09986684420772303,0.5407072025777062,0.04689646040214468,15,316,4827,90
0.4605032503604889,0.045454545454545456,0.14285714285714285,0.9387517013416294,0.06896551724137931,0.1,0.5408044220993862,0.04707484586212802,15,315,4828,90
0.46070289611816406,0.04559270516717325,0.14285714285714285,0.9389461403849894,0.06912442396313365,0.10013351134846461,0.5409016416210661,0.04725385956047838,15,314,4829,90
0.46079230308532715,0.04573170731707317,0.14285714285714285,0.9391405794283492,0.06928406466512702,0.10026737967914438,0.540998861142746,0.04743350610840467,15,313,4830,90
0.46081483364105225,0.045871559633027525,0.14285714285714285,0.9393350184717091,0.06944444444444445,0.10040160642570281,0.5410960806644259,0.04761379016539316,15,312,4831,90
0.4609348177909851,0.046012269938650305,0.14285714285714285,0.939529457515069,0.06960556844547564,0.10053619302949061,0.5411933001861059,0.04779471643986554,15,311,4832,90
0.4610091745853424,0.046153846153846156,0.14285714285714285,0.9397238965584289,0.06976744186046512,0.10067114093959731,0.5412905197077859,0.04797628968984793,15,310,4833,90
0.46143221855163574,0.046296296296296294,0.14285714285714285,0.9399183356017888,0.06993006993006994,0.10080645161290322,0.5413877392294658,0.048158514723651166,15,309,4834,90
0.46158188581466675,0.04643962848297214,0.14285714285714285,0.9401127746451488,0.07009345794392523,0.1009421265141319,0.5414849587511458,0.0483413964005626,15,308,4835,90
0.46160635352134705,0.046583850931677016,0.14285714285714285,0.9403072136885087,0.0702576112412178,0.10107816711590296,0.5415821782728257,0.0485249396315496,15,307,4836,90
0.461900532245636,0.04672897196261682,0.14285714285714285,0.9405016527318686,0.07042253521126761,0.10121457489878542,0.5416793977945057,0.048709149379974996,15,306,4837,90
0.46209824085235596,0.046875,0.14285714285714285,0.9406960917752285,0.07058823529411765,0.10135135135135136,0.5417766173161856,0.048894030662324735,15,305,4838,90
0.46212533116340637,0.047021943573667714,0.14285714285714285,0.9408905308185884,0.07075471698113207,0.10148849797023005,0.5418738368378656,0.049079588548947964,15,304,4839,90
0.46262067556381226,0.04716981132075472,0.14285714285714285,0.9410849698619482,0.07092198581560284,0.1016260162601626,0.5419710563595456,0.049265828164809795,15,303,4840,90
0.46279147267341614,0.0473186119873817,0.14285714285714285,0.9412794089053081,0.07109004739336493,0.10176390773405698,0.5420682758812255,0.049452754690257075,15,302,4841,90
0.46279504895210266,0.04746835443037975,0.14285714285714285,0.9414738479486681,0.07125890736342043,0.10190217391304347,0.5421654954029055,0.04964037336179729,15,301,4842,90
0.46290555596351624,0.047619047619047616,0.14285714285714285,0.941668286992028,0.07142857142857142,0.10204081632653061,0.5422627149245854,0.049828689472891034,15,300,4843,90
0.4631582796573639,0.04777070063694268,0.14285714285714285,0.9418627260353879,0.07159904534606205,0.10217983651226158,0.5423599344462654,0.05001770837475819,15,299,4844,90
0.46320146322250366,0.04792332268370607,0.14285714285714285,0.9420571650787478,0.07177033492822966,0.10231923601637108,0.5424571539679454,0.05020743547719822,15,298,4845,90
0.4635544717311859,0.04807692307692308,0.14285714285714285,0.9422516041221077,0.07194244604316546,0.10245901639344263,0.5425543734896253,0.0503978762494247,15,297,4846,90
0.4637015163898468,0.04823151125401929,0.14285714285714285,0.9424460431654677,0.07211538461538461,0.10259917920656635,0.5426515930113053,0.05058903622091459,15,296,4847,90
0.4638344943523407,0.04838709677419355,0.14285714285714285,0.9426404822088276,0.07228915662650602,0.10273972602739725,0.5427488125329852,0.05078092098227239,15,295,4848,90
0.4638510048389435,0.045307443365695796,0.13333333333333333,0.9426404822088276,0.06763285024154589,0.09602194787379972,0.5379869077710805,0.04519268004554336,14,295,4848,91
0.4641014635562897,0.045454545454545456,0.13333333333333333,0.9428349212521875,0.06779661016949153,0.09615384615384616,0.5380841272927605,0.04537724059124311,14,294,4849,91
0.4642960727214813,0.04560260586319218,0.13333333333333333,0.9430293602955473,0.06796116504854369,0.09628610729023383,0.5381813468144403,0.045562499025307304,14,293,4850,91
0.4643160104751587,0.0457516339869281,0.13333333333333333,0.9432237993389072,0.0681265206812652,0.09641873278236915,0.5382785663361203,0.04574846083133356,14,292,4851,91
0.4645235538482666,0.04590163934426229,0.13333333333333333,0.9434182383822671,0.06829268292682927,0.09655172413793103,0.5383757858578002,0.04593513155446343,14,291,4852,91
0.46453219652175903,0.046052631578947366,0.13333333333333333,0.943612677425627,0.06845965770171149,0.09668508287292818,0.5384730053794802,0.04612251680228173,14,290,4853,91
0.4649236500263214,0.0462046204620462,0.13333333333333333,0.943807116468987,0.06862745098039216,0.09681881051175657,0.5385702249011601,0.04631062224573211,14,289,4854,91
0.46496790647506714,0.046357615894039736,0.13333333333333333,0.9440015555123469,0.0687960687960688,0.09695290858725762,0.5386674444228401,0.0464994536200492,14,288,4855,91
0.4650673568248749,0.04318936877076412,0.12380952380952381,0.9440015555123469,0.06403940886699508,0.09015256588072122,0.5339055396609353,0.040836580205858654,13,288,4855,92
0.4651508033275604,0.043333333333333335,0.12380952380952381,0.9441959945557068,0.06419753086419754,0.09027777777777778,0.5340027591826153,0.04101772737245877,13,287,4856,92
0.46519896388053894,0.043478260869565216,0.12380952380952381,0.9443904335990667,0.06435643564356436,0.09040333796940195,0.5340999787042953,0.041199571018818916,13,286,4857,92
0.46528610587120056,0.0436241610738255,0.12380952380952381,0.9445848726424266,0.06451612903225806,0.0905292479108635,0.5341971982259752,0.04138211675163398,13,285,4858,92
0.4659077823162079,0.04377104377104377,0.12380952380952381,0.9447793116857865,0.06467661691542288,0.09065550906555091,0.5342944177476552,0.04156537024214829,13,284,4859,92
0.46591565012931824,0.04391891891891892,0.12380952380952381,0.9449737507291465,0.06483790523690773,0.09078212290502793,0.5343916372693351,0.0417493372271238,13,283,4860,92
0.46619465947151184,0.04406779661016949,0.12380952380952381,0.9451681897725063,0.065,0.09090909090909091,0.5344888567910151,0.04193402350982617,13,282,4861,92
0.46619653701782227,0.04421768707482993,0.12380952380952381,0.9453626288158662,0.06516290726817042,0.09103641456582633,0.5345860763126951,0.04211943496102906,13,281,4862,92
0.4669266939163208,0.04436860068259386,0.12380952380952381,0.9455570678592261,0.06532663316582915,0.091164095371669,0.534683295834375,0.04230557752003717,13,280,4863,92
0.4670211672782898,0.04452054794520548,0.12380952380952381,0.945751506902586,0.0654911838790932,0.09129213483146068,0.534780515356055,0.04249245719572836,13,279,4864,92
0.46703365445137024,0.041237113402061855,0.11428571428571428,0.945751506902586,0.06060606060606061,0.08438818565400844,0.5300186105941501,0.03673394238955521,12,279,4864,93
0.4670768082141876,0.041379310344827586,0.11428571428571428,0.9459459459459459,0.060759493670886074,0.08450704225352113,0.5301158301158301,0.036912672184163366,12,278,4865,93
0.4672023057937622,0.04152249134948097,0.11428571428571428,0.9461403849893059,0.06091370558375635,0.0846262341325811,0.53021304963751,0.03709210632582123,12,277,4866,93
0.4675936698913574,0.041666666666666664,0.11428571428571428,0.9463348240326658,0.061068702290076333,0.0847457627118644,0.53031026915919,0.03727225066716805,12,276,4867,93
0.4678178131580353,0.041811846689895474,0.11428571428571428,0.9465292630760257,0.061224489795918366,0.08486562942008487,0.53040748868087,0.03745311113049378,12,275,4868,93
0.46810874342918396,0.04195804195804196,0.11428571428571428,0.9467237021193856,0.061381074168797956,0.08498583569405099,0.5305047082025499,0.03763469370881958,12,274,4869,93
0.46818220615386963,0.042105263157894736,0.11428571428571428,0.9469181411627455,0.06153846153846154,0.0851063829787234,0.5306019277242299,0.03781700446699895,12,273,4870,93
0.4685511887073517,0.04225352112676056,0.11428571428571428,0.9471125802061053,0.061696658097686374,0.08522727272727272,0.5306991472459098,0.03800004954283996,12,272,4871,93
0.4688320755958557,0.04240282685512368,0.11428571428571428,0.9473070192494653,0.061855670103092786,0.08534850640113797,0.5307963667675898,0.038183835148249155,12,271,4872,93
0.46897581219673157,0.0425531914893617,0.11428571428571428,0.9475014582928252,0.06201550387596899,0.08547008547008547,0.5308935862892697,0.03836836757039749,12,270,4873,93
0.46930283308029175,0.042704626334519574,0.11428571428571428,0.9476958973361851,0.06217616580310881,0.08559201141226819,0.5309908058109497,0.038553653172908875,12,269,4874,93
0.46984779834747314,0.04285714285714286,0.11428571428571428,0.947890336379545,0.06233766233766234,0.08571428571428572,0.5310880253326297,0.03873969839707192,12,268,4875,93
0.47002092003822327,0.03942652329749104,0.10476190476190476,0.947890336379545,0.057291666666666664,0.07868383404864092,0.5263261205707249,0.03286118144038238,11,268,4875,94
0.4700329303741455,0.039568345323741004,0.10476190476190476,0.9480847754229049,0.057441253263707574,0.07879656160458452,0.5264233400924049,0.03303847779844379,11,267,4876,94
0.47005462646484375,0.039711191335740074,0.10476190476190476,0.9482792144662648,0.05759162303664921,0.07890961262553801,0.5265205596140848,0.033216496633522934,11,266,4877,94
0.47017571330070496,0.03985507246376811,0.10476190476190476,0.9484736535096248,0.05774278215223097,0.07902298850574713,0.5266177791357648,0.03339524419357424,11,265,4878,94
0.47017592191696167,0.04,0.10476190476190476,0.9486680925529847,0.05789473684210526,0.07913669064748201,0.5267149986574448,0.033574726804062954,11,264,4879,94
0.47021934390068054,0.040145985401459854,0.10476190476190476,0.9488625315963446,0.05804749340369393,0.0792507204610951,0.5268122181791247,0.03375495086921943,11,263,4880,94
0.47043317556381226,0.040293040293040296,0.10476190476190476,0.9490569706397044,0.0582010582010582,0.07936507936507936,0.5269094377008046,0.03393592287331826,11,262,4881,94
0.4706658124923706,0.04044117647058824,0.10476190476190476,0.9492514096830643,0.058355437665782495,0.07947976878612717,0.5270066572224845,0.03411764938198312,11,261,4882,94
0.47071731090545654,0.04059040590405904,0.10476190476190476,0.9494458487264242,0.05851063829787234,0.07959479015918958,0.5271038767441645,0.03430013704351783,11,260,4883,94
0.47104611992836,0.040740740740740744,0.10476190476190476,0.9496402877697842,0.058666666666666666,0.07971014492753623,0.5272010962658444,0.03448339259026423,11,259,4884,94
0.4711308479309082,0.03717472118959108,0.09523809523809523,0.9496402877697842,0.053475935828877004,0.07256894049346879,0.5224391915039397,0.028496591002513248,10,259,4884,95
0.4711626470088959,0.03731343283582089,0.09523809523809523,0.9498347268131441,0.05361930294906166,0.07267441860465117,0.5225364110256197,0.028670521580777254,10,258,4885,95
0.47141608595848083,0.03745318352059925,0.09523809523809523,0.950029165856504,0.053763440860215055,0.07278020378457059,0.5226336305472996,0.028845178337159195,10,257,4886,95
0.4718415141105652,0.03759398496240601,0.09523809523809523,0.9502236048998639,0.05390835579514825,0.0728862973760933,0.5227308500689796,0.02902056776678189,10,256,4887,95
0.4721844494342804,0.03773584905660377,0.09523809523809523,0.9504180439432238,0.05405405405405406,0.072992700729927,0.5228280695906595,0.02919669644825826,10,255,4888,95
0.47220784425735474,0.03787878787878788,0.09523809523809523,0.9506124829865837,0.05420054200542006,0.07309941520467836,0.5229252891123395,0.02937357104509222,10,254,4889,95
0.472327321767807,0.03802281368821293,0.09523809523809523,0.9508069220299437,0.05434782608695652,0.07320644216691069,0.5230225086340194,0.029551198307108437,10,253,4890,95
0.47233515977859497,0.03816793893129771,0.09523809523809523,0.9510013610733035,0.05449591280653951,0.07331378299120235,0.5231197281556994,0.029729585071911896,10,252,4891,95
0.4724544286727905,0.038314176245210725,0.09523809523809523,0.9511958001166634,0.0546448087431694,0.07342143906020558,0.5232169476773794,0.029908738266377834,10,251,4892,95
0.4732385277748108,0.038461538461538464,0.09523809523809523,0.9513902391600233,0.0547945205479452,0.07352941176470588,0.5233141671990593,0.030088664908172892,10,250,4893,95
0.4733274281024933,0.03861003861003861,0.09523809523809523,0.9515846782033832,0.054945054945054944,0.07363770250368189,0.5234113867207393,0.030269372107308217,10,249,4894,95
0.4735387861728668,0.03875968992248062,0.09523809523809523,0.9517791172467431,0.05509641873278237,0.07374631268436578,0.5235086062424192,0.030450867067725346,10,248,4895,95
0.4735686779022217,0.038910505836575876,0.09523809523809523,0.951973556290103,0.055248618784530384,0.07385524372230429,0.5236058257640992,0.03063315708891566,10,247,4896,95
0.4738048017024994,0.0390625,0.09523809523809523,0.952167995333463,0.055401662049861494,0.07396449704142012,0.5237030452857792,0.030816249567574273,10,246,4897,95
0.4743160605430603,0.0392156862745098,0.09523809523809523,0.9523624343768229,0.05555555555555555,0.07407407407407407,0.5238002648074591,0.031000151999289252,10,245,4898,95
0.474912166595459,0.03937007874015748,0.09523809523809523,0.9525568734201828,0.055710306406685235,0.07418397626112759,0.5238974843291391,0.03118487198026699,10,244,4899,95
0.47498729825019836,0.039525691699604744,0.09523809523809523,0.9527513124635427,0.055865921787709494,0.07429420505200594,0.523994703850819,0.03137041720909476,10,243,4900,95
0.47500306367874146,0.03968253968253968,0.09523809523809523,0.9529457515069026,0.056022408963585436,0.0744047619047619,0.524091923372499,0.03155679548854129,10,242,4901,95
0.47512438893318176,0.0398406374501992,0.09523809523809523,0.9531401905502624,0.056179775280898875,0.07451564828614009,0.5241891428941788,0.03174401472739644,10,241,4902,95
0.4752500355243683,0.04,0.09523809523809523,0.9533346295936224,0.056338028169014086,0.07462686567164178,0.5242863624158588,0.031932082942350906,10,240,4903,95
0.475259393453598,0.040160642570281124,0.09523809523809523,0.9535290686369823,0.05649717514124294,0.07473841554559044,0.5243835819375388,0.032121008259917025,10,239,4904,95
0.47564104199409485,0.04032258064516129,0.09523809523809523,0.9537235076803422,0.056657223796033995,0.0748502994011976,0.5244808014592187,0.032310798918391774,10,238,4905,95
0.4762846827507019,0.04048582995951417,0.09523809523809523,0.9539179467237021,0.056818181818181816,0.07496251874062969,0.5245780209808987,0.032501463269863015,10,237,4906,95
0.4776983857154846,0.04065040650406504,0.09523809523809523,0.954112385767062,0.05698005698005698,0.07507507507507508,0.5246752405025786,0.032693009782260155,10,236,4907,95
0.477914422750473,0.04081632653061224,0.09523809523809523,0.954306824810422,0.05714285714285714,0.07518796992481203,0.5247724600242586,0.03288544704145039,10,235,4908,95
0.4781932830810547,0.040983606557377046,0.09523809523809523,0.9545012638537819,0.05730659025787966,0.07530120481927711,0.5248696795459386,0.03307878375338169,10,234,4909,95
0.47872596979141235,0.0411522633744856,0.09523809523809523,0.9546957028971418,0.05747126436781609,0.07541478129713423,0.5249668990676185,0.033273028746273865,10,233,4910,95
0.47898051142692566,0.04132231404958678,0.09523809523809523,0.9548901419405017,0.05763688760806916,0.0755287009063444,0.5250641185892985,0.03346819097285887,10,232,4911,95
0.4790339469909668,0.04149377593360996,0.09523809523809523,0.9550845809838615,0.057803468208092484,0.07564296520423601,0.5251613381109783,0.0336642795126718,10,231,4912,95
0.47942468523979187,0.041666666666666664,0.09523809523809523,0.9552790200272214,0.057971014492753624,0.07575757575757576,0.5252585576326583,0.033861303574393806,10,230,4913,95
0.4797692596912384,0.04184100418410042,0.09523809523809523,0.9554734590705813,0.05813953488372093,0.07587253414264036,0.5253557771543382,0.034059272498248416,10,229,4914,95
0.4800383746623993,0.04201680672268908,0.09523809523809523,0.9556678981139413,0.05830903790087463,0.07598784194528875,0.5254529966760182,0.03425819575845273,10,228,4915,95
0.48117005825042725,0.04219409282700422,0.09523809523809523,0.9558623371573012,0.05847953216374269,0.076103500761035,0.5255502161976982,0.03445808296572488,10,227,4916,95
0.4814646244049072,0.0423728813559322,0.09523809523809523,0.9560567762006611,0.05865102639296188,0.07621951219512195,0.5256474357193781,0.03465894386984941,10,226,4917,95
0.4817371368408203,0.0425531914893617,0.09523809523809523,0.956251215244021,0.058823529411764705,0.07633587786259542,0.5257446552410581,0.034860788362302095,10,225,4918,95
0.48239865899086,0.042735042735042736,0.09523809523809523,0.9564456542873809,0.058997050147492625,0.0764525993883792,0.525841874762738,0.03506362647893581,10,224,4919,95
0.4829312860965729,0.04291845493562232,0.09523809523809523,0.9566400933307408,0.05917159763313609,0.07656967840735068,0.525939094284418,0.0352674684027293,10,223,4920,95
0.48302409052848816,0.04310344827586207,0.09523809523809523,0.9568345323741008,0.05934718100890208,0.07668711656441718,0.5260363138060979,0.03547232446660035,10,222,4921,95
0.4830302596092224,0.04329004329004329,0.09523809523809523,0.9570289714174606,0.05952380952380952,0.07680491551459294,0.5261335333277779,0.03567820515628541,10,221,4922,95
0.4830494523048401,0.043478260869565216,0.09523809523809523,0.9572234104608205,0.05970149253731343,0.07692307692307693,0.5262307528494579,0.03588512111328737,10,220,4923,95
0.4831780195236206,0.043668122270742356,0.09523809523809523,0.9574178495041804,0.059880239520958084,0.07704160246533127,0.5263279723711378,0.0360930831378934,10,219,4924,95
0.4832814335823059,0.043859649122807015,0.09523809523809523,0.9576122885475403,0.06006006006006006,0.07716049382716049,0.5264251918928178,0.03630210219226503,10,218,4925,95
0.4834403097629547,0.04405286343612335,0.09523809523809523,0.9578067275909002,0.060240963855421686,0.07727975270479134,0.5265224114144977,0.03651218940360229,10,217,4926,95
0.4836927652359009,0.04424778761061947,0.09523809523809523,0.9580011666342602,0.06042296072507553,0.07739938080495357,0.5266196309361777,0.036723356067384125,10,216,4927,95
0.483717143535614,0.044444444444444446,0.09523809523809523,0.9581956056776201,0.06060606060606061,0.07751937984496124,0.5267168504578577,0.036935613650687316,10,215,4928,95
0.48500242829322815,0.044642857142857144,0.09523809523809523,0.95839004472098,0.060790273556231005,0.07763975155279502,0.5268140699795376,0.03714897379558615,10,214,4929,95
0.48512956500053406,0.04484304932735426,0.09523809523809523,0.9585844837643399,0.06097560975609756,0.07776049766718507,0.5269112895012176,0.037363448322635044,10,213,4930,95
0.48531413078308105,0.04504504504504504,0.09523809523809523,0.9587789228076998,0.06116207951070336,0.0778816199376947,0.5270085090228975,0.037579049234436765,10,212,4931,95
0.48584413528442383,0.04524886877828054,0.09523809523809523,0.9589733618510597,0.06134969325153374,0.078003120124805,0.5271057285445775,0.03779578871929854,10,211,4932,95
0.48595568537712097,0.045454545454545456,0.09523809523809523,0.9591678008944196,0.06153846153846154,0.078125,0.5272029480662574,0.038013679154978795,10,210,4933,95
0.4862150549888611,0.045662100456621,0.09523809523809523,0.9593622399377795,0.06172839506172839,0.0782472613458529,0.5273001675879374,0.038232733112527034,10,209,4934,95
0.48634132742881775,0.045871559633027525,0.09523809523809523,0.9595566789811394,0.06191950464396285,0.07836990595611286,0.5273973871096174,0.03845296336021977,10,208,4935,95
0.486397385597229,0.04608294930875576,0.09523809523809523,0.9597511180244993,0.062111801242236024,0.07849293563579278,0.5274946066312973,0.03867438286759528,10,207,4936,95
0.48671674728393555,0.046296296296296294,0.09523809523809523,0.9599455570678592,0.06230529595015576,0.07861635220125786,0.5275918261529773,0.03889700480959013,10,206,4937,95
0.48681640625,0.046511627906976744,0.09523809523809523,0.9601399961112191,0.0625,0.07874015748031496,0.5276890456746572,0.03912084257078059,10,205,4938,95
0.48683834075927734,0.04672897196261682,0.09523809523809523,0.9603344351545791,0.06269592476489028,0.07886435331230283,0.5277862651963372,0.039345909749732046,10,204,4939,95
0.48690658807754517,0.046948356807511735,0.09523809523809523,0.960528874197939,0.06289308176100629,0.07898894154818326,0.5278834847180172,0.03957222016345966,10,203,4940,95
0.48721858859062195,0.04716981132075472,0.09523809523809523,0.9607233132412989,0.06309148264984227,0.07911392405063292,0.5279807042396971,0.03979978785200382,10,202,4941,95
0.4875514805316925,0.04739336492890995,0.09523809523809523,0.9609177522846588,0.06329113924050633,0.07923930269413629,0.5280779237613771,0.04002862708312362,10,201,4942,95
0.48755693435668945,0.047619047619047616,0.09523809523809523,0.9611121913280186,0.06349206349206349,0.07936507936507936,0.5281751432830569,0.04025875235711233,10,200,4943,95
0.48837873339653015,0.04784688995215311,0.09523809523809523,0.9613066303713785,0.06369426751592357,0.0794912559618442,0.5282723628047369,0.04049017841173832,10,199,4944,95
0.48862701654434204,0.04807692307692308,0.09523809523809523,0.9615010694147385,0.06389776357827476,0.07961783439490445,0.5283695823264168,0.040722920227315496,10,198,4945,95
0.48878613114356995,0.04830917874396135,0.09523809523809523,0.9616955084580984,0.0641025641025641,0.07974481658692185,0.5284668018480968,0.04095699303190734,10,197,4946,95
0.4890657365322113,0.04854368932038835,0.09523809523809523,0.9618899475014583,0.06430868167202572,0.07987220447284345,0.5285640213697768,0.041192412306668535,10,196,4947,95
0.48916229605674744,0.04878048780487805,0.09523809523809523,0.9620843865448182,0.06451612903225806,0.08,0.5286612408914567,0.04142919379132873,10,195,4948,95
0.4893239736557007,0.049019607843137254,0.09523809523809523,0.9622788255881781,0.06472491909385113,0.08012820512820513,0.5287584604131367,0.04166735348982276,10,194,4949,95
0.48933640122413635,0.04926108374384237,0.09523809523809523,0.962473264631538,0.06493506493506493,0.08025682182985554,0.5288556799348166,0.041906907676072205,10,193,4950,95
0.4893754720687866,0.04455445544554455,0.08571428571428572,0.962473264631538,0.05863192182410423,0.07234726688102894,0.5240937751729119,0.035074254832164725,9,193,4950,96
0.4894021451473236,0.04477611940298507,0.08571428571428572,0.962667703674898,0.058823529411764705,0.07246376811594203,0.5241909946945918,0.03529977624240515,9,192,4951,96
0.4895300269126892,0.045,0.08571428571428572,0.9628621427182579,0.05901639344262295,0.07258064516129033,0.5242882142162718,0.035526614298811696,9,191,4952,96
0.49023401737213135,0.04522613065326633,0.08571428571428572,0.9630565817616177,0.05921052631578947,0.07269789983844911,0.5243854337379517,0.03575478480267885,9,190,4953,96
0.4904829263687134,0.04040404040404041,0.0761904761904762,0.9630565817616177,0.052805280528052806,0.06472491909385113,0.5196235289760469,0.028842422484426575,8,190,4953,97
0.49063849449157715,0.04060913705583756,0.0761904761904762,0.9632510208049776,0.052980132450331126,0.06482982171799027,0.5197207484977269,0.029055911531373525,8,189,4954,97
0.4906502366065979,0.04081632653061224,0.0761904761904762,0.9634454598483375,0.053156146179401995,0.06493506493506493,0.5198179680194068,0.029270647119812625,8,188,4955,97
0.49098867177963257,0.041025641025641026,0.0761904761904762,0.9636398988916974,0.05333333333333334,0.06504065040650407,0.5199151875410868,0.029486644448249125,8,187,4956,97
0.4910168945789337,0.041237113402061855,0.0761904761904762,0.9638343379350574,0.05351170568561873,0.06514657980456026,0.5200124070627667,0.029703918982406388,8,186,4957,97
0.49116355180740356,0.04145077720207254,0.0761904761904762,0.9640287769784173,0.053691275167785234,0.06525285481239804,0.5201096265844467,0.029922486461362103,8,185,4958,97
0.49141445755958557,0.041666666666666664,0.0761904761904762,0.9642232160217772,0.05387205387205387,0.06535947712418301,0.5202068461061267,0.030142362903858428,8,184,4959,97
0.4914200007915497,0.041884816753926704,0.0761904761904762,0.9644176550651371,0.05405405405405406,0.06546644844517185,0.5203040656278066,0.030363564614792032,8,183,4960,97
0.4914795160293579,0.042105263157894736,0.0761904761904762,0.964612094108497,0.05423728813559322,0.06557377049180328,0.5204012851494866,0.03058610819189003,8,182,4961,97
0.4920775890350342,0.042328042328042326,0.0761904761904762,0.9648065331518569,0.05442176870748299,0.06568144499178982,0.5204985046711665,0.030810010532578272,8,181,4962,97
0.4924921989440918,0.0425531914893617,0.0761904761904762,0.9650009721952167,0.05460750853242321,0.06578947368421052,0.5205957241928465,0.031035288841048468,8,180,4963,97
0.4931676387786865,0.0427807486631016,0.0761904761904762,0.9651954112385767,0.0547945205479452,0.06589785831960461,0.5206929437145265,0.031261960635531126,8,179,4964,97
0.493190735578537,0.043010752688172046,0.0761904761904762,0.9653898502819366,0.054982817869415807,0.066006600660066,0.5207901632362064,0.031490043755781336,8,178,4965,97
0.49353787302970886,0.043243243243243246,0.0761904761904762,0.9655842893252965,0.05517241379310345,0.06611570247933884,0.5208873827578864,0.03171955637078493,8,177,4966,97
0.49376749992370605,0.043478260869565216,0.0761904761904762,0.9657787283686564,0.05536332179930796,0.06622516556291391,0.5209846022795663,0.03195051698669262,8,176,4967,97
0.4939458966255188,0.04371584699453552,0.0761904761904762,0.9659731674120163,0.05555555555555555,0.06633499170812604,0.5210818218012463,0.032182944454990266,8,175,4968,97
0.4942655563354492,0.04395604395604396,0.0761904761904762,0.9661676064553762,0.05574912891986063,0.0664451827242525,0.5211790413229263,0.03241685798091358,8,174,4969,97
0.4943009912967682,0.04419889502762431,0.0761904761904762,0.9663620454987362,0.055944055944055944,0.06655574043261231,0.5212762608446062,0.032652277132116,8,173,4970,97
0.49497273564338684,0.044444444444444446,0.0761904761904762,0.9665564845420961,0.056140350877192984,0.06666666666666667,0.5213734803662862,0.0328892218475988,8,172,4971,97
0.49500083923339844,0.03910614525139665,0.06666666666666667,0.9665564845420961,0.04929577464788732,0.05843071786310518,0.5166115756043814,0.025630440683516515,7,172,4971,98
0.4953981041908264,0.03932584269662921,0.06666666666666667,0.966750923585456,0.04946996466431095,0.05852842809364549,0.5167087951260614,0.025850209106078128,7,171,4972,98
0.4954932630062103,0.03954802259887006,0.06666666666666667,0.9669453626288159,0.04964539007092199,0.05862646566164154,0.5168060146477413,0.0260713912230451,7,170,4973,98
0.49567297101020813,0.03977272727272727,0.06666666666666667,0.9671398016721757,0.0498220640569395,0.0587248322147651,0.5169032341694212,0.02629400608090246,7,169,4974,98
0.4957160949707031,0.04,0.06666666666666667,0.9673342407155356,0.05,0.058823529411764705,0.5170004536911011,0.026518073096980347,7,168,4975,98
0.4958181381225586,0.040229885057471264,0.06666666666666667,0.9675286797588956,0.05017921146953405,0.058922558922558925,0.5170976732127811,0.026743612068893353,7,167,4976,98
0.496006578207016,0.04046242774566474,0.06666666666666667,0.9677231188022555,0.050359712230215826,0.05902192242833052,0.5171948927344611,0.026970643184276746,7,166,4977,98
0.4960557818412781,0.040697674418604654,0.06666666666666667,0.9679175578456154,0.05054151624548736,0.05912162162162162,0.517292112256141,0.02719918703083072,7,165,4978,98
0.49656936526298523,0.04093567251461988,0.06666666666666667,0.9681119968889753,0.050724637681159424,0.05922165820642978,0.517389331777821,0.02742926460668418,7,164,4979,98
0.49688720703125,0.041176470588235294,0.06666666666666667,0.9683064359323352,0.05090909090909091,0.059322033898305086,0.5174865512995009,0.02766089733109035,7,163,4980,98
0.49771299958229065,0.04142011834319527,0.06666666666666667,0.9685008749756951,0.051094890510948905,0.059422750424448216,0.5175837708211809,0.027894107055466705,7,162,4981,98
0.4980011284351349,0.041666666666666664,0.06666666666666667,0.9686953140190551,0.05128205128205128,0.05952380952380952,0.5176809903428609,0.028128916074792554,7,161,4982,98
0.4982948303222656,0.041916167664670656,0.06666666666666667,0.968889753062415,0.051470588235294115,0.059625212947189095,0.5177782098645408,0.028365347139378,7,160,4983,98
0.4986684024333954,0.04216867469879518,0.06666666666666667,0.9690841921057748,0.05166051660516605,0.059726962457337884,0.5178754293862208,0.02860342346701882,7,159,4984,98
0.4994245171546936,0.04242424242424243,0.06666666666666667,0.9692786311491347,0.05185185185185185,0.05982905982905983,0.5179726489079007,0.028843168755552193,7,158,4985,98
0.5005042552947998,0.042682926829268296,0.06666666666666667,0.9694730701924946,0.05204460966542751,0.059931506849315065,0.5180698684295807,0.029084607195829205,7,157,4986,98
0.5006210207939148,0.04294478527607362,0.06666666666666667,0.9696675092358545,0.05223880597014925,0.060034305317324184,0.5181670879512607,0.0293277634851205,7,156,4987,98
0.5007385611534119,0.043209876543209874,0.06666666666666667,0.9698619482792145,0.052434456928838954,0.06013745704467354,0.5182643074729406,0.029572662840972354,7,155,4988,98
0.5014374256134033,0.043478260869565216,0.06666666666666667,0.9700563873225744,0.05263157894736842,0.060240963855421686,0.5183615269946206,0.029819331015531286,7,154,4989,98
0.5015451312065125,0.04375,0.06666666666666667,0.9702508263659343,0.052830188679245285,0.0603448275862069,0.5184587465163005,0.03006779431035595,7,153,4990,98
0.5018259286880493,0.0440251572327044,0.06666666666666667,0.9704452654092942,0.05303030303030303,0.06044905008635579,0.5185559660379805,0.030318079591736262,7,152,4991,98
0.5019379258155823,0.04430379746835443,0.06666666666666667,0.9706397044526541,0.053231939163498096,0.06055363321799308,0.5186531855596604,0.030570214306540288,7,151,4992,98
0.5022441148757935,0.044585987261146494,0.06666666666666667,0.970834143496014,0.05343511450381679,0.060658578856152515,0.5187504050813404,0.030824226498610684,7,150,4993,98
0.5025539994239807,0.04487179487179487,0.06666666666666667,0.9710285825393739,0.05363984674329502,0.06076388888888889,0.5188476246030203,0.03108014482573345,7,149,4994,98
0.5031202435493469,0.04516129032258064,0.06666666666666667,0.9712230215827338,0.05384615384615385,0.06086956521739131,0.5189448441247002,0.031337998577202625,7,148,4995,98
0.5032492876052856,0.045454545454545456,0.06666666666666667,0.9714174606260937,0.05405405405405406,0.06097560975609756,0.5190420636463802,0.03159781769200618,7,147,4996,98
0.5036615133285522,0.0457516339869281,0.06666666666666667,0.9716118996694536,0.05426356589147287,0.06108202443280977,0.5191392831680601,0.03185963277765899,7,146,4997,98
0.5039099454879761,0.046052631578947366,0.06666666666666667,0.9718063387128135,0.054474708171206226,0.06118881118881119,0.5192365026897401,0.03212347512971059,7,145,4998,98
0.5039858222007751,0.046357615894039736,0.06666666666666667,0.9720007777561734,0.0546875,0.06129597197898424,0.51933372221142,0.03238937675195645,7,144,4999,98
0.5041643381118774,0.04666666666666667,0.06666666666666667,0.9721952167995334,0.054901960784313725,0.06140350877192982,0.5194309417331,0.032657370377383,7,143,5000,98
0.5043705701828003,0.04697986577181208,0.06666666666666667,0.9723896558428933,0.05511811023622047,0.061511423550087874,0.51952816125478,0.03292748948987822,7,142,5001,98
0.5044435858726501,0.0472972972972973,0.06666666666666667,0.9725840948862532,0.05533596837944664,0.061619718309859156,0.5196253807764599,0.03319976834674117,7,141,5002,98
0.5046664476394653,0.047619047619047616,0.06666666666666667,0.9727785339296131,0.05555555555555555,0.06172839506172839,0.5197226002981399,0.033474242002025555,7,140,5003,98
0.505084216594696,0.04794520547945205,0.06666666666666667,0.972972972972973,0.055776892430278883,0.061837455830388695,0.5198198198198198,0.03375094633075407,7,139,5004,98
0.5061861276626587,0.04827586206896552,0.06666666666666667,0.9731674120163328,0.056,0.061946902654867256,0.5199170393414998,0.034029918054042416,7,138,5005,98
0.5062957406044006,0.04861111111111111,0.06666666666666667,0.9733618510596928,0.05622489959839357,0.06205673758865248,0.5200142588631798,0.034311194765173664,7,137,5006,98
0.5068401098251343,0.04895104895104895,0.06666666666666667,0.9735562901030527,0.056451612903225805,0.06216696269982238,0.5201114783848597,0.03459481495666588,7,136,5007,98
0.5073652863502502,0.04929577464788732,0.06666666666666667,0.9737507291464126,0.05668016194331984,0.06227758007117438,0.5202086979065397,0.034880818048378164,7,135,5008,98
0.5077129602432251,0.04964539007092199,0.06666666666666667,0.9739451681897725,0.056910569105691054,0.062388591800356503,0.5203059174282196,0.035169244416702564,7,134,5009,98
0.5081032514572144,0.05,0.06666666666666667,0.9741396072331324,0.05714285714285714,0.0625,0.5204031369498996,0.03546013542489197,7,133,5010,98
0.5086709260940552,0.050359712230215826,0.06666666666666667,0.9743340462764923,0.05737704918032787,0.0626118067978533,0.5205003564715796,0.03575353345457681,7,132,5011,98
0.508895754814148,0.050724637681159424,0.06666666666666667,0.9745284853198523,0.05761316872427984,0.06272401433691756,0.5205975759932595,0.036049481938525876,7,131,5012,98
0.5090081095695496,0.051094890510948905,0.06666666666666667,0.9747229243632122,0.05785123966942149,0.06283662477558348,0.5206947955149395,0.036348025394710264,7,130,5013,98
0.5092083811759949,0.051470588235294115,0.06666666666666667,0.9749173634065721,0.058091286307053944,0.06294964028776978,0.5207920150366194,0.036649209461731926,7,129,5014,98
0.5092524290084839,0.05185185185185185,0.06666666666666667,0.9751118024499319,0.058333333333333334,0.06306306306306306,0.5208892345582993,0.036953080935682274,7,128,5015,98
0.5094597339630127,0.05223880597014925,0.06666666666666667,0.9753062414932918,0.058577405857740586,0.0631768953068592,0.5209864540799792,0.03725968780849966,7,127,5016,98
0.5107471942901611,0.05263157894736842,0.06666666666666667,0.9755006805366517,0.058823529411764705,0.06329113924050633,0.5210836736016592,0.03756907930789845,7,126,5017,98
0.5109735727310181,0.05303030303030303,0.06666666666666667,0.9756951195800116,0.05907172995780591,0.06340579710144928,0.5211808931233392,0.03788130593894656,7,125,5018,98
0.5114783644676208,0.05343511450381679,0.06666666666666667,0.9758895586233716,0.059322033898305086,0.06352087114337568,0.5212781126450191,0.038196419527372676,7,124,5019,98
0.5125351548194885,0.05384615384615385,0.06666666666666667,0.9760839976667315,0.059574468085106386,0.06363636363636363,0.5213753321666991,0.03851447326468906,7,123,5020,98
0.5126171708106995,0.05426356589147287,0.06666666666666667,0.9762784367100914,0.05982905982905983,0.06375227686703097,0.521472551688379,0.03883552175522071,7,122,5021,98
0.5127501487731934,0.0546875,0.06666666666666667,0.9764728757534513,0.060085836909871244,0.06386861313868614,0.521569771210059,0.03915962106513712,7,121,5022,98
0.5129380226135254,0.05511811023622047,0.06666666666666667,0.9766673147968112,0.0603448275862069,0.06398537477148081,0.5216669907317389,0.039486828773588355,7,120,5023,98
0.5130308866500854,0.05555555555555555,0.06666666666666667,0.9768617538401712,0.06060606060606061,0.0641025641025641,0.5217642102534189,0.039817204026053286,7,119,5024,98
0.5130433440208435,0.056,0.06666666666666667,0.977056192883531,0.06086956521739131,0.06422018348623854,0.5218614297750989,0.040150807590014194,7,118,5025,98
0.5130879282951355,0.056451612903225805,0.06666666666666667,0.9772506319268909,0.0611353711790393,0.06433823529411764,0.5219586492967788,0.04048770191307886,7,117,5026,98
0.5132075548171997,0.056910569105691054,0.06666666666666667,0.9774450709702508,0.06140350877192982,0.06445672191528545,0.5220558688184588,0.040827951183678685,7,116,5027,98
0.5135493874549866,0.05737704918032787,0.06666666666666667,0.9776395100136107,0.06167400881057269,0.06457564575645756,0.5221530883401387,0.04117162139447895,7,115,5028,98
0.514103353023529,0.05785123966942149,0.06666666666666667,0.9778339490569706,0.061946902654867256,0.06469500924214418,0.5222503078618187,0.0415187804086462,7,114,5029,98
0.514213502407074,0.058333333333333334,0.06666666666666667,0.9780283881003305,0.06222222222222222,0.06481481481481481,0.5223475273834987,0.041869498029126234,7,113,5030,98
0.5142536163330078,0.058823529411764705,0.06666666666666667,0.9782228271436905,0.0625,0.06493506493506493,0.5224447469051786,0.04222384607109612,7,112,5031,98
0.5143322348594666,0.059322033898305086,0.06666666666666667,0.9784172661870504,0.06278026905829596,0.06505576208178439,0.5225419664268586,0.042581898437763874,7,111,5032,98
0.5145313143730164,0.05128205128205128,0.05714285714285714,0.9784172661870504,0.05405405405405406,0.055865921787709494,0.5177800616649537,0.03372657438255503,6,111,5032,99
0.5146165490150452,0.05172413793103448,0.05714285714285714,0.9786117052304103,0.05429864253393665,0.055970149253731345,0.5178772811866337,0.0340535239071891,6,110,5033,99
0.5148425102233887,0.043478260869565216,0.047619047619047616,0.9786117052304103,0.045454545454545456,0.04672897196261682,0.5131153764247289,0.025088755251758136,5,110,5033,100
0.5148430466651917,0.043859649122807015,0.047619047619047616,0.9788061442737702,0.045662100456621,0.04681647940074907,0.5132125959464089,0.025382868718537913,5,109,5034,100
0.5151796936988831,0.04424778761061947,0.047619047619047616,0.97900058331713,0.045871559633027525,0.04690431519699812,0.5133098154680888,0.025680028179249775,5,108,5035,100
0.5152144432067871,0.044642857142857144,0.047619047619047616,0.9791950223604899,0.04608294930875576,0.046992481203007516,0.5134070349897688,0.025980298184062427,5,107,5036,100
0.5153937935829163,0.04504504504504504,0.047619047619047616,0.9793894614038499,0.046296296296296294,0.047080979284369114,0.5135042545114488,0.026283745267018037,5,106,5037,100
0.5158820748329163,0.045454545454545456,0.047619047619047616,0.9795839004472098,0.046511627906976744,0.04716981132075472,0.5136014740331287,0.026590438025937052,5,105,5038,100
0.5159767866134644,0.045871559633027525,0.047619047619047616,0.9797783394905697,0.04672897196261682,0.04725897920604915,0.5136986935548087,0.02690044720631131,5,104,5039,100
0.5163956880569458,0.037037037037037035,0.0380952380952381,0.9797783394905697,0.03755868544600939,0.03787878787878788,0.5089367887929039,0.017628727487215865,4,104,5039,101
0.5164583325386047,0.037383177570093455,0.0380952380952381,0.9799727785339296,0.03773584905660377,0.03795066413662239,0.5090340083145839,0.01790184128902619,4,103,5040,101
0.5165011286735535,0.03773584905660377,0.0380952380952381,0.9801672175772895,0.037914691943127965,0.03802281368821293,0.5091312278362639,0.01817787521090253,4,102,5041,101
0.5165169835090637,0.0380952380952381,0.0380952380952381,0.9803616566206494,0.0380952380952381,0.0380952380952381,0.5092284473579438,0.01845689471588752,4,101,5042,101
0.5170103311538696,0.038461538461538464,0.0380952380952381,0.9805560956640094,0.03827751196172249,0.03816793893129771,0.5093256668796238,0.01873896740573326,4,100,5043,101
0.5175357460975647,0.038834951456310676,0.0380952380952381,0.9807505347073693,0.038461538461538464,0.03824091778202677,0.5094228864013037,0.019024163112675588,4,99,5044,101
0.5176839232444763,0.0392156862745098,0.0380952380952381,0.9809449737507292,0.03864734299516908,0.038314176245210725,0.5095201059229837,0.01931255399609552,4,98,5045,101
0.519463300704956,0.039603960396039604,0.0380952380952381,0.981139412794089,0.038834951456310676,0.03838771593090211,0.5096173254446635,0.019604214644379503,4,97,5046,101
0.5199618935585022,0.04,0.0380952380952381,0.9813338518374489,0.03902439024390244,0.038461538461538464,0.5097145449663435,0.019899222182313,4,96,5047,101
0.5207626819610596,0.04040404040404041,0.0380952380952381,0.9815282908808088,0.0392156862745098,0.038535645472061654,0.5098117644880235,0.020197656384367553,4,95,5048,101
0.5211255550384521,0.04081632653061224,0.0380952380952381,0.9817227299241688,0.03940886699507389,0.03861003861003861,0.5099089840097034,0.020499599794268377,4,94,5049,101
0.5216293334960938,0.041237113402061855,0.0380952380952381,0.9819171689675287,0.039603960396039604,0.03868471953578337,0.5100062035313834,0.020805137851259578,4,93,5050,101
0.522545337677002,0.041666666666666664,0.0380952380952381,0.9821116080108886,0.03980099502487562,0.03875968992248062,0.5101034230530633,0.021114359023516174,4,92,5051,101
0.5233675241470337,0.042105263157894736,0.0380952380952381,0.9823060470542485,0.04,0.038834951456310676,0.5102006425747433,0.02142735494918743,4,91,5052,101
0.5235543251037598,0.0425531914893617,0.0380952380952381,0.9825004860976084,0.04020100502512563,0.038910505836575876,0.5102978620964232,0.02174422058559442,4,90,5053,101
0.523870587348938,0.043010752688172046,0.0380952380952381,0.9826949251409683,0.04040404040404041,0.03898635477582846,0.5103950816181032,0.022065054367146415,4,89,5054,101
0.5242765545845032,0.03260869565217391,0.02857142857142857,0.9826949251409683,0.030456852791878174,0.029296875,0.5056331768561985,0.012020870697036414,3,89,5054,102
0.524941086769104,0.03296703296703297,0.02857142857142857,0.9828893641843283,0.030612244897959183,0.029354207436399216,0.5057303963778784,0.012294144381418532,3,88,5055,102
0.5263193249702454,0.03333333333333333,0.02857142857142857,0.9830838032276881,0.03076923076923077,0.029411764705882353,0.5058276158995583,0.012570770660813323,3,87,5056,102
0.5266942977905273,0.033707865168539325,0.02857142857142857,0.983278242271048,0.030927835051546393,0.029469548133595286,0.5059248354212382,0.012850837478825443,3,86,5057,102
0.5267124772071838,0.03409090909090909,0.02857142857142857,0.9834726813144079,0.031088082901554404,0.02952755905511811,0.5060220549429182,0.013134436161086074,3,85,5058,102
0.5273535847663879,0.034482758620689655,0.02857142857142857,0.9836671203577678,0.03125,0.029585798816568046,0.5061192744645981,0.013421661586638146,3,84,5059,102
0.5284584164619446,0.03488372093023256,0.02857142857142857,0.9838615594011277,0.031413612565445025,0.029644268774703556,0.5062164939862781,0.013712612370126687,3,83,5060,102
0.5287600159645081,0.03529411764705882,0.02857142857142857,0.9840559984444877,0.031578947368421054,0.0297029702970297,0.5063137135079581,0.014007391055611608,3,82,5061,102
0.5287911891937256,0.03571428571428571,0.02857142857142857,0.9842504374878476,0.031746031746031744,0.02976190476190476,0.506410933029638,0.014306104322892591,3,81,5062,102
0.5292463898658752,0.03614457831325301,0.02857142857142857,0.9844448765312075,0.031914893617021274,0.02982107355864811,0.506508152551318,0.014608863207315383,3,80,5063,102
0.5296348333358765,0.036585365853658534,0.02857142857142857,0.9846393155745674,0.03208556149732621,0.029880478087649404,0.5066053720729979,0.01491578333411675,3,79,5064,102
0.5305576920509338,0.037037037037037035,0.02857142857142857,0.9848337546179273,0.03225806451612903,0.029940119760479042,0.5067025915946779,0.015226985168462335,3,78,5065,102
0.5314089059829712,0.0375,0.02857142857142857,0.9850281936612871,0.032432432432432434,0.03,0.5067998111163579,0.015542594282438938,3,77,5066,102
0.5335522890090942,0.0379746835443038,0.02857142857142857,0.985222632704647,0.03260869565217391,0.03006012024048096,0.5068970306380378,0.01586274164038148,3,76,5067,102
0.5339995622634888,0.038461538461538464,0.02857142857142857,0.985417071748007,0.03278688524590164,0.030120481927710843,0.5069942501597178,0.01618756390404646,3,75,5068,102
0.5347998142242432,0.03896103896103896,0.02857142857142857,0.9856115107913669,0.03296703296703297,0.030181086519114688,0.5070914696813977,0.01651720375928974,3,74,5069,102
0.5352782607078552,0.039473684210526314,0.02857142857142857,0.9858059498347268,0.03314917127071823,0.03024193548387097,0.5071886892030777,0.01685181026606859,3,73,5070,102
0.5355432629585266,0.04,0.02857142857142857,0.9860003888780867,0.03333333333333333,0.030303030303030304,0.5072859087247577,0.017191539233768517,3,72,5071,102
0.5357553958892822,0.04054054054054054,0.02857142857142857,0.9861948279214466,0.0335195530726257,0.030364372469635626,0.5073831282464376,0.017536553624056223,3,71,5072,102
0.5362279415130615,0.0410958904109589,0.02857142857142857,0.9863892669648066,0.033707865168539325,0.030425963488843813,0.5074803477681176,0.01788702398368442,3,70,5073,102
0.5379819869995117,0.041666666666666664,0.02857142857142857,0.9865837060081665,0.03389830508474576,0.03048780487804878,0.5075775672897975,0.018243128909924702,3,69,5074,102
0.538557767868042,0.04225352112676056,0.02857142857142857,0.9867781450515264,0.03409090909090909,0.03054989816700611,0.5076747868114775,0.018605055551584957,3,68,5075,102
0.5386506915092468,0.04285714285714286,0.02857142857142857,0.9869725840948863,0.03428571428571429,0.030612244897959183,0.5077720063331574,0.018973000148881813,3,67,5076,102
0.5397453904151917,0.043478260869565216,0.02857142857142857,0.9871670231382461,0.034482758620689655,0.03067484662576687,0.5078692258548373,0.019347168615791253,3,66,5077,102
0.540269672870636,0.04411764705882353,0.02857142857142857,0.987361462181606,0.03468208092485549,0.030737704918032786,0.5079664453765173,0.01972777716889655,3,65,5078,102
0.5409691333770752,0.04477611940298507,0.02857142857142857,0.987555901224966,0.03488372093023256,0.030800821355236138,0.5080636648981972,0.020115053007198867,3,64,5079,102
0.5410489439964294,0.045454545454545456,0.02857142857142857,0.9877503402683259,0.03508771929824561,0.030864197530864196,0.5081608844198772,0.02050923504785904,3,63,5080,102
0.5410914421081543,0.046153846153846156,0.02857142857142857,0.9879447793116858,0.03529411764705882,0.030927835051546393,0.5082581039415571,0.020910574723407377,3,62,5081,102
0.5411725044250488,0.046875,0.02857142857142857,0.9881392183550457,0.03550295857988166,0.030991735537190084,0.5083553234632371,0.021319336846601766,3,61,5082,102
0.5413908958435059,0.047619047619047616,0.02857142857142857,0.9883336573984056,0.03571428571428571,0.031055900621118012,0.508452542984917,0.0217358005498439,3,60,5083,102
0.5421437621116638,0.04838709677419355,0.02857142857142857,0.9885280964417655,0.03592814371257485,0.03112033195020747,0.508549762506597,0.022160260306892162,3,59,5084,102
0.5422917604446411,0.04918032786885246,0.02857142857142857,0.9887225354851255,0.03614457831325301,0.031185031185031187,0.508646982028277,0.02259302704555324,3,58,5085,102
0.5432642698287964,0.05,0.02857142857142857,0.9889169745284854,0.03636363636363636,0.03125,0.5087442015499569,0.02303442936111052,3,57,5086,102
0.5439566969871521,0.05084745762711865,0.02857142857142857,0.9891114135718452,0.036585365853658534,0.031315240083507306,0.5088414210716369,0.0234848148414773,3,56,5087,102
0.5449813008308411,0.05172413793103448,0.02857142857142857,0.9893058526152051,0.03680981595092025,0.03138075313807531,0.5089386405933168,0.02394455151647171,3,55,5088,102
0.5472328066825867,0.03508771929824561,0.01904761904761905,0.9893058526152051,0.024691358024691357,0.020964360587002098,0.5041767358314121,0.011285140570490982,2,55,5088,103
0.5472450256347656,0.03571428571428571,0.01904761904761905,0.989500291658565,0.024844720496894408,0.02100840336134454,0.504273955353092,0.011649345691844757,2,54,5089,103
0.5477214455604553,0.03636363636363636,0.01904761904761905,0.9896947307019249,0.025,0.021052631578947368,0.504371174874772,0.012020999599721045,2,53,5090,103
0.547941267490387,0.037037037037037035,0.01904761904761905,0.9898891697452848,0.025157232704402517,0.02109704641350211,0.504468394396452,0.01240042452370238,2,52,5091,103
0.5484858751296997,0.03773584905660377,0.01904761904761905,0.9900836087886448,0.02531645569620253,0.021141649048625793,0.5045656139181319,0.012787963266519225,2,51,5092,103
0.5490462779998779,0.038461538461538464,0.01904761904761905,0.9902780478320047,0.025477707006369428,0.0211864406779661,0.5046628334398119,0.013183980946853996,2,50,5093,103
0.5492992401123047,0.0392156862745098,0.01904761904761905,0.9904724868753646,0.02564102564102564,0.021231422505307854,0.5047600529614918,0.013588866927198458,2,49,5094,103
0.5495871305465698,0.04,0.01904761904761905,0.9906669259187245,0.025806451612903226,0.02127659574468085,0.5048572724831718,0.014003036950525292,2,48,5095,103
0.5497360229492188,0.04081632653061224,0.01904761904761905,0.9908613649620844,0.025974025974025976,0.021321961620469083,0.5049544920048518,0.01442693551313365,2,47,5096,103
0.5517412424087524,0.041666666666666664,0.01904761904761905,0.9910558040054442,0.026143790849673203,0.021367521367521368,0.5050517115265316,0.01486103850525871,2,46,5097,103
0.5518233776092529,0.0425531914893617,0.01904761904761905,0.9912502430488042,0.02631578947368421,0.021413276231263382,0.5051489310482116,0.015305856156023414,2,45,5098,103
0.5526187419891357,0.043478260869565216,0.01904761904761905,0.9914446820921641,0.026490066225165563,0.02145922746781116,0.5052461505698915,0.015761936325212014,2,44,5099,103
0.5529046654701233,0.044444444444444446,0.01904761904761905,0.991639121135524,0.02666666666666667,0.021505376344086023,0.5053433700915715,0.016229868191350503,2,43,5100,103
0.5550481677055359,0.045454545454545456,0.01904761904761905,0.9918335601788839,0.026845637583892617,0.021551724137931036,0.5054405896132514,0.016710286393925314,2,42,5101,103
0.5560293793678284,0.046511627906976744,0.01904761904761905,0.9920279992222438,0.02702702702702703,0.02159827213822894,0.5055378091349314,0.017203875697552027,2,41,5102,103
0.5562103986740112,0.047619047619047616,0.01904761904761905,0.9922224382656037,0.027210884353741496,0.021645021645021644,0.5056350286566114,0.017711376257886845,2,40,5103,103
0.5566458106040955,0.04878048780487805,0.01904761904761905,0.9924168773089637,0.0273972602739726,0.021691973969631236,0.5057322481782913,0.018233589583514676,2,39,5104,103
0.5570775866508484,0.05,0.01904761904761905,0.9926113163523236,0.027586206896551724,0.021739130434782608,0.5058294676999713,0.01877138530552787,2,38,5105,103
0.5572918653488159,0.05128205128205128,0.01904761904761905,0.9928057553956835,0.027777777777777776,0.02178649237472767,0.5059266872216512,0.019325708887762624,2,37,5106,103
0.5579971075057983,0.05263157894736842,0.01904761904761905,0.9930001944390433,0.027972027972027972,0.021834061135371178,0.5060239067433312,0.01989759043662024,2,36,5107,103
0.5589376091957092,0.05405405405405406,0.01904761904761905,0.9931946334824032,0.028169014084507043,0.02188183807439825,0.5061211262650112,0.020488154801265517,2,35,5108,103
0.5613071918487549,0.05555555555555555,0.01904761904761905,0.9933890725257631,0.028368794326241134,0.021929824561403508,0.5062183457866911,0.02109863319430815,2,34,5109,103
0.5625668168067932,0.05714285714285714,0.01904761904761905,0.9935835115691231,0.02857142857142857,0.02197802197802198,0.5063155653083711,0.021730376611837566,2,33,5110,103
0.5647974014282227,0.058823529411764705,0.01904761904761905,0.993777950612483,0.02877697841726619,0.022026431718061675,0.506412784830051,0.022384871392512835,2,32,5111,103
0.5669494867324829,0.06060606060606061,0.01904761904761905,0.9939723896558429,0.028985507246376812,0.02207505518763797,0.506510004351731,0.023063757331746964,2,31,5112,103
0.5682976245880127,0.0625,0.01904761904761905,0.9941668286992028,0.029197080291970802,0.022123893805309734,0.506607223873411,0.02376884886342672,2,30,5113,103
0.5687147378921509,0.06451612903225806,0.01904761904761905,0.9943612677425627,0.029411764705882353,0.022172949002217297,0.5067044433950909,0.024502159944162848,2,29,5114,103
0.5691445469856262,0.06666666666666667,0.01904761904761905,0.9945557067859226,0.02962962962962963,0.022222222222222223,0.5068016629167709,0.025265933431966436,2,28,5115,103
0.569155752658844,0.06896551724137931,0.01904761904761905,0.9947501458292826,0.029850746268656716,0.022271714922048998,0.5068988824384508,0.026062675953631383,2,27,5116,103
0.569725751876831,0.07142857142857142,0.01904761904761905,0.9949445848726425,0.03007518796992481,0.022321428571428572,0.5069961019601308,0.026895199518236025,2,26,5117,103
0.5716971158981323,0.07407407407407407,0.01904761904761905,0.9951390239160023,0.030303030303030304,0.02237136465324385,0.5070933214818106,0.027766671479202695,2,25,5118,103
0.5736159086227417,0.038461538461538464,0.009523809523809525,0.9951390239160023,0.015267175572519083,0.011210762331838564,0.5023314167199059,0.009299245352552256,1,25,5118,104
0.5754751563072205,0.04,0.009523809523809525,0.9953334629593622,0.015384615384615385,0.011235955056179775,0.5024286362415858,0.009877916749674217,1,24,5119,104
0.5761458873748779,0.041666666666666664,0.009523809523809525,0.9955279020027221,0.015503875968992248,0.01126126126126126,0.5025258557632658,0.010484174705426813,1,23,5120,104
0.576328694820404,0.043478260869565216,0.009523809523809525,0.995722341046082,0.015625,0.011286681715575621,0.5026230752849458,0.011120814521378941,1,22,5121,104
0.5776803493499756,0.045454545454545456,0.009523809523809525,0.995916780089442,0.015748031496062992,0.011312217194570135,0.5027202948066257,0.011791059655958037,1,21,5122,104
0.5787001848220825,0.047619047619047616,0.009523809523809525,0.9961112191328019,0.015873015873015872,0.011337868480725623,0.5028175143283057,0.012498651052622354,1,20,5123,104
0.579223096370697,0.05,0.009523809523809525,0.9963056581761618,0.016,0.011363636363636364,0.5029147338499856,0.013247960504607983,1,19,5124,104
0.5812727212905884,0.05263157894736842,0.009523809523809525,0.9965000972195217,0.016129032258064516,0.011389521640091117,0.5030119533716656,0.014044136122211101,1,18,5125,104
0.5840268731117249,0.05555555555555555,0.009523809523809525,0.9966945362628816,0.016260162601626018,0.01141552511415525,0.5031091728933456,0.014893291269301685,1,17,5126,104
0.5883424878120422,0.058823529411764705,0.009523809523809525,0.9968889753062415,0.01639344262295082,0.011441647597254004,0.5032063924150255,0.015802753258276868,1,16,5127,104
0.5899129509925842,0.0625,0.009523809523809525,0.9970834143496013,0.01652892561983471,0.011467889908256881,0.5033036119367055,0.01678139558331623,1,15,5128,104
0.5904529690742493,0.06666666666666667,0.009523809523809525,0.9972778533929613,0.016666666666666666,0.011494252873563218,0.5034008314583854,0.017840089127908416,1,14,5129,104
0.5908480882644653,0.07142857142857142,0.009523809523809525,0.9974722924363212,0.01680672268907563,0.01152073732718894,0.5034980509800654,0.018992326377615824,1,13,5130,104
0.5962708592414856,0.07692307692307693,0.009523809523809525,0.9976667314796811,0.01694915254237288,0.011547344110854504,0.5035952705017454,0.020255103173355653,1,12,5131,104
0.5981838703155518,0.08333333333333333,0.009523809523809525,0.997861170523041,0.017094017094017096,0.011574074074074073,0.5036924900234253,0.0216501941849223,1,11,5132,104
0.598848283290863,0.09090909090909091,0.009523809523809525,0.9980556095664009,0.017241379310344827,0.01160092807424594,0.5037897095451053,0.023206048919321497,1,10,5133,104
0.5991693139076233,0.1,0.009523809523809525,0.9982500486097609,0.017391304347826087,0.011627906976744186,0.5038869290667852,0.024960700858295458,1,9,5134,104
0.6024873852729797,0.1111111111111111,0.009523809523809525,0.9984444876531208,0.017543859649122806,0.011655011655011656,0.5039841485884652,0.026966400509298223,1,8,5135,104
0.6043736338615417,0.125,0.009523809523809525,0.9986389266964807,0.017699115044247787,0.011682242990654205,0.5040813681101451,0.029297329612112122,1,7,5136,104
0.6073452830314636,0.14285714285714285,0.009523809523809525,0.9988333657398406,0.017857142857142856,0.0117096018735363,0.5041785876318251,0.032063159980753535,1,6,5137,104
0.6094914078712463,0.16666666666666666,0.009523809523809525,0.9990278047832004,0.018018018018018018,0.011737089201877934,0.504275807153505,0.035434546864101475,1,5,5138,104
0.6128296256065369,0.2,0.009523809523809525,0.9992222438265603,0.01818181818181818,0.011764705882352941,0.5043730266751849,0.03969539271377259,1,4,5139,104
0.6300488114356995,0.25,0.009523809523809525,0.9994166828699202,0.01834862385321101,0.01179245283018868,0.5044702461968649,0.04536312998482146,1,3,5140,104
0.6362861394882202,0.3333333333333333,0.009523809523809525,0.9996111219132802,0.018518518518518517,0.01182033096926714,0.5045674657185448,0.05351491379083277,1,2,5141,104
0.6458929181098938,0.0,0.0,0.9996111219132802,0.0,0.0,0.4998055609566401,-0.002789891039812487,0,2,5141,105
0.6686853170394897,0.0,0.0,0.9998055609566401,0.0,0.0,0.49990278047832004,-0.001972562875607693,0,1,5142,105
